path,name_zh,name_en,blurb,keywords,evidence_url
二次元与同人/Cosplay与道具/时尚亚文化穿搭/Decora装饰系,Decora装饰系穿搭,Decora,同人做「Decora装饰系穿搭」（Decora）。,Decora装饰系穿搭|Decora|Cosplay与道具|时尚亚文化穿搭,https://en.wikipedia.org/wiki/Decora_(fashion)
二次元与同人/Cosplay与道具/时尚亚文化穿搭/EGL洛丽塔时尚,EGL洛丽塔时尚社群,EGL Lolita Fashion,同人做「EGL洛丽塔时尚社群」的同好圈。,EGL洛丽塔时尚社群|EGL|Lolita|Fashion|Cosplay与道具|时尚亚文化穿搭,https://www.animeboston.com/news/article/1076
二次元与同人/Cosplay与道具/时尚亚文化穿搭/Furry兽装社群,Furry兽装爱好社群,Furry Fandom,同人做「Furry兽装爱好社群」（Furry Fandom）。,Furry兽装爱好社群|Furry|Fandom|Cosplay与道具|时尚亚文化穿搭,https://www.anthrocon.org/about/
二次元与同人/Cosplay与道具/时尚亚文化穿搭/Visual Kei,Visual Kei视觉系,Visual Kei,同人做「Visual Kei视觉系」（Visual Kei）。,Visual Kei视觉系|Visual|Kei|Cosplay与道具|时尚亚文化穿搭,https://en.wikipedia.org/wiki/Visual_kei
二次元与同人/Cosplay与道具/材料与头雕/纸样工业打版研究,纸样工业打版研究,Industrial Pattern-drafting for Costumes,同人做「纸样工业打版研究」的同好圈。,纸样工业打版研究|Industrial|Pattern-drafting|Costumes|Cosplay与道具|材料与头雕,
二次元与同人/Cosplay与道具/材料与头雕/车库套件原模雕刻,车库套件原模雕刻,Garage-kit Original Sculpt Circles,同人做「车库套件原模雕刻」的同好圈。,车库套件原模雕刻|Garage-kit|Original|Sculpt|Circles|Cosplay与道具|材料与头雕,https://en.wikipedia.org/wiki/Garage_kit
二次元与同人/Cosplay与道具/材料盔甲/热成型EVA板甲,热成型EVA板甲,Thermoformed EVA Plate Armor,同人做「热成型EVA板甲」的同好圈。,热成型EVA板甲|EVA|Thermoformed|Plate|Armor|Cosplay与道具|材料盔甲,
二次元与同人/Cosplay与道具/漫展更衣室志愿协调,漫展更衣室志愿协调,Cosplay Green Room Volunteer Coordination,同人做「漫展更衣室志愿协调」的同好圈。,漫展更衣室志愿协调|Cosplay|Green|Room|Volunteer|Coordination|Cosplay与道具,https://en.wikipedia.org/wiki/Cosplay
二次元与同人/Cosplay与道具/赛前盔甲试穿互助会,赛前盔甲试穿互助会,Pre-Con Armor Fit Mutual-Aid Circle,同人做「赛前盔甲试穿互助会」的同好圈。,赛前盔甲试穿互助会|Pre-Con|Armor|Fit|Mutual-Aid|Circle|Cosplay与道具,https://en.wikipedia.org/wiki/Cosplay
二次元与同人/Cosplay与道具/道具枪与盔甲制作,道具枪与盔甲制作,Prop & Armor Crafting,同人做「道具枪与盔甲制作」的同好圈。,道具枪与盔甲制作|Prop|Armor|Crafting|Cosplay与道具,https://www.cosplay.com/
二次元与同人/中文同人语音剧配音棚业余,中文同人语音剧配音棚业余,Chinese Doujin Audio-drama Amateur Booths,同人做「中文同人语音剧配音棚业余」的同好圈。,中文同人语音剧配音棚业余|Chinese|Doujin|Audio-drama|Booths,
二次元与同人/动画漫画/制作技艺/MAD剪辑时间轴技艺,MAD剪辑时间轴技艺,MAD Edit Timeline Craft Circles,同人做「MAD剪辑时间轴技艺」的同好圈。,MAD剪辑时间轴技艺|MAD|Edit|Timeline|Craft|Circles|动画漫画|制作技艺,
二次元与同人/动画漫画/制作技艺/UTAU音源制作圈,UTAU音源制作圈,UTAU Voicebank Maker Circles,同人做「UTAU音源制作圈」的同好圈。,UTAU音源制作圈|UTAU|Voicebank|Maker|Circles|动画漫画|制作技艺,https://en.wikipedia.org/wiki/UTAU
二次元与同人/动画漫画/制作技艺/同人音乐编曲DAW社,同人音乐编曲DAW社,Doujin Music DAW Arrangement Circles,同人做「同人音乐编曲DAW社」的同好圈。,同人音乐编曲DAW社|DAW|Doujin|Music|Arrangement|Circles|动画漫画|制作技艺,
二次元与同人/动画漫画/垂直作品圈/Vocaloid原创曲圈,Vocaloid原创曲圈,Vocaloid Producer Scene,同人做「Vocaloid原创曲圈」的同好圈。,Vocaloid原创曲圈|Vocaloid|Producer|Scene|动画漫画|垂直作品圈,https://vocadb.net/
二次元与同人/动画漫画/垂直作品圈/东方Project同人生态,东方Project同人生态,Touhou Project Fandom,同人做「东方Project同人生态」的同好圈。,东方Project同人生态|Project|Touhou|Fandom|动画漫画|垂直作品圈,https://en.touhouwiki.net/
二次元与同人/动画漫画/垂直作品圈/特摄迷考据,特摄迷考据与同人,Tokusatsu Fandom,同人做「特摄迷考据与同人」（Tokusatsu Fandom）。,特摄迷考据与同人|Tokusatsu|Fandom|动画漫画|垂直作品圈,https://en.wikipedia.org/wiki/Tokusatsu
二次元与同人/动画漫画/影迷马拉松接力放映志愿,影迷马拉松接力放映志愿,Anime Marathon Relay Screening Crew,同人做「影迷马拉松接力放映志愿」的同好圈。,影迷马拉松接力放映志愿|Anime|Marathon|Relay|Screening|Crew|动画漫画,https://en.wikipedia.org/wiki/Anime_convention
二次元与同人/动画漫画/纸芝居与软胶改模/kamishibai业余演剧,kamishibai业余演剧,Amateur Kamishibai Performance,同人做「kamishibai业余演剧」的同好圈。,kamishibai业余演剧|kamishibai|Kamishibai|Performance|动画漫画|纸芝居与软胶改模,https://en.wikipedia.org/wiki/Kamishibai
二次元与同人/动画漫画/纸芝居与软胶改模/sofubi软胶改模,sofubi软胶改模,Sofubi Soft-vinyl Customizing,同人做「sofubi软胶改模」的同好圈。,sofubi软胶改模|sofubi|Sofubi|Soft-vinyl|Customizing|动画漫画|纸芝居与软胶改模,https://ja.wikipedia.org/wiki/%E3%82%BD%E3%83%95%E3%83%93
二次元与同人/北美欧澳同人展赛/Anime Boston,Anime Boston,Anime Boston,同人做「Anime Boston」（Anime Boston）。,Anime Boston|Anime|Boston|北美欧澳同人展赛,https://www.animeboston.com/
二次元与同人/北美欧澳同人展赛/Anime NYC,Anime NYC,Anime NYC,同人做「Anime NYC」（Anime NYC）。,Anime NYC|Anime|NYC|北美欧澳同人展赛,https://animenyc.com/
二次元与同人/北美欧澳同人展赛/Anime North多伦多,Anime North多伦多,Anime North,同人做「Anime North多伦多」（Anime North）。,Anime North多伦多|Anime|North|北美欧澳同人展赛,https://www.animenorth.com/
二次元与同人/北美欧澳同人展赛/Anthrocon皮毛展,Anthrocon皮毛展,Anthrocon,同人做「Anthrocon皮毛展」（Anthrocon）。,Anthrocon皮毛展|Anthrocon|北美欧澳同人展赛,https://www.anthrocon.org/
二次元与同人/北美欧澳同人展赛/FanimeCon圣何塞,FanimeCon圣何塞,FanimeCon,同人做「FanimeCon圣何塞」（FanimeCon）。,FanimeCon圣何塞|FanimeCon|北美欧澳同人展赛,https://www.fanime.com/
二次元与同人/北美欧澳同人展赛/Hyper Japan伦敦,Hyper Japan伦敦,HYPER JAPAN,同人做「Hyper Japan伦敦」（HYPER JAPAN）。,Hyper Japan伦敦|Hyper|Japan|HYPER|JAPAN|北美欧澳同人展赛,https://hyperjapan.co.uk/
二次元与同人/北美欧澳同人展赛/Japan Expo巴黎旁观者社群,Japan Expo巴黎旁观者社群,Japan Expo,同人做「Japan Expo巴黎旁观者社群」（Japan Expo）。,Japan Expo巴黎旁观者社群|Japan|Expo|北美欧澳同人展赛,https://www.japan-expo-paris.com/
二次元与同人/北美欧澳同人展赛/Katsucon,Katsucon,Katsucon,同人做「Katsucon」（Katsucon）。,Katsucon|北美欧澳同人展赛|二次元与同人,https://www.katsucon.org/
二次元与同人/北美欧澳同人展赛/MCM Comic Con伦敦,MCM Comic Con伦敦,MCM Comic Con,同人做「MCM Comic Con伦敦」的同好圈。,MCM Comic Con伦敦|MCM|Comic|Con|北美欧澳同人展赛,https://www.mcmcomiccon.com/
二次元与同人/北美欧澳同人展赛/Madman Anime Festival澳,Madman Anime Festival澳,Madman Anime Festival,同人做「Madman Anime Festival澳」的同好圈。,Madman Anime Festival澳|Madman|Anime|Festival|北美欧澳同人展赛,https://www.animefestival.com.au/
二次元与同人/北美欧澳同人展赛/Midwest FurFest,Midwest FurFest,Midwest FurFest,同人做「Midwest FurFest」的同好圈。,Midwest FurFest|Midwest|FurFest|北美欧澳同人展赛,https://www.furfest.org/
二次元与同人/北美欧澳同人展赛/Nan Desu Kan丹佛,Nan Desu Kan丹佛,Nan Desu Kan,同人做「Nan Desu Kan丹佛」（Nan Desu Kan）。,Nan Desu Kan丹佛|Nan|Desu|Kan|北美欧澳同人展赛,https://www.ndkdenver.org/
二次元与同人/北美欧澳同人展赛/Otakon,Otakon,Otakon,同人做「Otakon」（Otakon）。,Otakon|北美欧澳同人展赛|二次元与同人,https://www.otakon.com/
二次元与同人/北美欧澳同人展赛/SMASH!悉尼动漫展,SMASH!悉尼动漫展,SMASH! Sydney Manga and Anime Show,同人做「SMASH!悉尼动漫展」的同好圈。,SMASH!悉尼动漫展|SMASH|Sydney|Manga|Anime|Show|北美欧澳同人展赛,https://smash.org.au/
二次元与同人/北美欧澳同人展赛/Sakura-Con西雅图,Sakura-Con西雅图,Sakura-Con,同人做「Sakura-Con西雅图」（Sakura-Con）。,Sakura-Con西雅图|Sakura-Con|北美欧澳同人展赛,https://www.sakuracon.org/
二次元与同人/同人创作与展会/世界科幻大会会务志愿,世界科幻大会会务志愿,Worldcon Convention Operations Volunteering,同人做「世界科幻大会会务志愿」的同好圈。,世界科幻大会会务志愿|Worldcon|Convention|Operations|Volunteering|同人创作与展会,https://www.worldcon.org/
二次元与同人/同人创作与展会/动漫展会现场志愿工,动漫展会现场志愿工,Anime Convention Floor Staff Volunteering,同人做「动漫展会现场志愿工」的同好圈。,动漫展会现场志愿工|Anime|Convention|Floor|Staff|Volunteering|同人创作与展会,https://www.anime-expo.org/
二次元与同人/同人创作与展会/同人二次创作形态/AMV与Vidding,AMV与Vidding剪辑,AMV / Vidding,同人做「AMV与Vidding剪辑」（AMV / Vidding）。,AMV与Vidding剪辑|AMV|Vidding|同人创作与展会|同人二次创作形态,https://en.wikipedia.org/wiki/Anime_music_video
二次元与同人/同人创作与展会/同人二次创作形态/AO3同人档案库创作,AO3同人档案库创作,AO3 Fanwork Archiving,同人做「AO3同人档案库创作」的同好圈。,AO3同人档案库创作|AO3|Fanwork|Archiving|同人创作与展会|同人二次创作形态,https://archiveofourown.org/
二次元与同人/同人创作与展会/同人二次创作形态/Fanlore编修,Fanlore词条编修,Fanlore Editing,同人做「Fanlore词条编修」（Fanlore Editing）。,Fanlore词条编修|Fanlore|Editing|同人创作与展会|同人二次创作形态,https://fanlore.org/
二次元与同人/同人创作与展会/同人二次创作形态/OTW志愿工作,OTW变革性作品组织志愿,OTW Volunteering,同人做「OTW变革性作品组织志愿」的同好圈。,OTW变革性作品组织志愿|OTW|Volunteering|同人创作与展会|同人二次创作形态,https://www.transformativeworks.org/
二次元与同人/同人创作与展会/同人二次创作形态/Podfic同人有声,同人音频剧Podfic,Podfic,同人做「同人音频剧Podfic」（Podfic）。,同人音频剧Podfic|Podfic|同人创作与展会|同人二次创作形态,https://archiveofourown.org/tags/Podfic/works
二次元与同人/同人创作与展会/同人二次创作形态/同人志印刷协作,同人志印刷协作,Doujinshi Printing,同人做「同人志印刷协作」（Doujinshi Printing）。,同人志印刷协作|Doujinshi|Printing|同人创作与展会|同人二次创作形态,https://www.comiket.co.jp/index_e.html
二次元与同人/同人创作与展会/同人二次创作形态/同人游戏发布,同人游戏发布,Doujin Game Publishing,同人做「同人游戏发布」的同好圈。,同人游戏发布|Doujin|Game|Publishing|同人创作与展会|同人二次创作形态,https://www.freem.ne.jp/
二次元与同人/同人创作与展会/同人展会与市集/Comic Market,Comic Market（コミケ）,Comic Market,同人做「Comic Market（コミケ）」的同好圈。,Comic Market（コミケ）|Comic|Market|同人创作与展会|同人展会与市集,https://www.comiket.co.jp/
二次元与同人/同人创作与展会/同人展会与市集/Comic World,Comic World,Comic World,同人做「Comic World」（Comic World）。,Comic World|Comic|World|同人创作与展会|同人展会与市集,https://www.comicworld.com.tw/
二次元与同人/同人创作与展会/同人展前通宵装台志愿,同人展前通宵装台志愿,Doujin Event Overnight Load-in Crew,同人做「同人展前通宵装台志愿」的同好圈。,同人展前通宵装台志愿|Doujin|Event|Overnight|Load-in|Crew|同人创作与展会,https://en.wikipedia.org/wiki/Comic_Market
二次元与同人/同人创作与展会/同人展后撤展通宵清场,同人展后撤展通宵清场,Doujin Event Overnight Teardown Crew,同人做「同人展后撤展通宵清场」的同好圈。,同人展后撤展通宵清场|Doujin|Event|Overnight|Teardown|Crew|同人创作与展会,https://en.wikipedia.org/wiki/Comic_Market
二次元与同人/同人创作与展会/同人展安保入口志愿,同人展安保入口志愿,Doujin Event Entry Queue Stewarding,同人做「同人展安保入口志愿」的同好圈。,同人展安保入口志愿|Doujin|Event|Entry|Queue|Stewarding|同人创作与展会,https://en.wikipedia.org/wiki/Doujinshi_convention
二次元与同人/同人创作与展会/同人志印刷所通宵赶工社群,同人志印刷所通宵赶工社群,Doujinshi Print Shop Overnight Crunch Circle,同人做「同人志印刷所通宵赶工社群」的同好圈。,同人志印刷所通宵赶工社群|Doujinshi|Print|Shop|Overnight|Crunch|Circle|同人创作与展会,https://en.wikipedia.org/wiki/Doujinshi_printer
二次元与同人/同人创作与展会/同人拍卖会司仪志愿,同人拍卖会司仪志愿,Fan Charity Auction Emcee Volunteering,同人做「同人拍卖会司仪志愿」的同好圈。,同人拍卖会司仪志愿|Fan|Charity|Auction|Emcee|Volunteering|同人创作与展会,https://en.wikipedia.org/wiki/Fan_convention
二次元与同人/同人创作与展会/欧美同人会/欧美同人Zine市集,欧美同人Zine市集,Euro-NA Zine Fair Collectives,同人做「欧美同人Zine市集」的同好圈。,欧美同人Zine市集|Zine|Euro-NA|Fair|Collectives|同人创作与展会|欧美同人会,
二次元与同人/同人创作与展会/欧美同人展工棚搭建,欧美同人展工棚搭建,Fan Convention Artists Alley Build Crew,同人做「欧美同人展工棚搭建」的同好圈。,欧美同人展工棚搭建|Fan|Convention|Artists|Alley|Build|Crew|同人创作与展会,https://en.wikipedia.org/wiki/Artists_and_Writers_Alley
二次元与同人/同人创作与展会/舞台安全/痛车贴膜技艺社,痛车贴膜技艺社,Itasha Vinyl-wrap Craft Circles,同人做「痛车贴膜技艺社」的同好圈。,痛车贴膜技艺社|Itasha|Vinyl-wrap|Craft|Circles|同人创作与展会|舞台安全,https://en.wikipedia.org/wiki/Itasha
二次元与同人/同人制作与赛制/AMV竞赛文化,AMV竞赛文化,Anime Music Video Contests,同人做「AMV竞赛文化」的同好圈。,AMV竞赛文化|AMV|Anime|Music|Video|Contests|同人制作与赛制,https://www.animemusicvideos.org/
二次元与同人/同人制作与赛制/Doujin自资出版者北美摊位实践,Doujin自资出版者北美摊位实践,North American Doujin Artist Alleys,同人做「Doujin自资出版者北美摊位实践」的同好圈。,Doujin自资出版者北美摊位实践|Doujin|North|American|Artist|Alleys|同人制作与赛制,https://www.animenorth.com/
二次元与同人/同人制作与赛制/EuroCosplay锦标赛,EuroCosplay锦标赛,EuroCosplay Championship,同人做「EuroCosplay锦标赛」的同好圈。,EuroCosplay锦标赛|EuroCosplay|Championship|同人制作与赛制,https://www.eurocosplay.com/
二次元与同人/同人制作与赛制/Flame Con酷儿漫画展,Flame Con酷儿漫画展,Flame Con,同人做「Flame Con酷儿漫画展」（Flame Con）。,Flame Con酷儿漫画展|Flame|Con|同人制作与赛制,https://www.flamecon.org/
二次元与同人/同人制作与赛制/World Cosplay Summit选拔赛北美欧澳,World Cosplay Summit选拔赛北美欧澳,World Cosplay Summit National Selections,同人做「World Cosplay Summit选拔赛北美欧澳」的同好圈。,World Cosplay Summit选拔赛北美欧澳|World|Cosplay|Summit|National|Selections|同人制作与赛制,https://www.worldcosplaysummit.jp/
二次元与同人/同人制作与赛制/Yaoi North同人展,Yaoi North同人展,Yaoi North,同人做「Yaoi North同人展」（Yaoi North）。,Yaoi North同人展|Yaoi|North|同人制作与赛制,https://www.yaoinorth.com/
二次元与同人/同人音乐/同人音乐M3即卖会摊事,同人音乐M3即卖会摊事,M3 Doujin Music Fair Booths,同人做「同人音乐M3即卖会摊事」的同好圈。,同人音乐M3即卖会摊事|M3|Doujin|Music|Fair|Booths|同人音乐,https://en.wikipedia.org/wiki/M3_(fair)
二次元与同人/成人同人创作/AO3成人同人写作工坊,AO3成人同人写作工坊,Adult Fanfiction Writing Workshops,同人做「AO3成人同人写作工坊」的同好圈。,AO3成人同人写作工坊|AO3|Adult|Fanfiction|Writing|Workshops|成人同人创作,https://archiveofourown.org/
二次元与同人/成人同人创作/独立Zine印刷市集,独立Zine印刷市集,Independent Zine Fests Adult,同人做「独立Zine印刷市集」的同好圈。,独立Zine印刷市集|Zine|Independent|Fests|Adult|成人同人创作,https://en.wikipedia.org/wiki/Zine
二次元与同人/手工娃衣BJD缝制社,手工娃衣BJD缝制社,BJD Doll Clothes Sewing Circles,同人做「手工娃衣BJD缝制社」的同好圈。,手工娃衣BJD缝制社|BJD|Doll|Clothes|Sewing|Circles,
二次元与同人/英美同人展/英国漫画展社群,英国漫画展UK Comic Cons社群,UK Comic Convention Circuit,同人做「英国漫画展UK Comic Cons社群」的同好圈。,英国漫画展UK Comic Cons社群|UK|Comic|Cons|Convention|Circuit|英美同人展|英国漫画展社群,https://www.londonfilmandcomiccon.com/
健身形体/东南亚/泰拳Muay boran复原,泰拳Muay boran复原,Muay Boran Revival,练「泰拳Muay boran复原」的同好圈。,泰拳Muay boran复原|Muay|boran|Boran|Revival|东南亚,https://en.wikipedia.org/wiki/Muay_boran
健身形体/传统摔跤与负重/HEMA历史武技联盟,HEMA历史武技联盟,HEMA Alliance,练「HEMA历史武技联盟」（HEMA Alliance）。,HEMA历史武技联盟|HEMA|Alliance|传统摔跤与负重,https://www.hemaalliance.com/
健身形体/传统摔跤与负重/Hayward伐木世界锦标赛,Hayward伐木世界锦标赛,Lumberjack World Championships,练「Hayward伐木世界锦标赛」的同好圈。,Hayward伐木世界锦标赛|Hayward|Lumberjack|World|Championships|传统摔跤与负重,https://www.lumberjackworldchampionships.com/
健身形体/传统摔跤与负重/冰岛Glima摔跤,冰岛Glima摔跤,Glima,练「冰岛Glima摔跤」（Glima）。,冰岛Glima摔跤|Glima|传统摔跤与负重,https://en.wikipedia.org/wiki/Glima
健身形体/传统摔跤与负重/北美飞斧联盟成人赛,北美飞斧联盟成人赛,National Axe Throwing Federation,练「北美飞斧联盟成人赛」的同好圈。,北美飞斧联盟成人赛|National|Axe|Throwing|Federation|传统摔跤与负重,https://nationalaxethrowingfederation.com/
健身形体/传统摔跤与负重/历史复活摔/古希腊pancration业余研究,古希腊pancration业余研究,Pankration Historical Study Clubs,练「古希腊pancration业余研究」的同好圈。,古希腊pancration业余研究|pancration|Pankration|Historical|Study|Clubs|传统摔跤与负重|历史复活摔,https://en.wikipedia.org/wiki/Pankration
健身形体/传统摔跤与负重/坎伯兰西摩兰摔跤,坎伯兰西摩兰摔跤,Cumberland and Westmorland Wrestling,练「坎伯兰西摩兰摔跤」的同好圈。,坎伯兰西摩兰摔跤|Cumberland|Westmorland|Wrestling|传统摔跤与负重,https://www.cwwa.org.uk/
健身形体/传统摔跤与负重/康沃尔摔跤,康沃尔摔跤,Cornish Wrestling,练「康沃尔摔跤」（Cornish Wrestling）。,康沃尔摔跤|Cornish|Wrestling|传统摔跤与负重,https://en.wikipedia.org/wiki/Cornish_wrestling
健身形体/传统摔跤与负重/摔跤补/伊朗帕赫拉瓦尼,伊朗帕赫拉瓦尼,Pahlevani Zurkhaneh Amateur,练「伊朗帕赫拉瓦尼」的同好圈。,伊朗帕赫拉瓦尼|Pahlevani|Zurkhaneh|传统摔跤与负重|摔跤补,https://en.wikipedia.org/wiki/Pahlevani_and_zoorkhaneh_rituals
健身形体/传统摔跤与负重/摔跤补/蒙古博克业余,蒙古博克业余,Bökh Mongolian Wrestling Amateur,练「蒙古博克业余」的同好圈。,蒙古博克业余|kh|Mongolian|Wrestling|传统摔跤与负重|摔跤补,https://en.wikipedia.org/wiki/Mongolian_wrestling
健身形体/传统摔跤与负重/波兰猎鹰会成人体操,波兰猎鹰会成人体操,Polish Falcons of America Adult Gymnastics,练「波兰猎鹰会成人体操」的同好圈。,波兰猎鹰会成人体操|Polish|Falcons|of|America|Adult|Gymnastics|传统摔跤与负重,https://www.polishfalcons.org/
健身形体/传统摔跤与负重/爱尔兰Hurley棍球俱乐部,爱尔兰Hurley棍球俱乐部,Hurling Clubs GAA,练「爱尔兰Hurley棍球俱乐部」的同好圈。,爱尔兰Hurley棍球俱乐部|Hurley|Hurling|Clubs|GAA|传统摔跤与负重,https://www.gaa.ie/
健身形体/传统摔跤与负重/瑞士Schwingen摔跤,瑞士Schwingen摔跤,Schwingen,练「瑞士Schwingen摔跤」（Schwingen）。,瑞士Schwingen摔跤|Schwingen|传统摔跤与负重,https://esv.ch/
健身形体/传统摔跤与负重/皇家苏格兰乡村舞社,皇家苏格兰乡村舞社,Royal Scottish Country Dance Society,练「皇家苏格兰乡村舞社」的同好圈。,皇家苏格兰乡村舞社|Royal|Scottish|Country|Dance|Society|传统摔跤与负重,https://www.rscds.org/
健身形体/传统摔跤与负重/美国方形舞导舞者社群,美国方形舞导舞者社群,CALLERLAB Square Dance Callers,练「美国方形舞导舞者社群」的同好圈。,美国方形舞导舞者社群|CALLERLAB|Square|Dance|Callers|传统摔跤与负重,https://www.callerlab.org/
健身形体/传统摔跤与负重/美国盖尔运动协会俱乐部赛,美国盖尔运动协会俱乐部赛,USGAA Adult Club Games,练「美国盖尔运动协会俱乐部赛」的同好圈。,美国盖尔运动协会俱乐部赛|USGAA|Adult|Games|传统摔跤与负重,https://www.usgaa.org/
健身形体/传统摔跤与负重/美国相扑联合会成人赛,美国相扑联合会成人赛,United States Sumo Federation,练「美国相扑联合会成人赛」的同好圈。,美国相扑联合会成人赛|United|States|Sumo|Federation|传统摔跤与负重,https://www.ussf.sumo/
健身形体/传统摔跤与负重/美式Sokol体操社,美式Sokol捷克裔体操社,American Sokol,练「美式Sokol捷克裔体操社」（American Sokol）。,美式Sokol捷克裔体操社|Sokol|American|传统摔跤与负重|美式Sokol体操社,https://www.americansokol.org/
健身形体/传统摔跤与负重/芬兰背妻赛Eukonkanto,芬兰背妻赛Eukonkanto,Eukonkanto Wife Carrying,练「芬兰背妻赛Eukonkanto」的同好圈。,芬兰背妻赛Eukonkanto|Eukonkanto|Wife|Carrying|传统摔跤与负重,https://eukonkanto.fi/en/competition-track-and-rules/
健身形体/传统摔跤与负重/苏格兰扔杆Caber Toss,苏格兰扔杆Caber Toss,Caber Toss,练「苏格兰扔杆Caber Toss」（Caber Toss）。,苏格兰扔杆Caber Toss|Caber|Toss|传统摔跤与负重,https://www.rshga.org/
健身形体/传统摔跤与负重/苏格兰背抱摔跤SWB,苏格兰背抱摔跤Scottish Backhold,Scottish Backhold Wrestling,练「苏格兰背抱摔跤Scottish Backhold」的同好圈。,苏格兰背抱摔跤Scottish Backhold|Scottish|Backhold|Wrestling|传统摔跤与负重|苏格兰背抱摔跤SWB,http://www.wrestle.co.uk/rules.htm
健身形体/传统摔跤与负重/英国Capoeira罗达成人社,英国Capoeira罗达成人社,UK Capoeira Society Adult Rodas,练「英国Capoeira罗达成人社」的同好圈。,英国Capoeira罗达成人社|Capoeira|UK|Society|Adult|Rodas|传统摔跤与负重,https://en.wikipedia.org/wiki/Capoeira
健身形体/力量与体能/传统武术与搏击/埃及棍术Tahtib,埃及棍术,Tahtib,练「埃及棍术」（Tahtib）。,埃及棍术|Tahtib|力量与体能|传统武术与搏击,https://en.wikipedia.org/wiki/Tahtib
健身形体/力量与体能/力量举与强人/Strongman业余训练,Strongman业余训练,Amateur Strongman,练「Strongman业余训练」的同好圈。,Strongman业余训练|Strongman|力量与体能|力量举与强人,https://www.worldsstrongestman.com/
健身形体/力量与体能/力量举细分规则/经典力量举Raw专项,经典力量举Raw专项,Raw Classic Powerlifting Meets,练「经典力量举Raw专项」的同好圈。,经典力量举Raw专项|Raw|Classic|Powerlifting|Meets|力量与体能|力量举细分规则,
健身形体/力量与体能/南亚身体技艺/印度棒Indian Clubs,印度棒Indian Clubs,Indian Club Swinging,练「印度棒Indian Clubs」的同好圈。,印度棒Indian Clubs|Indian|Clubs|Swinging|力量与体能|南亚身体技艺,https://en.wikipedia.org/wiki/Indian_club
健身形体/力量与体能/强人赛协会季度挑战日,强人赛协会季度挑战日,Strongman Club Quarterly Challenge Day,练「强人赛协会季度挑战日」的同好圈。,强人赛协会季度挑战日|Strongman|Quarterly|Challenge|Day|力量与体能,https://en.wikipedia.org/wiki/Strongman
健身形体/力量与体能/本体感觉力量/伐木运动Timbersports,伐木运动Timbersports,Stihl Timbersports Amateur Heats,练「伐木运动Timbersports」的同好圈。,伐木运动Timbersports|Timbersports|Stihl|Heats|力量与体能|本体感觉力量,https://en.wikipedia.org/wiki/Woodsman
健身形体/力量与体能/本体感觉力量/壶铃运动Girevoy,壶铃运动Girevoy,Girevoy Kettlebell Sport,练「壶铃运动Girevoy」的同好圈。,壶铃运动Girevoy|Girevoy|Kettlebell|Sport|力量与体能|本体感觉力量,https://en.wikipedia.org/wiki/Kettlebell
健身形体/力量与体能/本体感觉力量/拔河TWIF业余,拔河TWIF业余,TWIF Tug-of-war Amateur,练「拔河TWIF业余」的同好圈。,拔河TWIF业余|TWIF|Tug-of-war|力量与体能|本体感觉力量,https://en.wikipedia.org/wiki/Tug_of_war
健身形体/力量与体能/本体感觉力量/握力运动GripSport,握力运动GripSport,Grip Sport Crush Competitions,练「握力运动GripSport」的同好圈。,握力运动GripSport|GripSport|Grip|Sport|Crush|Competitions|力量与体能|本体感觉力量,
健身形体/力量与体能/本体感觉力量/格鲁吉亚锤Gada,格鲁吉亚锤Gada,Gada Mace Club Swinging,练「格鲁吉亚锤Gada」的同好圈。,格鲁吉亚锤Gada|Gada|Mace|Swinging|力量与体能|本体感觉力量,https://en.wikipedia.org/wiki/Gada_(mace)
健身形体/力量与体能/本体感觉力量/臂摔WAF业余,臂摔WAF业余,WAF Armwrestling Amateur,练「臂摔WAF业余」的同好圈。,臂摔WAF业余|WAF|Armwrestling|力量与体能|本体感觉力量,https://en.wikipedia.org/wiki/Arm_wrestling
健身形体/力量与体能/认证路径力/IPF力量举裁判路径,IPF力量举裁判路径,IPF Referee Pathway Amateur,练「IPF力量举裁判路径」的同好圈。,IPF力量举裁判路径|IPF|Referee|Pathway|力量与体能|认证路径力,https://en.wikipedia.org/wiki/International_Powerlifting_Federation
健身形体/力量与体能/认证路径力/举重IWF教练路径,举重IWF教练路径,IWF Coach Pathway Amateur,练「举重IWF教练路径」的同好圈。,举重IWF教练路径|IWF|Coach|Pathway|力量与体能|认证路径力,https://en.wikipedia.org/wiki/International_Weightlifting_Federation
健身形体/力量与体能/高地赛会与负重行军/布列塔尼Gouren摔跤,布列塔尼Gouren摔跤,Gouren Breton Wrestling,练「布列塔尼Gouren摔跤」的同好圈。,布列塔尼Gouren摔跤|Gouren|Breton|Wrestling|力量与体能|高地赛会与负重行军,https://en.wikipedia.org/wiki/Gouren
健身形体/力量与体能/高地赛会与负重行军/苏格兰高地运动会,苏格兰高地运动会,Scottish Highland Games,练「苏格兰高地运动会」的同好圈。,苏格兰高地运动会|Scottish|Highland|Games|力量与体能|高地赛会与负重行军,https://www.rshga.org/
健身形体/意大利棍/意大利木棍Bastone,意大利木棍Bastone,Italian Stick Fighting Bastone,练「意大利木棍Bastone」的同好圈。,意大利木棍Bastone|Bastone|Italian|Stick|Fighting|意大利棍,https://en.wikipedia.org/wiki/Italian_martial_arts
健身形体/有氧与耐力/圣火接力城市段志愿,圣火接力城市段志愿,Community Torch Relay City Leg Volunteering,练「圣火接力城市段志愿」的同好圈。,圣火接力城市段志愿|Community|Torch|Relay|City|Leg|Volunteering|有氧与耐力,https://en.wikipedia.org/wiki/Olympic_flame
健身形体/有氧与耐力/气候塑造耐力/HYROX室内混合耐力,HYROX室内混合耐力,HYROX Indoor Hybrid Endurance,练「HYROX室内混合耐力」的同好圈。,HYROX室内混合耐力|HYROX|Indoor|Hybrid|Endurance|有氧与耐力|气候塑造耐力,
健身形体/有氧与耐力/气候塑造耐力/国际冰泳IISA,国际冰泳IISA,IISA Ice Swimming,练「国际冰泳IISA」（IISA Ice Swimming）。,国际冰泳IISA|IISA|Ice|Swimming|有氧与耐力|气候塑造耐力,https://en.wikipedia.org/wiki/Ice_swimming
健身形体/有氧与耐力/气候塑造耐力/垂直千米VK赛,垂直千米VK赛,Vertical Kilometer VK Races,练「垂直千米VK赛」的同好圈。,垂直千米VK赛|VK|Vertical|Kilometer|Races|有氧与耐力|气候塑造耐力,
健身形体/有氧与耐力/气候塑造耐力/登楼跑Towerrunning,登楼跑Towerrunning,Towerrunning Stair Races,练「登楼跑Towerrunning」的同好圈。,登楼跑Towerrunning|Towerrunning|Stair|Races|有氧与耐力|气候塑造耐力,https://en.wikipedia.org/wiki/Tower_running
健身形体/有氧与耐力/气候塑造耐力/障碍赛OCR业余,障碍赛OCR业余,OCR Obstacle Course Racing Amateur,练「障碍赛OCR业余」的同好圈。,障碍赛OCR业余|OCR|Obstacle|Course|Racing|有氧与耐力|气候塑造耐力,https://en.wikipedia.org/wiki/Obstacle_course_racing
健身形体/有氧与耐力/气味工作犬运动/NACSW气味工作赛,NACSW气味工作赛,NACSW Nose Work Trials,练「NACSW气味工作赛」的同好圈。,NACSW气味工作赛|NACSW|Nose|Work|Trials|有氧与耐力|气味工作犬运动,https://en.wikipedia.org/wiki/Nosework
健身形体/有氧与耐力/气味工作犬运动/人迹追踪Mantrailing,人迹追踪Mantrailing,Mantrailing Scent Trailing,练「人迹追踪Mantrailing」的同好圈。,人迹追踪Mantrailing|Mantrailing|Scent|Trailing|有氧与耐力|气味工作犬运动,
健身形体/有氧与耐力/气味工作犬运动/松露猎犬训练,松露猎犬训练,Truffle Dog Training,练「松露猎犬训练」（Truffle Dog Training）。,松露猎犬训练|Truffle|Dog|Training|有氧与耐力|气味工作犬运动,https://en.wikipedia.org/wiki/Truffle_hog
健身形体/有氧与耐力/泳姿与公开水域/公开水域业余泳渡,公开水域业余泳渡,Open-water Amateur Crossings,练「公开水域业余泳渡」的同好圈。,公开水域业余泳渡|Open-water|Crossings|有氧与耐力|泳姿与公开水域,https://en.wikipedia.org/wiki/Open_water_swimming
健身形体/有氧与耐力/泳姿与公开水域/接力英吉利海峡组织者,接力英吉利海峡组织者,English-channel Relay Organizer Circles,练「接力英吉利海峡组织者」的同好圈。,接力英吉利海峡组织者|English-channel|Relay|Organizer|Circles|有氧与耐力|泳姿与公开水域,
健身形体/有氧与耐力/泳姿与公开水域/花样游泳业余队,花样游泳业余队,Artistic Swimming Amateur Clubs,练「花样游泳业余队」的同好圈。,花样游泳业余队|Artistic|Swimming|Clubs|有氧与耐力|泳姿与公开水域,https://en.wikipedia.org/wiki/Artistic_swimming
健身形体/有氧与耐力/社区耐力与室内混合赛/parkrun社区五公里,parkrun社区五公里,parkrun,练「parkrun社区五公里」（parkrun）。,parkrun社区五公里|parkrun|有氧与耐力|社区耐力与室内混合赛,https://www.parkrun.com/
健身形体/有氧与耐力/社区耐力与室内混合赛/美国大师游泳,美国大师游泳,U.S. Masters Swimming,练「美国大师游泳」（U.S. Masters Swimming）。,美国大师游泳|Masters|Swimming|有氧与耐力|社区耐力与室内混合赛,https://www.usms.org/
健身形体/有氧与耐力/科科球Kho-Kho,科科球,Kho-Kho,练「科科球」（Kho-Kho）。,科科球|Kho-Kho|有氧与耐力|科科球Kho-Kho,https://en.wikipedia.org/wiki/Kho_kho
健身形体/杂技与本体感/中国竿,中国竿,Chinese pole,练「中国竿」（Chinese pole）。,中国竿|Chinese|pole|杂技与本体感,https://en.wikipedia.org/wiki/Chinese_pole
健身形体/杂技与本体感/双人瑜伽,双人瑜伽,AcroYoga,练「双人瑜伽」（AcroYoga）。,双人瑜伽|AcroYoga|杂技与本体感,https://www.acroyoga.org/
健身形体/杂技与本体感/德国轮,德国轮,German wheel,练「德国轮」（German wheel）。,德国轮|German|wheel|杂技与本体感,https://wheelgymnastics.sport/
健身形体/杂技与本体感/成人马戏教育,成人马戏教育,Adult circus education,练「成人马戏教育」的同好圈。,成人马戏教育|Adult|circus|education|杂技与本体感,https://www.americancircuseducators.org/
健身形体/杂技与本体感/空中绳,空中绳,Corde lisse,练「空中绳」（Corde lisse）。,空中绳|Corde|lisse|杂技与本体感,https://en.wikipedia.org/wiki/Corde_lisse
健身形体/杂技与本体感/空中绸吊,空中绸吊,Aerial silks,练「空中绸吊」（Aerial silks）。,空中绸吊|Aerial|silks|杂技与本体感,https://en.wikipedia.org/wiki/Aerial_silks
健身形体/杂技与本体感/西尔轮,西尔轮,Cyr wheel,练「西尔轮」（Cyr wheel）。,西尔轮|Cyr|wheel|杂技与本体感,https://wheelgymnastics.sport/cyr-wheel/
健身形体/杂技与本体感/走钢丝,走钢丝,Tightwire walking,练「走钢丝」（Tightwire walking）。,走钢丝|Tightwire|walking|杂技与本体感,https://en.wikipedia.org/wiki/Tightrope_walking
健身形体/杂技与本体感/马拉坎布,马拉坎布,Mallakhamb,练「马拉坎布」（Mallakhamb）。,马拉坎布|Mallakhamb|杂技与本体感,https://en.wikipedia.org/wiki/Mallakhamba
健身形体/柔术变体/大东流合气柔术业余,大东流合气柔术业余,Daito-ryu Aiki-jujutsu,练「大东流合气柔术业余」的同好圈。,大东流合气柔术业余|Daito-ryu|Aiki-jujutsu|柔术变体,https://en.wikipedia.org/wiki/Dait%C5%8D-ry%C5%AB_Aiki-j%C5%ABjutsu
健身形体/柔术变体/新阴流兵法业余,新阴流兵法业余,Shinkage-ryu Study Groups,练「新阴流兵法业余」的同好圈。,新阴流兵法业余|Shinkage-ryu|Study|Groups|柔术变体,https://en.wikipedia.org/wiki/Shinkage-ry%C5%AB
健身形体/武戏与身体游戏/伊朗左尔哈内,伊朗左尔哈内,Pahlevani & zoorkhanei rituals,练「伊朗左尔哈内」的同好圈。,伊朗左尔哈内|Pahlevani|zoorkhanei|rituals|武戏与身体游戏,https://ich.unesco.org/en/RL/pahlevani-and-zoorkhanei-rituals-00378
健身形体/武术与格斗/业余相扑,业余相扑,Amateur Sumo,练「业余相扑」（Amateur Sumo）。,业余相扑|Sumo|武术与格斗,https://en.wikipedia.org/wiki/International_Sumo_Federation
健身形体/武术与格斗/中国式摔跤,中国式摔跤,Shuai Jiao,练「中国式摔跤」（Shuai Jiao）。,中国式摔跤|Shuai|Jiao|武术与格斗,https://www.shuaijiao.org/world-shuai-jiao-federation
健身形体/武术与格斗/亚洲武补/印尼本西拉,印尼本西拉,Pencak Silat Amateur Clubs,练「印尼本西拉」的同好圈。,印尼本西拉|Pencak|Silat|Clubs|武术与格斗|亚洲武补,https://en.wikipedia.org/wiki/Pencak_silat
健身形体/武术与格斗/亚洲武补/朝鲜跆跟,朝鲜跆跟,Taekkyeon Amateur,练「朝鲜跆跟」（Taekkyeon Amateur）。,朝鲜跆跟|Taekkyeon|武术与格斗|亚洲武补,https://en.wikipedia.org/wiki/Taekkyeon
健身形体/武术与格斗/亚洲武补/菲律宾短棍Eskrima,菲律宾短棍Eskrima,Eskrima Stick Amateur Clubs,练「菲律宾短棍Eskrima」的同好圈。,菲律宾短棍Eskrima|Eskrima|Stick|Clubs|武术与格斗|亚洲武补,https://en.wikipedia.org/wiki/Eskrima
健身形体/武术与格斗/亚洲武补/越南咏春Vovinam,越南咏春Vovinam,Vovinam Amateur Clubs,练「越南咏春Vovinam」的同好圈。,越南咏春Vovinam|Vovinam|Clubs|武术与格斗|亚洲武补,https://en.wikipedia.org/wiki/Vovinam
健身形体/武术与格斗/加特卡,加特卡,Gatka,练「加特卡」（Gatka）。,加特卡|Gatka|武术与格斗,https://worldgatka.com/
健身形体/武术与格斗/卡波耶拉安哥拉,卡波耶拉安哥拉,Capoeira Angola,练「卡波耶拉安哥拉」（Capoeira Angola）。,卡波耶拉安哥拉|Capoeira|Angola|武术与格斗,https://en.wikipedia.org/wiki/Capoeira_Angola
健身形体/武术与格斗/古吴哥斗术,古吴哥斗术,Kun Lbokator,练「古吴哥斗术」（Kun Lbokator）。,古吴哥斗术|Kun|Lbokator|武术与格斗,https://ich.unesco.org/en/RL/kun-lbokator-traditional-martial-arts-in-cambodia-01868
健身形体/武术与格斗/居合道,居合道,Iaido,练「居合道」（Iaido）。,居合道|Iaido|武术与格斗,https://www.kendo.or.jp/en/knowledge/iaido-concept/
健身形体/武术与格斗/巴西柔术蓝带业余馆,巴西柔术蓝带业余馆,BJJ Blue-belt Amateur Gyms,练「巴西柔术蓝带业余馆」的同好圈。,巴西柔术蓝带业余馆|BJJ|Blue-belt|Gyms|武术与格斗,
健身形体/武术与格斗/师徒对练/合气道稽古终身,合气道稽古终身,Aikido Lifelong Keiko,练「合气道稽古终身」的同好圈。,合气道稽古终身|Aikido|Lifelong|Keiko|武术与格斗|师徒对练,https://en.wikipedia.org/wiki/Aikido
健身形体/武术与格斗/师徒对练/咏春木人桩师徒,咏春木人桩师徒,Wing-chun Wooden-dummy Lineages,练「咏春木人桩师徒」的同好圈。,咏春木人桩师徒|Wing-chun|Wooden-dummy|Lineages|武术与格斗|师徒对练,https://en.wikipedia.org/wiki/Wing_Chun
健身形体/武术与格斗/师徒对练/太极拳盘架十年,太极拳盘架十年,Taijiquan Decade Frame Practice,练「太极拳盘架十年」的同好圈。,太极拳盘架十年|Taijiquan|Decade|Frame|Practice|武术与格斗|师徒对练,https://en.wikipedia.org/wiki/Tai_chi
健身形体/武术与格斗/库什蒂摔跤,库什蒂摔跤,Kushti / Pehlwani,练「库什蒂摔跤」（Kushti / Pehlwani）。,库什蒂摔跤|Kushti|Pehlwani|武术与格斗,https://en.wikipedia.org/wiki/Pehlwani
健身形体/武术与格斗/库拉什,库拉什,Kurash,练「库拉什」（Kurash）。,库拉什|Kurash|武术与格斗,https://kurash-ika.org/
健身形体/武术与格斗/杖道,杖道,Jodo,练「杖道」（Jodo）。,杖道|Jodo|武术与格斗,https://www.kendo.or.jp/en/knowledge/jodo-concept/
健身形体/武术与格斗/格斗短棍,格斗短棍,Krabi-krabong,练「格斗短棍」（Krabi-krabong）。,格斗短棍|Krabi-krabong|武术与格斗,https://en.wikipedia.org/wiki/Krabi-krabong
健身形体/武术与格斗/缅甸莱威,缅甸莱威,Lethwei,练「缅甸莱威」（Lethwei）。,缅甸莱威|Lethwei|武术与格斗,https://www.myanmarlethweifederation.com/en/home-page/
健身形体/武术与格斗/莫兰吉,莫兰吉,Moraingy,练「莫兰吉」（Moraingy）。,莫兰吉|Moraingy|武术与格斗,https://en.wikipedia.org/wiki/Moraingy
健身形体/武术与格斗/蒙古搏克,蒙古搏克,Mongolian bökh,练「蒙古搏克」（Mongolian bökh）。,蒙古搏克|Mongolian|kh|武术与格斗,https://mongolbukh.mn/
健身形体/武术与格斗/薙刀,薙刀,Naginata,练「薙刀」（Naginata）。,薙刀|Naginata|武术与格斗,https://en.wikipedia.org/wiki/Naginata
健身形体/武术与格斗/西兰巴姆棍术,西兰巴姆棍术,Silambam,练「西兰巴姆棍术」（Silambam）。,西兰巴姆棍术|Silambam|武术与格斗,https://en.wikipedia.org/wiki/Silambam
健身形体/武术与格斗/阿雷什腰带摔跤,阿雷什腰带摔跤,Alysh Belt Wrestling,练「阿雷什腰带摔跤」（Alysh Belt Wrestling）。,阿雷什腰带摔跤|Alysh|Belt|Wrestling|武术与格斗,https://worldalysh.com/
健身形体/民俗力量与舞蹈/加那利岛Lucha Canaria,加那利岛Lucha Canaria,Canarian Wrestling,练「加那利岛Lucha Canaria」的同好圈。,加那利岛Lucha Canaria|Lucha|Canaria|Canarian|Wrestling|民俗力量与舞蹈,https://en.wikipedia.org/wiki/Canarian_wrestling
健身形体/民俗力量与舞蹈/威尔士Twmpath民俗舞会,威尔士Twmpath民俗舞会,Welsh Twmpath Folk Dances,练「威尔士Twmpath民俗舞会」的同好圈。,威尔士Twmpath民俗舞会|Twmpath|Welsh|Folk|Dances|民俗力量与舞蹈,https://en.wikipedia.org/wiki/Twmpath
健身形体/民俗力量与舞蹈/法罗链舞社群,法罗链舞社群,Faroese Chain Dance Circles,练「法罗链舞社群」的同好圈。,法罗链舞社群|Faroese|Chain|Dance|Circles|民俗力量与舞蹈,https://en.wikipedia.org/wiki/Faroese_dance
健身形体/民俗力量与舞蹈/爱尔兰Set Dance成人班,爱尔兰Set Dance成人班,Irish Set Dancing Adult Classes,练「爱尔兰Set Dance成人班」的同好圈。,爱尔兰Set Dance成人班|Set|Dance|Irish|Dancing|Adult|Classes|民俗力量与舞蹈,https://en.wikipedia.org/wiki/Set_dance
健身形体/社群舞蹈传统/东南亚宫廷舞业余/康提舞业余,康提舞业余,Kandyan Dance Amateur,练「康提舞业余」（Kandyan Dance Amateur）。,康提舞业余|Kandyan|Dance|社群舞蹈传统|东南亚宫廷舞业余,https://en.wikipedia.org/wiki/Kandyan_dance
健身形体/社群舞蹈传统/东南亚宫廷舞业余/爪哇贝多优舞蹈,爪哇贝多优舞蹈,Bedhaya Court-dance Amateur,练「爪哇贝多优舞蹈」的同好圈。,爪哇贝多优舞蹈|Bedhaya|Court-dance|社群舞蹈传统|东南亚宫廷舞业余,https://en.wikipedia.org/wiki/Bedhaya
健身形体/社群舞蹈传统/东南亚宫廷舞业余/缅甸阿迎舞业余,缅甸阿迎舞业余,Anyeint Amateur Troupes,练「缅甸阿迎舞业余」的同好圈。,缅甸阿迎舞业余|Anyeint|Troupes|社群舞蹈传统|东南亚宫廷舞业余,https://en.wikipedia.org/wiki/Anyeint
健身形体/社群舞蹈传统/东南亚宫廷舞业余/高棉古典舞成人,高棉古典舞成人,Khmer Classical Dance Adult,练「高棉古典舞成人」的同好圈。,高棉古典舞成人|Khmer|Classical|Dance|Adult|社群舞蹈传统|东南亚宫廷舞业余,https://en.wikipedia.org/wiki/Khmer_classical_dance
健身形体/社群舞蹈传统/乌拉圭康东贝鼓队舞步,乌拉圭康东贝鼓队舞步,Uruguay Candombe Comparsa Dance Steps,练「乌拉圭康东贝鼓队舞步」的同好圈。,乌拉圭康东贝鼓队舞步|Uruguay|Candombe|Comparsa|Dance|Steps|社群舞蹈传统,https://ich.unesco.org/en/RL/candombe-and-its-socio-cultural-space-a-community-practice-00182
健身形体/社群舞蹈传统/南亚舞师徒/卡塔克利科利颜谱,卡塔克利科利颜谱,Kathakali Makeup-and-play Adult,练「卡塔克利科利颜谱」的同好圈。,卡塔克利科利颜谱|Kathakali|Makeup-and-play|Adult|社群舞蹈传统|南亚舞师徒,https://en.wikipedia.org/wiki/Kathakali
健身形体/社群舞蹈传统/南亚舞师徒/奥迪西舞成人班,奥迪西舞成人班,Odissi Adult Lineages,练「奥迪西舞成人班」的同好圈。,奥迪西舞成人班|Odissi|Adult|Lineages|社群舞蹈传统|南亚舞师徒,https://en.wikipedia.org/wiki/Odissi
健身形体/社群舞蹈传统/南亚舞师徒/库契普迪成人班,库契普迪成人班,Kuchipudi Adult Lineages,练「库契普迪成人班」的同好圈。,库契普迪成人班|Kuchipudi|Adult|Lineages|社群舞蹈传统|南亚舞师徒,https://en.wikipedia.org/wiki/Kuchipudi
健身形体/社群舞蹈传统/南亚舞师徒/曼尼普利舞成人班,曼尼普利舞成人班,Manipuri Dance Adult Circles,练「曼尼普利舞成人班」的同好圈。,曼尼普利舞成人班|Manipuri|Dance|Adult|Circles|社群舞蹈传统|南亚舞师徒,https://en.wikipedia.org/wiki/Manipuri_dance
健身形体/社群舞蹈传统/南亚舞师徒/莫希尼阿坦成人班,莫希尼阿坦成人班,Mohiniyattam Adult Circles,练「莫希尼阿坦成人班」的同好圈。,莫希尼阿坦成人班|Mohiniyattam|Adult|Circles|社群舞蹈传统|南亚舞师徒,https://en.wikipedia.org/wiki/Mohiniyattam
健身形体/社群舞蹈传统/南亚舞师徒/雅克萨迦纳夜戏,雅克萨迦纳夜戏,Yakshagana Night-play Troupes,练「雅克萨迦纳夜戏」的同好圈。,雅克萨迦纳夜戏|Yakshagana|Night-play|Troupes|社群舞蹈传统|南亚舞师徒,https://en.wikipedia.org/wiki/Yakshagana
健身形体/社群舞蹈传统/夏威夷Kahiko胡拉,夏威夷Kahiko胡拉,Hula kahiko,练「夏威夷Kahiko胡拉」（Hula kahiko）。,夏威夷Kahiko胡拉|Kahiko|Hula|kahiko|社群舞蹈传统,https://www.merriemonarch.com/about/
健身形体/社群舞蹈传统/太平洋身体/夏威夷古呼啦,夏威夷古呼啦,Hula Kahiko Adult Halau,练「夏威夷古呼啦」的同好圈。,夏威夷古呼啦|Hula|Kahiko|Adult|Halau|社群舞蹈传统|太平洋身体,https://en.wikipedia.org/wiki/Hula
健身形体/社群舞蹈传统/太平洋身体/汤加拉卡拉卡,汤加拉卡拉卡,Tongan Lakalaka Amateur,练「汤加拉卡拉卡」的同好圈。,汤加拉卡拉卡|Tongan|Lakalaka|社群舞蹈传统|太平洋身体,https://en.wikipedia.org/wiki/Lakalaka
健身形体/社群舞蹈传统/太平洋身体/萨摩亚西瓦舞,萨摩亚西瓦舞,Samoan Siva Adult Troupes,练「萨摩亚西瓦舞」的同好圈。,萨摩亚西瓦舞|Samoan|Siva|Adult|Troupes|社群舞蹈传统|太平洋身体,https://en.wikipedia.org/wiki/Siva_(dance)
健身形体/社群舞蹈传统/威尔士诗乐竞赛合唱舞,威尔士诗乐竞赛合唱舞,Welsh Eisteddfod Choral Movement Practice,练「威尔士诗乐竞赛合唱舞」的同好圈。,威尔士诗乐竞赛合唱舞|Welsh|Eisteddfod|Choral|Movement|Practice|社群舞蹈传统,https://en.wikipedia.org/wiki/Eisteddfod
健身形体/社群舞蹈传统/巴塞尔法斯纳赫特鼓笛舞步,巴塞尔法斯纳赫特鼓笛舞步,Basel Fasnacht Gugge Dance Steps,练「巴塞尔法斯纳赫特鼓笛舞步」的同好圈。,巴塞尔法斯纳赫特鼓笛舞步|Basel|Fasnacht|Gugge|Dance|Steps|社群舞蹈传统,https://ich.unesco.org/en/RL/basel-carnival-01262
健身形体/社群舞蹈传统/巴西Forro,巴西Forro,Forró social dance matrices,练「巴西Forro」的同好圈。,巴西Forro|Forro|Forr|social|dance|matrices|社群舞蹈传统,https://www.gov.br/iphan/pt-br/assuntos/noticias/uma-das-mais-importantes-manifestacoes-populares-as-matrizes-tradicionais-do-forro-sao-reconhecidas-como-patrimonio-cultural-do-brasil
健身形体/社群舞蹈传统/格纳瓦仪式轮舞共练,格纳瓦仪式轮舞共练,Gnawa Lila Ritual Circle Dance,练「格纳瓦仪式轮舞共练」的同好圈。,格纳瓦仪式轮舞共练|Gnawa|Lila|Ritual|Circle|Dance|社群舞蹈传统,https://ich.unesco.org/en/RL/gnawa-01170
健身形体/社群舞蹈传统/欧洲对舞补/匈牙利恰尔达什业余,匈牙利恰尔达什业余,Csárdás Amateur Circles,练「匈牙利恰尔达什业余」的同好圈。,匈牙利恰尔达什业余|Cs|rd|Circles|社群舞蹈传统|欧洲对舞补,https://en.wikipedia.org/wiki/Cs%C3%A1rd%C3%A1s
健身形体/社群舞蹈传统/欧洲对舞补/波兰马祖卡业余,波兰马祖卡业余,Mazurka Amateur Circles,练「波兰马祖卡业余」的同好圈。,波兰马祖卡业余|Mazurka|Circles|社群舞蹈传统|欧洲对舞补,https://en.wikipedia.org/wiki/Mazurka
健身形体/社群舞蹈传统/盆踊夏祭圆圈共跳,盆踊夏祭圆圈共跳,Bon Odori Summer Circle Dance,练「盆踊夏祭圆圈共跳」的同好圈。,盆踊夏祭圆圈共跳|Bon|Odori|Summer|Circle|Dance|社群舞蹈传统,https://en.wikipedia.org/wiki/Bon_Odori
健身形体/社群舞蹈传统/美洲原住民鼓圈公开文化舞,美洲原住民鼓圈公开文化舞,Powwow Intertribal Drum Circle Dance,练「美洲原住民鼓圈公开文化舞」的同好圈。,美洲原住民鼓圈公开文化舞|Powwow|Intertribal|Drum|Circle|Dance|社群舞蹈传统,https://en.wikipedia.org/wiki/Pow_wow
健身形体/社群舞蹈传统/莫哈奇布绍面具狂欢队,莫哈奇布绍面具狂欢队,Mohacs Buso Masked Carnival Crew,练「莫哈奇布绍面具狂欢队」的同好圈。,莫哈奇布绍面具狂欢队|Mohacs|Buso|Masked|Carnival|Crew|社群舞蹈传统,https://ich.unesco.org/en/RL/buso-festivities-at-mohacs-masked-end-of-winter-carnival-custom-00252
健身形体/社群舞蹈传统/莫里斯棍舞季节巡演,莫里斯棍舞季节巡演,Morris Stick Dance Seasonal Touring,练「莫里斯棍舞季节巡演」的同好圈。,莫里斯棍舞季节巡演|Morris|Stick|Dance|Seasonal|Touring|社群舞蹈传统,https://en.wikipedia.org/wiki/Morris_dance
健身形体/社群舞蹈传统/青森睡魔祭跳人队,青森睡魔祭跳人队,Aomori Nebuta Haneto Dancer Crew,练「青森睡魔祭跳人队」的同好圈。,青森睡魔祭跳人队|Aomori|Nebuta|Haneto|Dancer|Crew|社群舞蹈传统,https://en.wikipedia.org/wiki/Aomori_Nebuta_Matsuri
健身形体/社群舞蹈传统/非洲身体补/乌邦图靴舞Gumboot,乌邦图靴舞Gumboot,Gumboot Dance Amateur Troupes,练「乌邦图靴舞Gumboot」的同好圈。,乌邦图靴舞Gumboot|Gumboot|Dance|Troupes|社群舞蹈传统|非洲身体补,https://en.wikipedia.org/wiki/Gumboot_dance
健身形体/社群舞蹈传统/非洲身体补/南非裤子舞Pantsula,南非裤子舞Pantsula,Pantsula Dance Amateur,练「南非裤子舞Pantsula」的同好圈。,南非裤子舞Pantsula|Pantsula|Dance|社群舞蹈传统|非洲身体补,https://en.wikipedia.org/wiki/Pantsula
健身形体/舞蹈与柔韧/世界舞蹈与表演实践/卡塔卡利业余,卡塔卡利业余研习,Kathakali Amateur Study,练「卡塔卡利业余研习」的同好圈。,卡塔卡利业余研习|Kathakali|Study|舞蹈与柔韧|世界舞蹈与表演实践,https://en.wikipedia.org/wiki/Kathakali
健身形体/舞蹈与柔韧/世界舞蹈与表演实践/昆比亚舞习,昆比亚舞习,Cumbia Dance Practice,练「昆比亚舞习」（Cumbia Dance Practice）。,昆比亚舞习|Cumbia|Dance|Practice|舞蹈与柔韧|世界舞蹈与表演实践,https://en.wikipedia.org/wiki/Cumbia
健身形体/舞蹈与柔韧/世界舞蹈与表演实践/毛利彩球Poi,毛利彩球Poi,Māori Poi Performance,练「毛利彩球Poi」的同好圈。,毛利彩球Poi|Poi|ori|Performance|舞蹈与柔韧|世界舞蹈与表演实践,https://en.wikipedia.org/wiki/Poi_(performance_art)
健身形体/舞蹈与柔韧/世界舞蹈与表演实践/达布卡集体舞,达布卡舞,Dabke,练「达布卡舞」（Dabke）。,达布卡舞|Dabke|舞蹈与柔韧|世界舞蹈与表演实践,https://en.wikipedia.org/wiki/Dabke
健身形体/舞蹈与柔韧/全球南武术与身体实践/印尼Pencak_Silat短打武术,印尼Pencak Silat短打武术,Pencak Silat,练「印尼Pencak Silat短打武术」的同好圈。,印尼Pencak Silat短打武术|Pencak|Silat|舞蹈与柔韧|全球南武术与身体实践,https://worldpencaksilat.org/
健身形体/舞蹈与柔韧/全球南武术与身体实践/印度Kalaripayattu卡拉里,印度Kalaripayattu卡拉里,Kalaripayattu,练「印度Kalaripayattu卡拉里」的同好圈。,印度Kalaripayattu卡拉里|Kalaripayattu|舞蹈与柔韧|全球南武术与身体实践,https://en.wikipedia.org/wiki/Kalaripayattu
健身形体/舞蹈与柔韧/全球南武术与身体实践/塞内加尔Laamb摔跤,塞内加尔Laamb摔跤,Senegalese Laamb Wrestling,练「塞内加尔Laamb摔跤」的同好圈。,塞内加尔Laamb摔跤|Laamb|Senegalese|Wrestling|舞蹈与柔韧|全球南武术与身体实践,https://en.wikipedia.org/wiki/Senegalese_wrestling
健身形体/舞蹈与柔韧/全球南武术与身体实践/尼日利亚Dambe传统拳击,尼日利亚Dambe传统拳击,Dambe Traditional Boxing,练「尼日利亚Dambe传统拳击」的同好圈。,尼日利亚Dambe传统拳击|Dambe|Traditional|Boxing|舞蹈与柔韧|全球南武术与身体实践,https://en.wikipedia.org/wiki/Dambe
健身形体/舞蹈与柔韧/全球南武术与身体实践/巴西Capoeira卡波耶拉,巴西Capoeira卡波耶拉,Capoeira,练「巴西Capoeira卡波耶拉」（Capoeira）。,巴西Capoeira卡波耶拉|Capoeira|舞蹈与柔韧|全球南武术与身体实践,https://ich.unesco.org/en/RL/capoeira-circle-00892
健身形体/舞蹈与柔韧/全球南武术与身体实践/巴西Jiu-Jitsu巴西柔术业余,巴西柔术业余馆训,Brazilian Jiu-Jitsu Amateur Training,练「巴西柔术业余馆训」的同好圈。,巴西柔术业余馆训|Brazilian|Jiu-Jitsu|Training|舞蹈与柔韧|全球南武术与身体实践,https://en.wikipedia.org/wiki/Brazilian_jiu-jitsu
健身形体/舞蹈与柔韧/全球南武术与身体实践/泰国Muay_Thai泰拳业余,泰国Muay Thai泰拳业余,Amateur Muay Thai,练「泰国Muay Thai泰拳业余」的同好圈。,泰国Muay Thai泰拳业余|Muay|Thai|舞蹈与柔韧|全球南武术与身体实践,https://en.wikipedia.org/wiki/Muay_Thai
健身形体/舞蹈与柔韧/全球南武术与身体实践/菲律宾Arnis短棍术,菲律宾Arnis短棍术,Arnis / Eskrima / Kali,练「菲律宾Arnis短棍术」的同好圈。,菲律宾Arnis短棍术|Arnis|Eskrima|Kali|舞蹈与柔韧|全球南武术与身体实践,https://en.wikipedia.org/wiki/Arnis
健身形体/舞蹈与柔韧/全球南舞蹈与节庆身体/印度Bharatanatyam业余传习,印度Bharatanatyam业余传习,Bharatanatyam Amateur Learning,练「印度Bharatanatyam业余传习」的同好圈。,印度Bharatanatyam业余传习|Bharatanatyam|Learning|舞蹈与柔韧|全球南舞蹈与节庆身体,https://en.wikipedia.org/wiki/Bharatanatyam
健身形体/舞蹈与柔韧/全球南舞蹈与节庆身体/古巴萨尔萨与赌场舞Casino,古巴萨尔萨与赌场舞Casino,Cuban Casino / Salsa Social Dance,练「古巴萨尔萨与赌场舞Casino」的同好圈。,古巴萨尔萨与赌场舞Casino|Casino|Cuban|Salsa|Social|Dance|舞蹈与柔韧|全球南舞蹈与节庆身体,https://en.wikipedia.org/wiki/Casino_(salsa_dance)
健身形体/舞蹈与柔韧/全球南舞蹈与节庆身体/夏威夷Hula呼拉舞蹈社群,夏威夷Hula呼拉舞蹈社群,Hawaiian Hula Dance Halau,练「夏威夷Hula呼拉舞蹈社群」的同好圈。,夏威夷Hula呼拉舞蹈社群|Hula|Hawaiian|Dance|Halau|舞蹈与柔韧|全球南舞蹈与节庆身体,https://en.wikipedia.org/wiki/Hula
健身形体/舞蹈与柔韧/全球南舞蹈与节庆身体/巴西Frevo累西腓狂欢舞,巴西Frevo累西腓狂欢舞,Brazilian Frevo Dance,练「巴西Frevo累西腓狂欢舞」的同好圈。,巴西Frevo累西腓狂欢舞|Frevo|Brazilian|Dance|舞蹈与柔韧|全球南舞蹈与节庆身体,https://en.wikipedia.org/wiki/Frevo
健身形体/舞蹈与柔韧/全球南舞蹈与节庆身体/探戈社交舞Milonga场景,探戈社交舞Milonga场景,Tango Social Dancing / Milonga,练「探戈社交舞Milonga场景」的同好圈。,探戈社交舞Milonga场景|Milonga|Tango|Social|Dancing|舞蹈与柔韧|全球南舞蹈与节庆身体,https://en.wikipedia.org/wiki/Milonga_(place)
健身形体/舞蹈与柔韧/全球南舞蹈与节庆身体/斐济Meke歌舞社群,斐济Meke歌舞社群,Fijian Meke Dance,练「斐济Meke歌舞社群」（Fijian Meke Dance）。,斐济Meke歌舞社群|Meke|Fijian|Dance|舞蹈与柔韧|全球南舞蹈与节庆身体,https://en.wikipedia.org/wiki/Meke
健身形体/舞蹈与柔韧/农乐舞队训练,农乐舞队训练,Nongak Community Dance Practice,练「农乐舞队训练」的同好圈。,农乐舞队训练|Nongak|Community|Dance|Practice|舞蹈与柔韧,https://ich.unesco.org/en/RL/nongak-community-band-music-dance-and-rituals-in-the-republic-of-korea-00717
健身形体/舞蹈与柔韧/卡尔贝利亚蛇形舞共练,卡尔贝利亚蛇形舞共练,Kalbelia Dance Practice,练「卡尔贝利亚蛇形舞共练」的同好圈。,卡尔贝利亚蛇形舞共练|Kalbelia|Dance|Practice|舞蹈与柔韧,https://ich.unesco.org/en/RL/kalbelia-folk-songs-and-dances-of-rajasthan-00340
健身形体/舞蹈与柔韧/卡提亚克节庆展演团,卡提亚克节庆展演团,Kathak Festival Performance Troupes,练「卡提亚克节庆展演团」的同好圈。,卡提亚克节庆展演团|Kathak|Festival|Performance|Troupes|舞蹈与柔韧,https://en.wikipedia.org/wiki/Kathak
健身形体/舞蹈与柔韧/古吉拉特加尔巴舞圈,古吉拉特加尔巴舞圈,Garba of Gujarat Dance Circles,练「古吉拉特加尔巴舞圈」的同好圈。,古吉拉特加尔巴舞圈|Garba|of|Gujarat|Dance|Circles|舞蹈与柔韧,https://ich.unesco.org/en/RL/garba-of-gujarat-01962
健身形体/舞蹈与柔韧/巴厘岛Kecak火圈合唱,巴厘岛Kecak火圈合唱,Balinese Kecak Fire-circle Chorus,练「巴厘岛Kecak火圈合唱」的同好圈。,巴厘岛Kecak火圈合唱|Kecak|Balinese|Fire-circle|Chorus|舞蹈与柔韧,https://en.wikipedia.org/wiki/Kecak
健身形体/舞蹈与柔韧/巴厘巴龙舞社群排练,巴厘巴龙舞社群排练,Balinese Barong Dance Troupe Rehearsal,练「巴厘巴龙舞社群排练」的同好圈。,巴厘巴龙舞社群排练|Balinese|Barong|Dance|Troupe|Rehearsal|舞蹈与柔韧,https://en.wikipedia.org/wiki/Barong_(mythology)
健身形体/舞蹈与柔韧/布列塔尼Fest-noz,布列塔尼Fest-noz集体舞,Fest-Noz,练「布列塔尼Fest-noz集体舞」（Fest-Noz）。,布列塔尼Fest-noz集体舞|Fest-noz|Fest-Noz|舞蹈与柔韧|布列塔尼Fest-noz,https://ich.unesco.org/en/RL/fest-noz-festive-gathering-based-on-the-collective-practice-of-traditional-dances-of-brittany-00707
健身形体/舞蹈与柔韧/弗拉门戈掌击节奏班,弗拉门戈掌击节奏班,Flamenco Palmas Rhythm Classes,练「弗拉门戈掌击节奏班」的同好圈。,弗拉门戈掌击节奏班|Flamenco|Palmas|Rhythm|Classes|舞蹈与柔韧,
健身形体/舞蹈与柔韧/弗雷沃狂欢舞训练,弗雷沃狂欢舞训练,Frevo Carnival Dance Practice,练「弗雷沃狂欢舞训练」的同好圈。,弗雷沃狂欢舞训练|Frevo|Carnival|Dance|Practice|舞蹈与柔韧,https://ich.unesco.org/en/RL/frevo-performing-arts-of-the-carnival-of-recife-00603
健身形体/舞蹈与柔韧/恰乌面具舞训练,恰乌面具舞训练,Chhau Mask Dance Practice,练「恰乌面具舞训练」的同好圈。,恰乌面具舞训练|Chhau|Mask|Dance|Practice|舞蹈与柔韧,https://ich.unesco.org/en/RL/chhau-dance-00337
健身形体/舞蹈与柔韧/扁带与平衡/花样扁带Trickline,花样扁带Trickline,Trickline Bouncing Slackline,练「花样扁带Trickline」的同好圈。,花样扁带Trickline|Trickline|Bouncing|Slackline|舞蹈与柔韧|扁带与平衡,https://en.wikipedia.org/wiki/Slacklining
健身形体/舞蹈与柔韧/扎乌利面具舞社群,扎乌利面具舞社群,Zaouli Mask Dance Communities,练「扎乌利面具舞社群」的同好圈。,扎乌利面具舞社群|Zaouli|Mask|Dance|Communities|舞蹈与柔韧,https://ich.unesco.org/en/RL/zaouli-popular-music-and-dance-of-the-guro-people-in-cote-divoire-01255
健身形体/舞蹈与柔韧/抛接与旋转/接触抛球ContactJuggle,接触抛球ContactJuggle,Contact Juggling Isolation,练「接触抛球ContactJuggle」的同好圈。,接触抛球ContactJuggle|ContactJuggle|Contact|Juggling|Isolation|舞蹈与柔韧|抛接与旋转,https://en.wikipedia.org/wiki/Contact_juggling
健身形体/舞蹈与柔韧/抛接与旋转/溜溜球IYYF,溜溜球IYYF,IYYF Yo-yo Contests,练「溜溜球IYYF」（IYYF Yo-yo Contests）。,溜溜球IYYF|IYYF|Yo-yo|Contests|舞蹈与柔韧|抛接与旋转,https://en.wikipedia.org/wiki/Yo-yo
健身形体/舞蹈与柔韧/抛接与旋转/火舞Poi旋转,火舞Poi旋转,Poi Spinning Fire-art Circles,练「火舞Poi旋转」的同好圈。,火舞Poi旋转|Poi|Spinning|Fire-art|Circles|舞蹈与柔韧|抛接与旋转,https://en.wikipedia.org/wiki/Poi_(performance_art)
健身形体/舞蹈与柔韧/接触即兴,接触即兴,Contact Improvisation,练「接触即兴」（Contact Improvisation）。,接触即兴|Contact|Improvisation|舞蹈与柔韧,https://contactquarterly.com/
健身形体/舞蹈与柔韧/欧美民俗传统舞蹈/对舞Contra,对舞Contra,Contra Dance Evenings,练「对舞Contra」的同好圈。,对舞Contra|Contra|Dance|Evenings|舞蹈与柔韧|欧美民俗传统舞蹈,https://en.wikipedia.org/wiki/Contra_dance
健身形体/舞蹈与柔韧/欧美民俗传统舞蹈/美国方形舞Caller,美国方形舞Caller,Square-dance Caller Circles,练「美国方形舞Caller」的同好圈。,美国方形舞Caller|Caller|Square-dance|Circles|舞蹈与柔韧|欧美民俗传统舞蹈,https://en.wikipedia.org/wiki/Square_dance
健身形体/舞蹈与柔韧/欧美民俗传统舞蹈/苏格兰高地舞,苏格兰高地舞,Scottish Highland Dancing,练「苏格兰高地舞」的同好圈。,苏格兰高地舞|Scottish|Highland|Dancing|舞蹈与柔韧|欧美民俗传统舞蹈,https://en.wikipedia.org/wiki/Highland_dance
健身形体/舞蹈与柔韧/民俗舞艺与流艺/英格兰乡村舞ECD,英格兰乡村舞ECD,English Country Dance,练「英格兰乡村舞ECD」的同好圈。,英格兰乡村舞ECD|ECD|English|Country|Dance|舞蹈与柔韧|民俗舞艺与流艺,https://cdss.org/
健身形体/舞蹈与柔韧/爱尔兰Feis踢踏赛会,爱尔兰Feis踢踏赛会,Irish Competitive Step Dance Feis Circuits,练「爱尔兰Feis踢踏赛会」的同好圈。,爱尔兰Feis踢踏赛会|Feis|Irish|Competitive|Step|Dance|Circuits|舞蹈与柔韧,https://en.wikipedia.org/wiki/Irish_stepdance
健身形体/舞蹈与柔韧/社交舞细分/基兹巴Kizomba,基兹巴Kizomba,Kizomba Social Dance Nights,练「基兹巴Kizomba」的同好圈。,基兹巴Kizomba|Kizomba|Social|Dance|Nights|舞蹈与柔韧|社交舞细分,https://en.wikipedia.org/wiki/Kizomba
健身形体/舞蹈与柔韧/社交舞细分/巴西佐克Zouk,巴西佐克Zouk,Brazilian Zouk Dance Scenes,练「巴西佐克Zouk」的同好圈。,巴西佐克Zouk|Zouk|Brazilian|Dance|Scenes|舞蹈与柔韧|社交舞细分,https://en.wikipedia.org/wiki/Brazilian_zouk
健身形体/舞蹈与柔韧/社交舞细分/阿根廷探戈Salon,阿根廷探戈Salon,Salon-style Argentine Tango Milongas,练「阿根廷探戈Salon」的同好圈。,阿根廷探戈Salon|Salon|Salon-style|Argentine|Tango|Milongas|舞蹈与柔韧|社交舞细分,https://en.wikipedia.org/wiki/Argentine_tango
健身形体/舞蹈与柔韧/神乐里神乐社传习,神乐里神乐社传习,Kagura Shrine Troupe Transmission,练「神乐里神乐社传习」的同好圈。,神乐里神乐社传习|Kagura|Shrine|Troupe|Transmission|舞蹈与柔韧,https://en.wikipedia.org/wiki/Kagura
健身形体/舞蹈与柔韧/科洛手拉手环舞,科洛手拉手环舞,Kolo Hand-linked Circle Dance,练「科洛手拉手环舞」的同好圈。,科洛手拉手环舞|Kolo|Hand-linked|Circle|Dance|舞蹈与柔韧,https://ich.unesco.org/en/RL/kolo-traditional-folk-dance-01270
健身形体/舞蹈与柔韧/秩父夜祭屋台踊协作,秩父夜祭屋台踊协作,Chichibu Night Festival Float Dance Crew,练「秩父夜祭屋台踊协作」的同好圈。,秩父夜祭屋台踊协作|Chichibu|Night|Festival|Float|Dance|Crew|舞蹈与柔韧,https://ich.unesco.org/en/RL/yama-hoko-yatai-float-festivals-in-japan-02292
健身形体/舞蹈与柔韧/空中与轮具/德国轮GermanWheel,德国轮GermanWheel,German Wheel Rhönrad Sport,练「德国轮GermanWheel」的同好圈。,德国轮GermanWheel|GermanWheel|German|Wheel|Rh|nrad|Sport|舞蹈与柔韧,https://en.wikipedia.org/wiki/Wheel_gymnastics
健身形体/舞蹈与柔韧/空中与轮具/空中 hoop 钢圈,空中 hoop 钢圈,Lyra Aerial Hoop Circles,练「空中 hoop 钢圈」的同好圈。,空中 hoop 钢圈|hoop|Lyra|Aerial|Hoop|Circles|舞蹈与柔韧|空中与轮具,https://en.wikipedia.org/wiki/Aerial_hoop
健身形体/舞蹈与柔韧/空中与轮具/钢管运动IPSF,钢管运动IPSF,IPSF Pole Sports Amateur,练「钢管运动IPSF」的同好圈。,钢管运动IPSF|IPSF|Pole|Sports|舞蹈与柔韧|空中与轮具,https://en.wikipedia.org/wiki/Pole_sports
健身形体/舞蹈与柔韧/菲律宾Tinikling竹竿舞,菲律宾Tinikling竹竿舞,Tinikling Bamboo Dance Groups,练「菲律宾Tinikling竹竿舞」的同好圈。,菲律宾Tinikling竹竿舞|Tinikling|Bamboo|Dance|Groups|舞蹈与柔韧,https://en.wikipedia.org/wiki/Tinikling
健身形体/舞蹈与柔韧/萨曼坐式节奏舞团,萨曼坐式节奏舞团,Saman Seated Dance Groups,练「萨曼坐式节奏舞团」的同好圈。,萨曼坐式节奏舞团|Saman|Seated|Dance|Groups|舞蹈与柔韧,https://ich.unesco.org/en/USL/saman-dance-00509
健身形体/舞蹈与柔韧/被误认为宗教的身/苏菲旋转舞业余,苏菲旋转舞业余,Sufi Whirling Practice Circles,练「苏菲旋转舞业余」的同好圈。,苏菲旋转舞业余|Sufi|Whirling|Practice|Circles|舞蹈与柔韧|被误认为宗教的身,https://en.wikipedia.org/wiki/Sufi_whirling
健身形体/舞蹈与柔韧/跆跟节令社群练习,跆跟节令社群练习,Taekkyeon Seasonal Community Practice,练「跆跟节令社群练习」的同好圈。,跆跟节令社群练习|Taekkyeon|Seasonal|Community|Practice|舞蹈与柔韧,https://ich.unesco.org/en/RL/taekkyeon-a-traditional-korean-martial-art-00452
健身形体/菲律宾武术/Pekiti-Tirsia Kali,Pekiti-Tirsia Kali,Pekiti-Tirsia Kali,练「Pekiti-Tirsia Kali」的同好圈。,Pekiti-Tirsia Kali|Pekiti-Tirsia|Kali|菲律宾武术,https://en.wikipedia.org/wiki/Pekiti-Tirsia_Kali
健身形体/菲律宾武术/现代Arnis业余,现代Arnis业余,Modern Arnis,练「现代Arnis业余」（Modern Arnis）。,现代Arnis业余|Arnis|Modern|菲律宾武术,https://en.wikipedia.org/wiki/Modern_Arnis
健身形体/身体觉察与舞踏/反主流身/舞踏业余稽古,舞踏业余稽古,Butoh Amateur Keiko,练「舞踏业余稽古」（Butoh Amateur Keiko）。,舞踏业余稽古|Butoh|Keiko|身体觉察与舞踏|反主流身,https://en.wikipedia.org/wiki/Butoh
健身形体/身体觉察与舞踏/费登奎斯方法,费登奎斯方法,Feldenkrais Method,练「费登奎斯方法」（Feldenkrais Method）。,费登奎斯方法|Feldenkrais|Method|身体觉察与舞踏,https://feldenkrais-method.org/
动手制作与电子/3D打印与数控/实验航空与高空气球/美国实验飞机协会EAA,美国实验飞机协会EAA,Experimental Aircraft Association,DIY「美国实验飞机协会EAA」的同好圈。,美国实验飞机协会EAA|EAA|Experimental|Aircraft|Association|3D打印与数控|实验航空与高空气球,https://www.eaa.org/
动手制作与电子/3D打印与数控/欧美创客机床/社区机床FabLab欧,社区机床FabLab欧,European FabLab Machine Circles,DIY「社区机床FabLab欧」的同好圈。,社区机床FabLab欧|FabLab|European|Machine|Circles|3D打印与数控|欧美创客机床,https://en.wikipedia.org/wiki/Fab_lab
动手制作与电子/3D打印与数控/被误认为工厂的模/失蜡法首饰浇铸,失蜡法首饰浇铸,Lost-wax Jewelry Casting Clubs,DIY「失蜡法首饰浇铸」的同好圈。,失蜡法首饰浇铸|Lost-wax|Jewelry|Casting|Clubs|3D打印与数控|被误认为工厂的模,https://en.wikipedia.org/wiki/Lost-wax_casting
动手制作与电子/3D打印与数控/被误认为工厂的模/砂型铸铝车库,砂型铸铝车库,Garage Sand-casting Aluminum,DIY「砂型铸铝车库」的同好圈。,砂型铸铝车库|Garage|Sand-casting|Aluminum|3D打印与数控|被误认为工厂的模,https://en.wikipedia.org/wiki/Sand_casting
动手制作与电子/单片机与嵌入式/固件传习/Arduino固件学徒营,Arduino固件学徒营,Arduino Firmware Apprentice Camps,DIY「Arduino固件学徒营」的同好圈。,Arduino固件学徒营|Arduino|Firmware|Apprentice|Camps|单片机与嵌入式|固件传习,https://en.wikipedia.org/wiki/Arduino
动手制作与电子/单片机与嵌入式/固件传习/RISC-V业余开发板,RISC-V业余开发板,RISC-V Hobby Development Boards,DIY「RISC-V业余开发板」的同好圈。,RISC-V业余开发板|RISC-V|Development|Boards|单片机与嵌入式|固件传习,https://en.wikipedia.org/wiki/RISC-V
动手制作与电子/单片机与嵌入式/固件传习/逻辑分析仪固件,逻辑分析仪固件,Logic-analyzer Firmware Hacking Circles,DIY「逻辑分析仪固件」的同好圈。,逻辑分析仪固件|Logic-analyzer|Firmware|Hacking|Circles|单片机与嵌入式|固件传习,https://en.wikipedia.org/wiki/Sigrok
动手制作与电子/单片机与嵌入式/被误认为工厂的仪/自建地震仪网络,自建地震仪网络,Home Seismograph Station Nets,DIY「自建地震仪网络」的同好圈。,自建地震仪网络|Home|Seismograph|Station|Nets|单片机与嵌入式|被误认为工厂的仪,https://en.wikipedia.org/wiki/Amateur_seismology
动手制作与电子/单片机与嵌入式/键盘固件与改装/QMK固件定制,QMK固件定制,QMK Firmware,DIY「QMK固件定制」（QMK Firmware）。,QMK固件定制|QMK|Firmware|单片机与嵌入式|键盘固件与改装,https://docs.qmk.fm/
动手制作与电子/单片机与嵌入式/键盘固件与改装/ZMK无线键盘固件,ZMK无线键盘固件,ZMK Firmware,DIY「ZMK无线键盘固件」（ZMK Firmware）。,ZMK无线键盘固件|ZMK|Firmware|单片机与嵌入式|键盘固件与改装,https://zmk.dev/
动手制作与电子/单片机与嵌入式/键盘固件与改装/机械键盘轴体润滑,机械键盘轴体润滑,Switch Lubing,DIY「机械键盘轴体润滑」（Switch Lubing）。,机械键盘轴体润滑|Switch|Lubing|单片机与嵌入式|键盘固件与改装,https://github.com/qmk/qmk_firmware
动手制作与电子/复古计算/复古计算机节,复古计算机节VCF,Vintage Computer Festival,DIY「复古计算机节VCF」的同好圈。,复古计算机节VCF|VCF|Vintage|Computer|Festival|复古计算|复古计算机节,https://vcfed.org/
动手制作与电子/无线电与业余电台/CWops电码学院,CWops摩尔斯操作与学院,CWops CW Operating & Academy,DIY「CWops摩尔斯操作与学院」的同好圈。,CWops摩尔斯操作与学院|CWops|CW|Operating|Academy|无线电与业余电台|CWops电码学院,https://cwops.org/
动手制作与电子/无线电与业余电台/QRP与低功率/ARRL手持与便携操作,ARRL手持与便携操作,ARRL Portable Ops,DIY「ARRL手持与便携操作」的同好圈。,ARRL手持与便携操作|ARRL|Portable|Ops|无线电与业余电台|QRP与低功率,https://www.arrl.org/
动手制作与电子/无线电与业余电台/QRP与低功率/Parks On The Air,Parks On The Air,POTA,DIY「Parks On The Air」（POTA）。,Parks On The Air|Parks|On|Air|POTA|无线电与业余电台|QRP与低功率,https://parksontheair.com/
动手制作与电子/无线电与业余电台/QRP与低功率/QRP Labs实验电台,QRP Labs实验电台,QRP Labs,DIY「QRP Labs实验电台」（QRP Labs）。,QRP Labs实验电台|QRP|Labs|无线电与业余电台|QRP与低功率,https://qrp-labs.com/
动手制作与电子/无线电与业余电台/QRP与低功率/Summits On The Air,Summits On The Air,SOTA,DIY「Summits On The Air」（SOTA）。,Summits On The Air|Summits|On|Air|SOTA|无线电与业余电台|QRP与低功率,https://www.sota.org.uk/
动手制作与电子/无线电与业余电台/六米波段UKSMG,六米波段业余操作,50 MHz Six Metre Amateur Operation,DIY「六米波段业余操作」的同好圈。,六米波段业余操作|MHz|Six|Metre|Operation|无线电与业余电台|六米波段UKSMG,https://uksmg.org/
动手制作与电子/无线电与业余电台/图像月面与卫星/AMSAT业余卫星,AMSAT业余卫星,AMSAT Amateur Satellite,DIY「AMSAT业余卫星」的同好圈。,AMSAT业余卫星|AMSAT|Satellite|无线电与业余电台|图像月面与卫星,https://www.amsat.org/
动手制作与电子/无线电与业余电台/图像月面与卫星/SSTV慢扫描电视,SSTV慢扫描电视,Amateur SSTV,DIY「SSTV慢扫描电视」（Amateur SSTV）。,SSTV慢扫描电视|SSTV|无线电与业余电台|图像月面与卫星,https://en.wikipedia.org/wiki/Slow-scan_television
动手制作与电子/无线电与业余电台/城堡电台WCA,城堡业余电台启动WCA,Castles On The Air (WCA),DIY「城堡业余电台启动WCA」的同好圈。,城堡业余电台启动WCA|WCA|Castles|On|Air|无线电与业余电台|城堡电台WCA,https://wcagroup.org/
动手制作与电子/无线电与业余电台/奖赏与激活项目/IOTA岛上业余电台激活,IOTA岛上业余电台激活,Islands On The Air,DIY「IOTA岛上业余电台激活」的同好圈。,IOTA岛上业余电台激活|IOTA|Islands|On|Air|无线电与业余电台|奖赏与激活项目,https://www.iota-world.org/
动手制作与电子/无线电与业余电台/奖赏与激活项目/WWFF动植物保护区电台激活,WWFF动植物保护区电台激活,World Wide Flora & Fauna,DIY「WWFF动植物保护区电台激活」的同好圈。,WWFF动植物保护区电台激活|WWFF|World|Wide|Flora|Fauna|无线电与业余电台|奖赏与激活项目,https://wwff.co/
动手制作与电子/无线电与业余电台/执照路径/业余无线电执照考班,业余无线电执照考班,Amateur Radio License Study Classes,DIY「业余无线电执照考班」的同好圈。,业余无线电执照考班|Radio|License|Study|Classes|无线电与业余电台|执照路径,
动手制作与电子/无线电与业余电台/执照路径/志愿考官VE团队,志愿考官VE团队,Volunteer Examiner Teams,DIY「志愿考官VE团队」的同好圈。,志愿考官VE团队|VE|Volunteer|Examiner|Teams|无线电与业余电台|执照路径,
动手制作与电子/无线电与业余电台/摩尔斯保存FISTS,FISTS摩尔斯电码保存,FISTS Morse Code Preservation,DIY「FISTS摩尔斯电码保存」的同好圈。,FISTS摩尔斯电码保存|FISTS|Morse|Code|Preservation|无线电与业余电台|摩尔斯保存FISTS,https://fists.co.uk/
动手制作与电子/无线电与业余电台/数字与传习/CW高时速拷贝,CW高时速拷贝,High-speed CW Copy Practice,DIY「CW高时速拷贝」的同好圈。,CW高时速拷贝|CW|High-speed|Copy|Practice|无线电与业余电台|数字与传习,https://en.wikipedia.org/wiki/Morse_code
动手制作与电子/无线电与业余电台/数字与传习/D-STAR数字语音中继,D-STAR数字语音中继,D-STAR Digital Voice Repeaters,DIY「D-STAR数字语音中继」的同好圈。,D-STAR数字语音中继|D-STAR|Digital|Voice|Repeaters|无线电与业余电台|数字与传习,https://en.wikipedia.org/wiki/D-STAR
动手制作与电子/无线电与业余电台/欧美HAM社/ARRL地方无线电社,ARRL地方无线电社,ARRL Affiliated Club Nets,DIY「ARRL地方无线电社」的同好圈。,ARRL地方无线电社|ARRL|Affiliated|Nets|无线电与业余电台|欧美HAM社,
动手制作与电子/无线电与业余电台/欧美HAM社/RSGB地方无线电社,RSGB地方无线电社,RSGB Local Radio Societies,DIY「RSGB地方无线电社」的同好圈。,RSGB地方无线电社|RSGB|Local|Radio|Societies|无线电与业余电台|欧美HAM社,https://en.wikipedia.org/wiki/Radio_Society_of_Great_Britain
动手制作与电子/无线电与业余电台/澳大利亚电子管收音机修复,澳大利亚电子管收音机修复,Historical Radio Society of Australia,DIY「澳大利亚电子管收音机修复」的同好圈。,澳大利亚电子管收音机修复|Historical|Radio|Society|of|Australia|无线电与业余电台,https://hrsa.org.au/
动手制作与电子/无线电与业余电台/灯塔电台ARLHS,灯塔业余电台启动,Amateur Radio Lighthouse Activating,DIY「灯塔业余电台启动」的同好圈。,灯塔业余电台启动|Radio|Lighthouse|Activating|无线电与业余电台|灯塔电台ARLHS,https://arlhs.com/
动手制作与电子/无线电与业余电台/野外日架台志愿周末,野外日架台志愿周末,Amateur Radio Field Day Setup Weekend,DIY「野外日架台志愿周末」的同好圈。,野外日架台志愿周末|Radio|Field|Day|Setup|Weekend|无线电与业余电台,https://www.arrl.org/field-day
动手制作与电子/无线电与业余电台/频谱与模式实践/BATC业余电视传输实践,BATC业余电视传输实践,Amateur Television (BATC),DIY「BATC业余电视传输实践」的同好圈。,BATC业余电视传输实践|BATC|Television|无线电与业余电台|频谱与模式实践,https://batc.org.uk/
动手制作与电子/无线电与业余电台/频谱与模式实践/BrandMeister数字中继网实践,BrandMeister数字中继网实践,BrandMeister DMR Networking,DIY「BrandMeister数字中继网实践」的同好圈。,BrandMeister数字中继网实践|BrandMeister|DMR|Networking|无线电与业余电台|频谱与模式实践,https://brandmeister.network/
动手制作与电子/无线电与业余电台/频谱与模式实践/EME地月反射通信实践,EME地月反射通信实践,EME Moonbounce Communication,DIY「EME地月反射通信实践」的同好圈。,EME地月反射通信实践|EME|Moonbounce|Communication|无线电与业余电台|频谱与模式实践,https://en.wikipedia.org/wiki/Earth%E2%80%93Moon%E2%80%93Earth_communication
动手制作与电子/无线电与业余电台/频谱与模式实践/IARU频谱守护与联合会实务,IARU频谱守护与联合会实务,IARU Spectrum Advocacy Practice,DIY「IARU频谱守护与联合会实务」的同好圈。,IARU频谱守护与联合会实务|IARU|Spectrum|Advocacy|Practice|无线电与业余电台|频谱与模式实践,https://www.iaru.org/
动手制作与电子/无线电与业余电台/频谱与模式实践/JARL日本业余无线联盟实践,JARL日本业余无线联盟实践,JARL Amateur Radio Practice,DIY「JARL日本业余无线联盟实践」的同好圈。,JARL日本业余无线联盟实践|JARL|Radio|Practice|无线电与业余电台|频谱与模式实践,https://www.jarl.org/
动手制作与电子/无线电与业余电台/频谱与模式实践/KiwiSDR公开接收机网络,KiwiSDR公开接收机网络,KiwiSDR Public Receiver Network,DIY「KiwiSDR公开接收机网络」的同好圈。,KiwiSDR公开接收机网络|KiwiSDR|Public|Receiver|Network|无线电与业余电台|频谱与模式实践,http://www.kiwisdr.com/
动手制作与电子/无线电与业余电台/频谱与模式实践/QRPARCI低功率俱乐部实践,QRPARCI低功率俱乐部实践,QRP Amateur Radio Club International,DIY「QRPARCI低功率俱乐部实践」的同好圈。,QRPARCI低功率俱乐部实践|QRPARCI|QRP|Radio|International|无线电与业余电台|频谱与模式实践,https://www.qrparci.org/
动手制作与电子/无线电与业余电台/频谱与模式实践/RSGB英国业余无线电实践,RSGB英国业余无线电实践,RSGB Amateur Radio Practice,DIY「RSGB英国业余无线电实践」的同好圈。,RSGB英国业余无线电实践|RSGB|Radio|Practice|无线电与业余电台|频谱与模式实践,https://rsgb.org/
动手制作与电子/无线电与业余电台/频谱与模式实践/WSJT数字弱信号模式操作,WSJT数字弱信号模式操作,WSJT Weak-Signal Digital Modes,DIY「WSJT数字弱信号模式操作」的同好圈。,WSJT数字弱信号模式操作|WSJT|Weak-Signal|Digital|Modes|无线电与业余电台|频谱与模式实践,https://wsjtx.github.io/wsjtx/
动手制作与电子/无线电与业余电台/频谱与模式实践/WSPR弱信号传播报告网,WSPR弱信号传播报告网,WSPR Propagation Reporting,DIY「WSPR弱信号传播报告网」的同好圈。,WSPR弱信号传播报告网|WSPR|Propagation|Reporting|无线电与业余电台|频谱与模式实践,https://www.wsprnet.org/
动手制作与电子/无线电与业余电台/频谱与模式实践/业余卫星QO-100操作实践,业余卫星QO-100操作实践,QO-100 Geostationary Amateur Satellite Ops,DIY「业余卫星QO-100操作实践」的同好圈。,业余卫星QO-100操作实践|QO-100|Geostationary|Satellite|Ops|无线电与业余电台|频谱与模式实践,https://amsat-dl.org/en/qatar-oscar-100-qo-100/
动手制作与电子/无线电与业余电台/频谱与模式实践/反向信标网RBN听测,反向信标网RBN听测,Reverse Beacon Network Skimming,DIY「反向信标网RBN听测」的同好圈。,反向信标网RBN听测|RBN|Reverse|Beacon|Network|Skimming|无线电与业余电台|频谱与模式实践,https://www.reversebeacon.net/
动手制作与电子/无线电与业余电台/频谱与模式实践/直键CW世纪俱乐部实践,直键CW世纪俱乐部实践,Straight Key Century Club CW,DIY「直键CW世纪俱乐部实践」的同好圈。,直键CW世纪俱乐部实践|CW|Straight|Key|Century|无线电与业余电台|频谱与模式实践,https://www.skccgroup.com/
动手制作与电子/无线电与业余电台/频谱与模式实践/短波广播收听NASWA实践,短波广播收听NASWA实践,NASWA Shortwave Listening,DIY「短波广播收听NASWA实践」的同好圈。,短波广播收听NASWA实践|NASWA|Shortwave|Listening|无线电与业余电台|频谱与模式实践,https://www.naswa.net/
动手制作与电子/无线电与业余电台/频谱与模式实践/英国业余高空气球HAB,英国业余高空气球HAB,UKHAS High-Altitude Ballooning,DIY「英国业余高空气球HAB」的同好圈。,英国业余高空气球HAB|HAB|UKHAS|High-Altitude|Ballooning|无线电与业余电台|频谱与模式实践,https://en.wikipedia.org/wiki/High-altitude_balloon#Amateur_radio
动手制作与电子/无线电与业余电台/频谱与模式实践/英国微波业余电台实践,英国微波业余电台实践,UK Microwave Group Practice,DIY「英国微波业余电台实践」的同好圈。,英国微波业余电台实践|UK|Microwave|Group|Practice|无线电与业余电台|频谱与模式实践,https://www.microwavers.org/
动手制作与电子/无线电与业余电台/高空气球载荷跟踪业余,高空气球载荷跟踪业余,HAB Payload Tracking Hobby,DIY「高空气球载荷跟踪业余」的同好圈。,高空气球载荷跟踪业余|HAB|Payload|Tracking|无线电与业余电台,
动手制作与电子/无线电业余/美国业余无线电联盟ARRL,美国业余无线电联盟ARRL,ARRL Amateur Radio,DIY「美国业余无线电联盟ARRL」的同好圈。,美国业余无线电联盟ARRL|ARRL|Radio|无线电业余,https://www.arrl.org/
动手制作与电子/无线电频谱实践/听音与自然无线电/时间信号台DX,时间信号台DX,Time-signal Station DXing,DIY「时间信号台DX」的同好圈。,时间信号台DX|DX|Time-signal|Station|DXing|无线电频谱实践|听音与自然无线电,
动手制作与电子/无线电频谱实践/听音与自然无线电/晶体检波收音机DX,晶体检波收音机DX,Crystal-set DX Listening,DIY「晶体检波收音机DX」的同好圈。,晶体检波收音机DX|DX|Crystal-set|Listening|无线电频谱实践|听音与自然无线电,https://en.wikipedia.org/wiki/Crystal_radio
动手制作与电子/无线电频谱实践/听音与自然无线电/流星散射通信,流星散射通信,Meteor-scatter Amateur Comms,DIY「流星散射通信」的同好圈。,流星散射通信|Meteor-scatter|Comms|无线电频谱实践|听音与自然无线电,https://en.wikipedia.org/wiki/Meteor_burst_communications
动手制作与电子/无线电频谱实践/听音与自然无线电/甚低频哨声监听,甚低频哨声监听,VLF Natural Radio Whistlers,DIY「甚低频哨声监听」的同好圈。,甚低频哨声监听|VLF|Natural|Radio|Whistlers|无线电频谱实践|听音与自然无线电,https://en.wikipedia.org/wiki/Whistler_(radio)
动手制作与电子/机械计算/差分机复原建造,差分机复原建造,Difference Engine Recreation,DIY「差分机复原建造」的同好圈。,差分机复原建造|Difference|Engine|Recreation|机械计算,https://en.wikipedia.org/wiki/Difference_engine
动手制作与电子/真空管/尼克斯管时钟制作,尼克斯管时钟制作,Nixie Tube Clock Building,DIY「尼克斯管时钟制作」的同好圈。,尼克斯管时钟制作|Nixie|Tube|Clock|Building|真空管,https://en.wikipedia.org/wiki/Nixie_tube
动手制作与电子/真空管/真空管音频DIY社,真空管音频DIY社,Vacuum Tube Audio DIY,DIY「真空管音频DIY社」的同好圈。,真空管音频DIY社|DIY|Vacuum|Tube|Audio|真空管,https://en.wikipedia.org/wiki/Valve_amplifier
动手制作与电子/纺织电子/电子刺绣与导电织物,电子刺绣与导电织物,E-textiles Conductive Embroidery,DIY「电子刺绣与导电织物」的同好圈。,电子刺绣与导电织物|E-textiles|Conductive|Embroidery|纺织电子,https://en.wikipedia.org/wiki/E-textiles
动手制作与电子/纺织电子/编织机程序打孔带复原,编织机程序打孔带复原,Punched-card Knitting Machine Hacking,DIY「编织机程序打孔带复原」的同好圈。,编织机程序打孔带复原|Punched-card|Knitting|Machine|Hacking|纺织电子,https://en.wikipedia.org/wiki/Knitting_machine
动手制作与电子/高压业余/特斯拉线圈业余安全圈,特斯拉线圈业余安全圈,Tesla Coil Building Clubs,DIY「特斯拉线圈业余安全圈」的同好圈。,特斯拉线圈业余安全圈|Tesla|Coil|Building|Clubs|高压业余,https://en.wikipedia.org/wiki/Tesla_coil
动手制作与电子/高压业余/静电起电机Wimshurst复原,静电起电机Wimshurst复原,Wimshurst Machine Recreation,DIY「静电起电机Wimshurst复原」的同好圈。,静电起电机Wimshurst复原|Wimshurst|Machine|Recreation|高压业余,https://en.wikipedia.org/wiki/Wimshurst_machine
动植物饲养与园艺/专项园艺展评/北美大丽花协会展评,北美大丽花协会展评,American Dahlia Society Shows,养「北美大丽花协会展评」的同好圈。,北美大丽花协会展评|American|Dahlia|Society|Shows|专项园艺展评,https://www.dahlia.org/
动植物饲养与园艺/专项园艺展评/北美鸢尾协会分会,北美鸢尾协会分会,American Iris Society Chapters,养「北美鸢尾协会分会」的同好圈。,北美鸢尾协会分会|American|Iris|Society|Chapters|专项园艺展评,https://www.irises.org/
动植物饲养与园艺/专项园艺展评/英国信鸽竞翔协会,英国信鸽竞翔协会,Royal Pigeon Racing Association,养「英国信鸽竞翔协会」的同好圈。,英国信鸽竞翔协会|Royal|Pigeon|Racing|Association|专项园艺展评,https://www.rpra.org/
动植物饲养与园艺/专项园艺展评/英国高山植物协会,英国高山植物协会,Alpine Garden Society,养「英国高山植物协会」的同好圈。,英国高山植物协会|Alpine|Garden|Society|专项园艺展评,https://www.alpinegardensociety.net/
动植物饲养与园艺/原生植物与种子保存/American Bonsai Society,American Bonsai Society,American Bonsai Society,养「American Bonsai Society」的同好圈。,American Bonsai Society|American|Bonsai|Society|原生植物与种子保存,https://www.bonsai-abs.org/
动植物饲养与园艺/原生植物与种子保存/American Community Gardening Association,American Community Gardening Association,American Community Gardening Association,「American Community Gardening Associatio,American Community Gardening Association|American|Community|Gardening|Association|原生植物与种子保存,https://www.communitygarden.org/
动植物饲养与园艺/原生植物与种子保存/American Orchid Society,American Orchid Society,American Orchid Society,养「American Orchid Society」的同好圈。,American Orchid Society|American|Orchid|Society|原生植物与种子保存,https://www.aos.org/
动植物饲养与园艺/原生植物与种子保存/American Rose Society,American Rose Society,American Rose Society,养「American Rose Society」的同好圈。,American Rose Society|American|Rose|Society|原生植物与种子保存,https://www.rose.org/
动植物饲养与园艺/原生植物与种子保存/California Native Plant Society,California Native Plant Society,California Native Plant Society,养「California Native Plant Society」的同好圈。,California Native Plant Society|California|Native|Plant|Society|原生植物与种子保存,https://www.cnps.org/
动植物饲养与园艺/原生植物与种子保存/Hardy Plant Society英美,Hardy Plant Society英美,Hardy Plant Society,养「Hardy Plant Society英美」的同好圈。,Hardy Plant Society英美|Hardy|Plant|Society|原生植物与种子保存,https://www.hardy-plant.org.uk/
动植物饲养与园艺/原生植物与种子保存/Native Plant Trust新英格兰,Native Plant Trust新英格兰,Native Plant Trust,养「Native Plant Trust新英格兰」的同好圈。,Native Plant Trust新英格兰|Native|Plant|Trust|原生植物与种子保存,https://www.nativeplanttrust.org/
动植物饲养与园艺/园艺与植物栽培/专类植物社群/AOS兰花,兰花栽培（AOS 体系）,Orchid Growing (AOS),养「兰花栽培（AOS 体系）」的同好圈。,兰花栽培（AOS 体系）|AOS|Orchid|Growing|园艺与植物栽培|专类植物社群,https://www.aos.org/
动植物饲养与园艺/园艺与植物栽培/专类植物社群/食虫植物,食虫植物栽培,Carnivorous Plant Growing,养「食虫植物栽培」的同好圈。,食虫植物栽培|Carnivorous|Plant|Growing|园艺与植物栽培|专类植物社群,https://www.carnivorousplants.org/
动植物饲养与园艺/园艺与植物栽培/原生植物园艺,原生植物园艺,Native Plant Gardening,养「原生植物园艺」的同好圈。,原生植物园艺|Native|Plant|Gardening|园艺与植物栽培,https://www.wildflower.org/
动植物饲养与园艺/园艺与植物栽培/盆景展评,盆景造型与展评,Bonsai Practice & Exhibitions,养「盆景造型与展评」的同好圈。,盆景造型与展评|Bonsai|Practice|Exhibitions|园艺与植物栽培|盆景展评,https://www.bonsai-nbf.org/
动植物饲养与园艺/园艺与植物栽培/种子保存交换,种子保存与交换,Seed Saving & Swaps,养「种子保存与交换」（Seed Saving & Swaps）。,种子保存与交换|Seed|Saving|Swaps|园艺与植物栽培|种子保存交换,https://www.seedsavers.org/
动植物饲养与园艺/园艺与植物栽培/菌菇野外识别,菌菇野外识别社群,Mycology Foraying Clubs,养「菌菇野外识别社群」的同好圈。,菌菇野外识别社群|Mycology|Foraying|Clubs|园艺与植物栽培|菌菇野外识别,https://namyco.org/
动植物饲养与园艺/地方园艺协会/美国州级fair园艺竞赛,美国州级fair园艺竞赛,State Fair Horticulture Contests,养「美国州级fair园艺竞赛」的同好圈。,美国州级fair园艺竞赛|fair|State|Fair|Horticulture|Contests|地方园艺协会,https://www.minnesota-statefair.org/
动植物饲养与园艺/地方园艺协会/英国皇家园艺学会RHS,英国皇家园艺学会地方分会,RHS Affiliated Societies,养「英国皇家园艺学会地方分会」的同好圈。,英国皇家园艺学会地方分会|RHS|Affiliated|Societies|地方园艺协会|英国皇家园艺学会RHS,https://www.rhs.org.uk/
动植物饲养与园艺/水族与水生/溪流缸造景,溪流缸 / 河川缸,River Aquarium / Stream Tank,养「溪流缸 / 河川缸」的同好圈。,溪流缸 / 河川缸|River|Aquarium|Stream|Tank|水族与水生|溪流缸造景,https://www.tfhmagazine.com/
动植物饲养与园艺/水族与水生/造景与虾蟹/IAPLC水草造景赛,IAPLC 国际水草造景大赛,IAPLC Aquascaping Contest,养「IAPLC 国际水草造景大赛」的同好圈。,IAPLC 国际水草造景大赛|IAPLC|Aquascaping|Contest|水族与水生|造景与虾蟹,https://en.adana.co.jp/iaplc/
动植物饲养与园艺/水族与水生/造景与虾蟹/水晶虾饲育,水晶虾 / 蜜蜂虾饲育,Crystal Red / Bee Shrimp Keeping,养「水晶虾 / 蜜蜂虾饲育」的同好圈。,水晶虾 / 蜜蜂虾饲育|Crystal|Red|Bee|Shrimp|Keeping|水族与水生|造景与虾蟹,https://www.shrimpnow.com/
动植物饲养与园艺/水族与水生/造景与虾蟹/海水礁岩缸,海水礁岩生态缸,Reef Aquarium Keeping,养「海水礁岩生态缸」的同好圈。,海水礁岩生态缸|Reef|Aquarium|Keeping|水族与水生|造景与虾蟹,https://www.reef2reef.com/
动植物饲养与园艺/水族与水生/锦鲤饲育,锦鲤饲育与品评,Koi Keeping & Showing,养「锦鲤饲育与品评」的同好圈。,锦鲤饲育与品评|Koi|Keeping|Showing|水族与水生|锦鲤饲育,https://www.japan-nishikigoi.org/
动植物饲养与园艺/水族与爬宠/水族细分/七彩神仙鱼品评,七彩神仙鱼品评,Discus Showing Circles,养「七彩神仙鱼品评」的同好圈。,七彩神仙鱼品评|Discus|Showing|Circles|水族与爬宠|水族细分,https://en.wikipedia.org/wiki/Discus_(fish)
动植物饲养与园艺/水族与爬宠/水族细分/金鱼兰寿品评,金鱼兰寿品评,Ranchu Goldfish Showing,养「金鱼兰寿品评」的同好圈。,金鱼兰寿品评|Ranchu|Goldfish|Showing|水族与爬宠|水族细分,https://en.wikipedia.org/wiki/Ranchu
动植物饲养与园艺/水族与爬宠/造景水族/ADA自然水族造景,ADA自然水族造景,Nature Aquarium ADA,养「ADA自然水族造景」的同好圈。,ADA自然水族造景|ADA|Nature|Aquarium|水族与爬宠|造景水族,https://www.adana.co.jp/en/
动植物饲养与园艺/水族与爬宠/造景水族/Iwagumi岩景,Iwagumi岩景,Iwagumi Aquascape,养「Iwagumi岩景」（Iwagumi Aquascape）。,Iwagumi岩景|Iwagumi|Aquascape|水族与爬宠|造景水族,https://en.wikipedia.org/wiki/Aquascaping
动植物饲养与园艺/水族与爬宠/造景水族/荷兰式水族造景,荷兰式水族造景,Dutch Aquascaping,养「荷兰式水族造景」（Dutch Aquascaping）。,荷兰式水族造景|Dutch|Aquascaping|水族与爬宠|造景水族,https://en.wikipedia.org/wiki/Aquascaping
动植物饲养与园艺/水族与爬宠/锦鲤品评会季节评审,锦鲤品评会季节评审,Koi Show Seasonal Judging Circuit,养「锦鲤品评会季节评审」的同好圈。,锦鲤品评会季节评审|Koi|Show|Seasonal|Judging|Circuit|水族与爬宠,https://en.wikipedia.org/wiki/Koi
动植物饲养与园艺/水族爬宠与菌菇/American Ferret Association,American Ferret Association,American Ferret Association,养「American Ferret Association」的同好圈。,American Ferret Association|American|Ferret|Association|水族爬宠与菌菇,https://www.ferret.org/
动植物饲养与园艺/水族爬宠与菌菇/Associated Koi Clubs of America,Associated Koi Clubs of America,Associated Koi Clubs of America,养「Associated Koi Clubs of America」的同好圈。,Associated Koi Clubs of America|Associated|Koi|Clubs|of|America|水族爬宠与菌菇,https://www.akca.org/
动植物饲养与园艺/水族爬宠与菌菇/MASNA海水水族,MASNA海水水族,Marine Aquarium Societies of North America,养「MASNA海水水族」的同好圈。,MASNA海水水族|MASNA|Marine|Aquarium|Societies|of|North|America,https://masna.org/
动植物饲养与园艺/水族爬宠与菌菇/Project FeederWatch观鸟喂食器,Project FeederWatch观鸟喂食器,Project FeederWatch,养「Project FeederWatch观鸟喂食器」的同好圈。,Project FeederWatch观鸟喂食器|Project|FeederWatch|水族爬宠与菌菇,https://feederwatch.org/
动植物饲养与园艺/犬猫与小宠/传习训地/牧羊犬试验田,牧羊犬试验田,Sheepdog Trial Fields Amateur,养「牧羊犬试验田」的同好圈。,牧羊犬试验田|Sheepdog|Trial|Fields|犬猫与小宠|传习训地,https://en.wikipedia.org/wiki/Sheepdog_trial
动植物饲养与园艺/犬猫与小宠/家禽庭院饲养/城市养蜂业余,城市养蜂业余,Urban Beekeeping,养「城市养蜂业余」（Urban Beekeeping）。,城市养蜂业余|Urban|Beekeeping|犬猫与小宠|家禽庭院饲养,https://www.bbka.org.uk/
动植物饲养与园艺/犬猫与小宠/展评与训/豚鼠展评ACBA,豚鼠展评ACBA,ACBA Cavy Showing,养「豚鼠展评ACBA」（ACBA Cavy Showing）。,豚鼠展评ACBA|ACBA|Cavy|Showing|犬猫与小宠|展评与训,
动植物饲养与园艺/犬猫与小宠/展评与训/金丝雀歌唱赛,金丝雀歌唱赛,Canary Song Contests,养「金丝雀歌唱赛」（Canary Song Contests）。,金丝雀歌唱赛|Canary|Song|Contests|犬猫与小宠|展评与训,https://en.wikipedia.org/wiki/Domestic_canary
动植物饲养与园艺/犬猫与小宠/猫展评协会周末展,猫展评协会周末展,Cat Fancy Weekend Championship Show,养「猫展评协会周末展」的同好圈。,猫展评协会周末展|Cat|Fancy|Weekend|Championship|Show|犬猫与小宠,https://cfa.org/
动植物饲养与园艺/禽畜与蜂业/世界养蜂大会参会社群,世界养蜂大会参会社群,Apimondia World Beekeeping Congress,养「世界养蜂大会参会社群」的同好圈。,世界养蜂大会参会社群|Apimondia|World|Beekeeping|Congress|禽畜与蜂业,https://www.apimondia.org/
动植物饲养与园艺/禽畜与蜂业/信鸽协会放飞典礼,信鸽协会放飞典礼,Racing Pigeon Club Liberation Ceremony,养「信鸽协会放飞典礼」的同好圈。,信鸽协会放飞典礼|Racing|Pigeon|Liberation|Ceremony|禽畜与蜂业,https://en.wikipedia.org/wiki/Pigeon_racing
动植物饲养与园艺/禽畜与蜂业/信鸽竞翔,信鸽竞翔,Pigeon Racing,养「信鸽竞翔」（Pigeon Racing）。,信鸽竞翔|Pigeon|Racing|禽畜与蜂业,https://www.pigeon.org/
动植物饲养与园艺/禽畜与蜂业/家兔展评ARBA,家兔展评（ARBA）,Rabbit Showing (ARBA),养「家兔展评（ARBA）」的同好圈。,家兔展评（ARBA）|ARBA|Rabbit|Showing|禽畜与蜂业|家兔展评ARBA,https://arba.net/
动植物饲养与园艺/禽畜与蜂业/欧美禽畜展/县集市家禽展评,县集市家禽展评,County-fair Poultry Showing,养「县集市家禽展评」的同好圈。,县集市家禽展评|County-fair|Poultry|Showing|禽畜与蜂业|欧美禽畜展,
动植物饲养与园艺/禽畜与蜂业/美国养蜂联合会年会,美国养蜂联合会年会,American Beekeeping Federation Conference,养「美国养蜂联合会年会」的同好圈。,美国养蜂联合会年会|American|Beekeeping|Federation|Conference|禽畜与蜂业,https://www.abfnet.org/
动植物饲养与园艺/禽畜与蜂业/迷你畜与蜂/无刺蜂蜜罐,无刺蜂蜜罐,Stingless-bee Pot-honey Keeping,养「无刺蜂蜜罐」的同好圈。,无刺蜂蜜罐|Stingless-bee|Pot-honey|Keeping|禽畜与蜂业|迷你畜与蜂,https://en.wikipedia.org/wiki/Stingless_bee
动植物饲养与园艺/禽畜与蜂业/鹌鹑饲养,鹌鹑庭院饲养,Quail Keeping,养「鹌鹑庭院饲养」（Quail Keeping）。,鹌鹑庭院饲养|Quail|Keeping|禽畜与蜂业|鹌鹑饲养,https://livestockconservancy.org/
动植物饲养与园艺/禽畜保育品种/Alpaca Owners Association,Alpaca Owners Association,Alpaca Owners Association,养「Alpaca Owners Association」的同好圈。,Alpaca Owners Association|Alpaca|Owners|Association|禽畜保育品种,https://www.alpacainfo.com/
动植物饲养与园艺/禽畜保育品种/American Guinea Pig Breeders,American Guinea Pig Breeders,American Cavy Breeders Association,养「American Guinea Pig Breeders」的同好圈。,American Guinea Pig Breeders|American|Guinea|Pig|Breeders|Cavy|Association|禽畜保育品种,https://www.acbaonline.com/
动植物饲养与园艺/禽畜保育品种/American Poultry Association,American Poultry Association,American Poultry Association,养「American Poultry Association」的同好圈。,American Poultry Association|American|Poultry|Association|禽畜保育品种,https://amerpoultryassn.com/
动植物饲养与园艺/禽畜保育品种/National Pigeon Association,National Pigeon Association,National Pigeon Association,养「National Pigeon Association」的同好圈。,National Pigeon Association|National|Pigeon|Association|禽畜保育品种,https://www.npausa.com/
动植物饲养与园艺/禽畜保育品种/Rare Breeds Survival Trust,Rare Breeds Survival Trust,Rare Breeds Survival Trust,养「Rare Breeds Survival Trust」的同好圈。,Rare Breeds Survival Trust|Rare|Breeds|Survival|Trust|禽畜保育品种,https://www.rbst.org.uk/
动植物饲养与园艺/禽畜保育品种/The Livestock Conservancy,The Livestock Conservancy,The Livestock Conservancy,养「The Livestock Conservancy」的同好圈。,The Livestock Conservancy|Livestock|Conservancy|禽畜保育品种,https://livestockconservancy.org/
动植物饲养与园艺/蜂与授粉/英国养蜂人协会,英国养蜂人协会BBKA,British Beekeepers Association,养「英国养蜂人协会BBKA」的同好圈。,英国养蜂人协会BBKA|BBKA|British|Beekeepers|Association|蜂与授粉|英国养蜂人协会,https://www.bbka.org.uk/
动植物饲养与园艺/观赏植物与园艺/专类植物协会/冬青协会Holly,冬青协会Holly,Holly Society of America,养「冬青协会Holly」的同好圈。,冬青协会Holly|Holly|Society|of|America|观赏植物与园艺|专类植物协会,
动植物饲养与园艺/观赏植物与园艺/专类植物协会/北美岩园协会,北美岩园协会,North American Rock Garden Society,养「北美岩园协会」的同好圈。,北美岩园协会|North|American|Rock|Garden|Society|观赏植物与园艺|专类植物协会,
动植物饲养与园艺/观赏植物与园艺/专类植物协会/国际凤梨科协会,国际凤梨科协会,Bromeliad Society International,养「国际凤梨科协会」的同好圈。,国际凤梨科协会|Bromeliad|Society|International|观赏植物与园艺|专类植物协会,
动植物饲养与园艺/观赏植物与园艺/专类植物协会/国际橡树协会,国际橡树协会,International Oak Society,养「国际橡树协会」的同好圈。,国际橡树协会|International|Oak|Society|观赏植物与园艺|专类植物协会,
动植物饲养与园艺/观赏植物与园艺/专类植物协会/木兰协会,木兰协会,Magnolia Society International,养「木兰协会」的同好圈。,木兰协会|Magnolia|Society|International|观赏植物与园艺|专类植物协会,
动植物饲养与园艺/观赏植物与园艺/专类植物协会/美洲芍药协会展评,美洲芍药协会展评,American Peony Society Showing,养「美洲芍药协会展评」的同好圈。,美洲芍药协会展评|American|Peony|Society|Showing|观赏植物与园艺|专类植物协会,
动植物饲养与园艺/观赏植物与园艺/专类植物协会/美洲蕨类协会,美洲蕨类协会,American Fern Society Members,养「美洲蕨类协会」的同好圈。,美洲蕨类协会|American|Fern|Society|Members|观赏植物与园艺|专类植物协会,
动植物饲养与园艺/观赏植物与园艺/专类植物协会/美洲针叶树协会,美洲针叶树协会,American Conifer Society,养「美洲针叶树协会」的同好圈。,美洲针叶树协会|American|Conifer|Society|观赏植物与园艺|专类植物协会,
动植物饲养与园艺/观赏植物与园艺/专类植物协会/美洲鸢尾协会展评,美洲鸢尾协会展评,American Iris Society Showing,养「美洲鸢尾协会展评」的同好圈。,美洲鸢尾协会展评|American|Iris|Society|Showing|观赏植物与园艺|专类植物协会,https://en.wikipedia.org/wiki/American_Iris_Society
动植物饲养与园艺/观赏植物与园艺/专类植物协会/苦苣苔科协会,苦苣苔科协会,Gesneriad Society Circles,养「苦苣苔科协会」的同好圈。,苦苣苔科协会|Gesneriad|Society|Circles|观赏植物与园艺|专类植物协会,
动植物饲养与园艺/观赏植物与园艺/专类植物协会/萱草协会展评,萱草协会展评,American Hemerocallis Society Showing,养「萱草协会展评」的同好圈。,萱草协会展评|American|Hemerocallis|Society|Showing|观赏植物与园艺|专类植物协会,
动植物饲养与园艺/观赏植物与园艺/专类花卉社/杜鹃酸性土社,杜鹃酸性土社,Rhododendron Acid-soil Societies,养「杜鹃酸性土社」的同好圈。,杜鹃酸性土社|Rhododendron|Acid-soil|Societies|观赏植物与园艺|专类花卉社,
动植物饲养与园艺/观赏植物与园艺/专类花卉社/睡莲缸深水栽培,睡莲缸深水栽培,Waterlily Deep-tub Culture,养「睡莲缸深水栽培」的同好圈。,睡莲缸深水栽培|Waterlily|Deep-tub|Culture|观赏植物与园艺|专类花卉社,https://en.wikipedia.org/wiki/Nymphaeaceae
动植物饲养与园艺/观赏植物与园艺/专类花卉社/茶花品种登录,茶花品种登录,Camellia Cultivar Registration Circles,养「茶花品种登录」的同好圈。,茶花品种登录|Camellia|Cultivar|Registration|Circles|观赏植物与园艺|专类花卉社,https://en.wikipedia.org/wiki/Camellia
动植物饲养与园艺/观赏植物与园艺/中国盆景Penjing,中国盆景Penjing,Chinese penjing,养「中国盆景Penjing」（Chinese penjing）。,中国盆景Penjing|Penjing|Chinese|penjing|观赏植物与园艺,https://www.bonsai-nbf.org/viewingstones
动植物饲养与园艺/观赏植物与园艺/切尔西花展志愿执勤,切尔西花展志愿执勤,RHS Chelsea Flower Show Volunteering,养「切尔西花展志愿执勤」的同好圈。,切尔西花展志愿执勤|RHS|Chelsea|Flower|Show|Volunteering|观赏植物与园艺,https://www.rhs.org.uk/shows-events/rhs-chelsea-flower-show
动植物饲养与园艺/观赏植物与园艺/多肉繁殖/国际多肉协会爱好者,国际多肉协会爱好者,CSSA Enthusiasts,养「国际多肉协会爱好者」（CSSA Enthusiasts）。,国际多肉协会爱好者|CSSA|Enthusiasts|观赏植物与园艺|多肉繁殖,https://cssainc.org/
动植物饲养与园艺/观赏植物与园艺/盆景协会全国展评会,盆景协会全国展评会,National Bonsai Exhibition Society Show,养「盆景协会全国展评会」的同好圈。,盆景协会全国展评会|National|Bonsai|Exhibition|Society|Show|观赏植物与园艺,https://www.bonsai-nbf.org/
动植物饲养与园艺/观赏植物与园艺/社区农园周末共作日,社区农园周末共作日,Community Garden Weekend Workday,养「社区农园周末共作日」的同好圈。,社区农园周末共作日|Community|Garden|Weekend|Workday|观赏植物与园艺,https://en.wikipedia.org/wiki/Community_gardening
动植物饲养与园艺/观赏植物与园艺/种子交换会季节集市,种子交换会季节集市,Community Seed Swap Seasonal Fair,养「种子交换会季节集市」的同好圈。,种子交换会季节集市|Community|Seed|Swap|Seasonal|Fair|观赏植物与园艺,https://en.wikipedia.org/wiki/Seed_swap
动植物饲养与园艺/观赏植物与园艺/美国县级农集市园艺评奖,美国县级农集市园艺评奖,US County Fair Horticulture Judging,养「美国县级农集市园艺评奖」的同好圈。,美国县级农集市园艺评奖|US|County|Fair|Horticulture|Judging|观赏植物与园艺,https://en.wikipedia.org/wiki/County_fair
动植物饲养与园艺/观赏植物与园艺/花道专类/草月流花道业余,草月流花道业余,Sogetsu Ikebana Amateur,养「草月流花道业余」的同好圈。,草月流花道业余|Sogetsu|Ikebana|观赏植物与园艺|花道专类,https://en.wikipedia.org/wiki/S%C5%8Dgetsu-ry%C5%AB
动植物饲养与园艺/观赏植物与园艺/苔与石/水石鉴赏会,水石鉴赏会,Suiseki Viewing-stone Societies,养「水石鉴赏会」的同好圈。,水石鉴赏会|Suiseki|Viewing-stone|Societies|观赏植物与园艺|苔与石,https://en.wikipedia.org/wiki/Suiseki
动植物饲养与园艺/观赏植物与园艺/苔与石/苔玉球制作社,苔玉球制作社,Kokedama Ball-making Circles,养「苔玉球制作社」的同好圈。,苔玉球制作社|Kokedama|Ball-making|Circles|观赏植物与园艺|苔与石,https://en.wikipedia.org/wiki/Kokedama
动植物饲养与园艺/观赏植物与园艺/被误认为林业的形/拓扑修剪Topiary,拓扑修剪Topiary,Topiary Sculpture Clipping,养「拓扑修剪Topiary」的同好圈。,拓扑修剪Topiary|Topiary|Sculpture|Clipping|观赏植物与园艺|被误认为林业的形,https://en.wikipedia.org/wiki/Topiary
动植物饲养与园艺/观赏植物与园艺/被误认为林业的形/树艺造形Espalier,树艺造形Espalier,Espalier Fruit-tree Training,养「树艺造形Espalier」的同好圈。,树艺造形Espalier|Espalier|Fruit-tree|Training|观赏植物与园艺|被误认为林业的形,https://en.wikipedia.org/wiki/Espalier
动植物饲养与园艺/观赏植物与园艺/被误认为林业的形/迷宫树篱设计,迷宫树篱设计,Hedge-maze Design Hobby,养「迷宫树篱设计」的同好圈。,迷宫树篱设计|Hedge-maze|Design|观赏植物与园艺|被误认为林业的形,https://en.wikipedia.org/wiki/Hedge_maze
动植物饲养与园艺/陆生宠物与昆虫/两栖生态缸,两栖生态缸（蝾螈等）,Amphibian Vivaria (Caudata),养「两栖生态缸（蝾螈等）」的同好圈。,两栖生态缸（蝾螈等）|Amphibian|Vivaria|Caudata|陆生宠物与昆虫|两栖生态缸,https://www.caudata.org/
动植物饲养与园艺/陆生宠物与昆虫/养蚁Formiculture,养蚁（Formiculture）,Antkeeping / Formiculture,养「养蚁（Formiculture）」的同好圈。,养蚁（Formiculture）|Formiculture|Antkeeping|陆生宠物与昆虫,https://www.formiculture.com/
动植物饲养与园艺/陆生宠物与昆虫/养蚁爱好者年聚会,养蚁爱好者年聚会,Formiculture Hobbyist Annual Meetup,养「养蚁爱好者年聚会」的同好圈。,养蚁爱好者年聚会|Formiculture|Hobbyist|Annual|Meetup|陆生宠物与昆虫,https://en.wikipedia.org/wiki/Ant_keeping
动植物饲养与园艺/陆生宠物与昆虫/潮虫饲育,潮虫 / 鼠妇饲育,Isopod Keeping,养「潮虫 / 鼠妇饲育」（Isopod Keeping）。,潮虫 / 鼠妇饲育|Isopod|Keeping|陆生宠物与昆虫|潮虫饲育,https://www.bugsincyberspace.com/
动植物饲养与园艺/陆生宠物与昆虫/竹节虫饲育,竹节虫饲育,Stick Insect Keeping,养「竹节虫饲育」（Stick Insect Keeping）。,竹节虫饲育|Stick|Insect|Keeping|陆生宠物与昆虫,https://www.phasmid-study-group.org/
动植物饲养与园艺/陆生宠物与昆虫/豹纹守宫Morph,豹纹守宫 Morph 繁育圈,Leopard Gecko Morph Breeding,养「豹纹守宫 Morph 繁育圈」的同好圈。,豹纹守宫 Morph 繁育圈|Morph|Leopard|Gecko|Breeding|陆生宠物与昆虫|豹纹守宫Morph,https://www.geckoforums.net/
动植物饲养与园艺/陆生宠物与昆虫/鸣虫与蚕桑/家蚕小簇上簇,家蚕小簇上簇,Home Silkworm Cocooning Circles,养「家蚕小簇上簇」的同好圈。,家蚕小簇上簇|Home|Silkworm|Cocooning|Circles|陆生宠物与昆虫|鸣虫与蚕桑,https://en.wikipedia.org/wiki/Sericulture
动植物饲养与园艺/鸟类饲养/加拿大养鸽协会,加拿大养鸽爱好协会,Canadian Pigeon Fanciers Association,养「加拿大养鸽爱好协会」的同好圈。,加拿大养鸽爱好协会|Canadian|Pigeon|Fanciers|Association|鸟类饲养|加拿大养鸽协会,https://www.pigeonfanciers.ca/
口传与行会技艺/乐舞传习/保加利亚女声开放喉合唱,保加利亚女声开放喉合唱,Bulgarian Open-throat Women Choir Hobby,学艺「保加利亚女声开放喉合唱」的同好圈。,保加利亚女声开放喉合唱|Bulgarian|Open-throat|Women|Choir|乐舞传习,
口传与行会技艺/乐舞传习/印尼佳美兰村社合奏学徒,印尼佳美兰村社合奏学徒,Village Gamelan Apprentice Seats,学艺「印尼佳美兰村社合奏学徒」的同好圈。,印尼佳美兰村社合奏学徒|Village|Gamelan|Apprentice|Seats|乐舞传习,
口传与行会技艺/乐舞传习/巴厘 Kecak 人声节奏合唱,巴厘 Kecak 人声节奏合唱,Balinese Kecak Chorus Practice,学艺「巴厘 Kecak 人声节奏合唱」的同好圈。,巴厘 Kecak 人声节奏合唱|Kecak|Balinese|Chorus|Practice|乐舞传习,
口传与行会技艺/乐舞传习/格鲁吉亚复调合唱村社,格鲁吉亚复调合唱村社,Georgian Polyphonic Village Choirs,学艺「格鲁吉亚复调合唱村社」的同好圈。,格鲁吉亚复调合唱村社|Georgian|Polyphonic|Village|Choirs|乐舞传习,
口传与行会技艺/乐舞传习/科西嘉多声部Paghjella,科西嘉多声部Paghjella,Corsican Paghjella Polyphony Circles,学艺「科西嘉多声部Paghjella」的同好圈。,科西嘉多声部Paghjella|Paghjella|Corsican|Polyphony|Circles|乐舞传习,
口传与行会技艺/书法行会/伊斯兰书法Ijaza传习,伊斯兰书法Ijaza传习,Islamic Calligraphy Ijaza Lineages,学艺「伊斯兰书法Ijaza传习」的同好圈。,伊斯兰书法Ijaza传习|Ijaza|Islamic|Calligraphy|Lineages|书法行会,https://en.wikipedia.org/wiki/Islamic_calligraphy
口传与行会技艺/伦敦同业公会/车旋同业公会Wizardry展,车旋同业公会Wizardry展,Turners Company Wizardry in Wood,学艺「车旋同业公会Wizardry展」的同好圈。,车旋同业公会Wizardry展|Wizardry|Turners|Company|in|Wood|伦敦同业公会,https://en.wikipedia.org/wiki/Worshipful_Company_of_Turners
口传与行会技艺/伦敦同业公会/钟表同业公会博物馆研习,钟表同业公会博物馆研习,Clockmakers Company Museum Study,学艺「钟表同业公会博物馆研习」的同好圈。,钟表同业公会博物馆研习|Clockmakers|Company|Museum|Study|伦敦同业公会,https://en.wikipedia.org/wiki/Worshipful_Company_of_Clockmakers
口传与行会技艺/伦敦同业公会手作/伦敦手套匠公会研习,伦敦手套匠公会研习,Worshipful Company of Glovers Study Circles,学艺「伦敦手套匠公会研习」的同好圈。,伦敦手套匠公会研习|Worshipful|Company|of|Glovers|Study|Circles|伦敦同业公会手作,https://en.wikipedia.org/wiki/Worshipful_Company_of_Glovers
口传与行会技艺/伦敦同业公会手作/伦敦织工公会研习,伦敦织工公会研习,Worshipful Company of Weavers Study Circles,学艺「伦敦织工公会研习」的同好圈。,伦敦织工公会研习|Worshipful|Company|of|Weavers|Study|Circles|伦敦同业公会手作,https://en.wikipedia.org/wiki/Worshipful_Company_of_Weavers
口传与行会技艺/伦敦同业公会手作/伦敦鞋匠公会业余研修,伦敦鞋匠公会业余研修,Worshipful Company of Cordwainers Amateur Study,学艺「伦敦鞋匠公会业余研修」的同好圈。,伦敦鞋匠公会业余研修|Worshipful|Company|of|Cordwainers|Study|伦敦同业公会手作,https://en.wikipedia.org/wiki/Worshipful_Company_of_Cordwainers
口传与行会技艺/伦敦同业公会手作/制扇同业公会研习,制扇同业公会研习,Worshipful Company of Fan Makers Study,学艺「制扇同业公会研习」的同好圈。,制扇同业公会研习|Worshipful|Company|of|Fan|Makers|Study|伦敦同业公会手作,https://en.wikipedia.org/wiki/Worshipful_Company_of_Fan_Makers
口传与行会技艺/伦敦同业公会手作/编篮同业公会学徒演示,编篮同业公会学徒演示,Worshipful Company of Basketmakers Craft Demonstrations,学艺「编篮同业公会学徒演示」的同好圈。,编篮同业公会学徒演示|Worshipful|Company|of|Basketmakers|Craft|Demonstrations|伦敦同业公会手作,https://en.wikipedia.org/wiki/Worshipful_Company_of_Basketmakers
口传与行会技艺/制书行会/书籍装订行会Designer Bookbinders,书籍装订行会Designer Bookbinders,Designer Bookbinders,学艺「书籍装订行会Designer Bookbinders」的同好圈。,书籍装订行会Designer Bookbinders|Designer|Bookbinders|制书行会,https://en.wikipedia.org/wiki/Bookbinding
口传与行会技艺/制鞋行会/靴匠Cordwainer行会,靴匠Cordwainer行会,Cordwainers Company Craft,学艺「靴匠Cordwainer行会」的同好圈。,靴匠Cordwainer行会|Cordwainer|Cordwainers|Company|Craft|制鞋行会,https://en.wikipedia.org/wiki/Cordwainer
口传与行会技艺/口传叙事/中国评书鼓书票友社,中国评书鼓书票友社,Chinese Pingshu & Drum-song Ticket Clubs,学艺「中国评书鼓书票友社」的同好圈。,中国评书鼓书票友社|Chinese|Pingshu|Drum-song|Ticket|Clubs|口传叙事,
口传与行会技艺/口传叙事/夏威夷奥利颂诗业余班,夏威夷奥利颂诗业余班,Hawaiian Oli Chant Classes,学艺「夏威夷奥利颂诗业余班」的同好圈。,夏威夷奥利颂诗业余班|Hawaiian|Oli|Chant|Classes|口传叙事,
口传与行会技艺/口传叙事/意第绪讲古Tisch聚会,意第绪讲古Tisch聚会,Yiddish Tisch Story Gatherings,学艺「意第绪讲古Tisch聚会」的同好圈。,意第绪讲古Tisch聚会|Tisch|Yiddish|Story|Gatherings|口传叙事,
口传与行会技艺/口传叙事/日本讲谈落语业余寄席,日本讲谈落语业余寄席,Japanese Kōdan & Rakugo Amateur Yose,学艺「日本讲谈落语业余寄席」的同好圈。,日本讲谈落语业余寄席|Japanese|dan|Rakugo|Yose|口传叙事,
口传与行会技艺/口传叙事/朝鲜盘索里清唱社,朝鲜盘索里清唱社,Korean Pansori Amateur Circles,学艺「朝鲜盘索里清唱社」的同好圈。,朝鲜盘索里清唱社|Korean|Pansori|Circles|口传叙事,
口传与行会技艺/口传叙事/毛利Whaikōrero演说研习,毛利Whaikōrero演说研习,Māori Whaikōrero Oratory Practice,学艺「毛利Whaikōrero演说研习」的同好圈。,毛利Whaikōrero演说研习|Whaik|rero|ori|Oratory|Practice|口传叙事,
口传与行会技艺/口传叙事/爱尔兰Seanachaí讲古会,爱尔兰Seanachaí讲古会,Irish Seanachaí Story Circles,学艺「爱尔兰Seanachaí讲古会」的同好圈。,爱尔兰Seanachaí讲古会|Seanacha|Irish|Story|Circles|口传叙事,
口传与行会技艺/口传叙事/琼斯伯勒全国讲故事节听讲,琼斯伯勒全国讲故事节听讲,National Storytelling Festival,学艺「琼斯伯勒全国讲故事节听讲」的同好圈。,琼斯伯勒全国讲故事节听讲|National|Storytelling|Festival|口传叙事,https://en.wikipedia.org/wiki/National_Storytelling_Festival
口传与行会技艺/口传叙事/美国全国讲故事网络年会,美国全国讲故事网络年会,National Storytelling Network,学艺「美国全国讲故事网络年会」的同好圈。,美国全国讲故事网络年会|National|Storytelling|Network|口传叙事,https://storynet.org/
口传与行会技艺/口传叙事/藏族折嘎说唱业余,藏族折嘎说唱业余,Tibetan Zhé-ga Comic Oratory Hobby,学艺「藏族折嘎说唱业余」的同好圈。,藏族折嘎说唱业余|Tibetan|Zh|ga|Comic|Oratory|口传叙事,
口传与行会技艺/口传叙事/西非Griot史诗鼓语传习,西非Griot史诗鼓语传习,West African Griot Drum-speech Apprenticeship,学艺「西非Griot史诗鼓语传习」的同好圈。,西非Griot史诗鼓语传习|Griot|West|African|Drum-speech|Apprenticeship|口传叙事,
口传与行会技艺/口传史诗/吉尔吉斯玛纳斯说唱,吉尔吉斯玛纳斯说唱,Manaschi Epic Reciters,学艺「吉尔吉斯玛纳斯说唱」的同好圈。,吉尔吉斯玛纳斯说唱|Manaschi|Epic|Reciters|口传史诗,https://en.wikipedia.org/wiki/Manas_(epic)
口传与行会技艺/口传史诗/突厥江格尔说唱,突厥江格尔说唱,Jangar Epic Recitation,学艺「突厥江格尔说唱」的同好圈。,突厥江格尔说唱|Jangar|Epic|Recitation|口传史诗,https://en.wikipedia.org/wiki/Jangar_(epic_cycle)
口传与行会技艺/口传史诗/芬兰卡勒瓦拉吟唱会,芬兰卡勒瓦拉吟唱会,Kalevala Rune-singing Circles,学艺「芬兰卡勒瓦拉吟唱会」的同好圈。,芬兰卡勒瓦拉吟唱会|Kalevala|Rune-singing|Circles|口传史诗,https://en.wikipedia.org/wiki/Kalevala
口传与行会技艺/史诗说唱/师徒线/格萨尔说唱业余,格萨尔说唱业余,Gesar Epic Recitation Amateur,学艺「格萨尔说唱业余」的同好圈。,格萨尔说唱业余|Gesar|Epic|Recitation|史诗说唱|师徒线,https://en.wikipedia.org/wiki/Epic_of_King_Gesar
口传与行会技艺/史诗说唱/师徒线/江永女书传习,江永女书传习,Nüshu Script Transmission Circles,学艺「江永女书传习」的同好圈。,江永女书传习|shu|Script|Transmission|Circles|史诗说唱|师徒线,https://en.wikipedia.org/wiki/N%C3%BCshu
口传与行会技艺/德奥满师漫游/德奥Gesellenwanderung漫游满师,德奥Gesellenwanderung漫游满师,German Journeyman Wanderjahre,学艺「德奥Gesellenwanderung漫游满师」的同好圈。,德奥Gesellenwanderung漫游满师|Gesellenwanderung|German|Journeyman|Wanderjahre|德奥满师漫游,https://en.wikipedia.org/wiki/Journeyman_years
口传与行会技艺/日本宫大工研习/宫大工业余研习会,宫大工业余研习会,Miyadaiku Temple-carpenter Study,学艺「宫大工业余研习会」的同好圈。,宫大工业余研习会|Miyadaiku|Temple-carpenter|Study|日本宫大工研习,https://en.wikipedia.org/wiki/Miyadaiku
口传与行会技艺/木构行会/木构Timber Framers Guild,木构Timber Framers Guild,Timber Framers Guild,学艺「木构Timber Framers Guild」的同好圈。,木构Timber Framers Guild|Timber|Framers|Guild|木构行会,https://en.wikipedia.org/wiki/Timber_framing
口传与行会技艺/林间车旋/林间车旋Bodging,林间车旋Bodging,Bodging Pole-lathe Turning,学艺「林间车旋Bodging」的同好圈。,林间车旋Bodging|Bodging|Pole-lathe|Turning|林间车旋,https://en.wikipedia.org/wiki/Bodging
口传与行会技艺/法国旅匠行会/Compagnonnage杰作呈交,Compagnonnage杰作呈交,Compagnonnage Masterpiece Reception,学艺「Compagnonnage杰作呈交」的同好圈。,Compagnonnage杰作呈交|Compagnonnage|Masterpiece|Reception|法国旅匠行会,https://en.wikipedia.org/wiki/Compagnons_du_Devoir
口传与行会技艺/法国旅匠行会/伴侣匠会旅居学艺,伴侣匠会旅居学艺,Compagnons du Devoir Tour Apprenticeship,学艺「伴侣匠会旅居学艺」的同好圈。,伴侣匠会旅居学艺|Compagnons|du|Devoir|Tour|Apprenticeship|法国旅匠行会,https://en.wikipedia.org/wiki/Compagnons_du_Devoir
口传与行会技艺/满师漫游/德语区Wanderjahre工具箱仪式观摩,德语区Wanderjahre工具箱仪式观摩,German Wanderjahre Toolbox Ritual Observation,学艺「德语区Wanderjahre工具箱仪式观摩」的同好圈。,德语区Wanderjahre工具箱仪式观摩|Wanderjahre|German|Toolbox|Ritual|Observation|满师漫游,
口传与行会技艺/满师漫游/日本徒弟出师披露会参与,日本徒弟出师披露会参与,Japanese Deshi Graduation Recitals,学艺「日本徒弟出师披露会参与」的同好圈。,日本徒弟出师披露会参与|Japanese|Deshi|Graduation|Recitals|满师漫游,
口传与行会技艺/玻璃行会/穆拉诺玻璃maestro传习,穆拉诺玻璃maestro传习,Murano Glass Maestro Lineages,学艺「穆拉诺玻璃maestro传习」的同好圈。,穆拉诺玻璃maestro传习|maestro|Murano|Glass|Maestro|Lineages|玻璃行会,https://en.wikipedia.org/wiki/Murano_glass
口传与行会技艺/能乐传习/能乐观世流业余仕舞,能乐观世流业余仕舞,Kanze-ryu Noh Amateur Shimai,学艺「能乐观世流业余仕舞」的同好圈。,能乐观世流业余仕舞|Kanze-ryu|Noh|Shimai|能乐传习,https://en.wikipedia.org/wiki/Noh
口传与行会技艺/行会手艺/中国景泰蓝掐丝业余工坊,中国景泰蓝掐丝业余工坊,Chinese Cloisonné Wire Workshop Hobby,学艺「中国景泰蓝掐丝业余工坊」的同好圈。,中国景泰蓝掐丝业余工坊|Chinese|Cloisonn|Wire|Workshop|行会手艺,
口传与行会技艺/行会手艺/印度细木镶嵌Sadeli业余,印度细木镶嵌Sadeli业余,Indian Sadeli Micro-mosaic Hobby,学艺「印度细木镶嵌Sadeli业余」的同好圈。,印度细木镶嵌Sadeli业余|Sadeli|Indian|Micro-mosaic|行会手艺,
口传与行会技艺/行会手艺/奥斯曼纸上泥金彩绘,奥斯曼纸上泥金彩绘,Ottoman Tezhip Illumination Circles,学艺「奥斯曼纸上泥金彩绘」的同好圈。,奥斯曼纸上泥金彩绘|Ottoman|Tezhip|Illumination|Circles|行会手艺,
口传与行会技艺/行会手艺/摩洛哥Zellige瓷片切割学徒,摩洛哥Zellige瓷片切割学徒,Moroccan Zellige Tile-cutting Apprenticeship,学艺「摩洛哥Zellige瓷片切割学徒」的同好圈。,摩洛哥Zellige瓷片切割学徒|Zellige|Moroccan|Tile-cutting|Apprenticeship|行会手艺,
口传与行会技艺/行会手艺/日本左官土壁涂抹研习,日本左官土壁涂抹研习,Japanese Sakan Plaster Workshop Circles,学艺「日本左官土壁涂抹研习」的同好圈。,日本左官土壁涂抹研习|Japanese|Sakan|Plaster|Workshop|Circles|行会手艺,
口传与行会技艺/行会手艺/日本金箔贴箔研习,日本金箔贴箔研习,Japanese Kanazawa Gold-leaf Application,学艺「日本金箔贴箔研习」的同好圈。,日本金箔贴箔研习|Japanese|Kanazawa|Gold-leaf|Application|行会手艺,
口传与行会技艺/行会手艺/波斯细密画工笔研习班,波斯细密画工笔研习班,Persian Miniature Painting Ateliers,学艺「波斯细密画工笔研习班」的同好圈。,波斯细密画工笔研习班|Persian|Miniature|Painting|Ateliers|行会手艺,
口传与行会技艺/行会手艺/石匠干垒认证周末班,石匠干垒认证周末班,Dry-stone Waller Certification Weekends,学艺「石匠干垒认证周末班」的同好圈。,石匠干垒认证周末班|Dry-stone|Waller|Certification|Weekends|行会手艺,
口传与行会技艺/行会手艺/英国茅草屋顶Thatching学徒周末,英国茅草屋顶Thatching学徒周末,English Thatching Apprentice Weekends,学艺「英国茅草屋顶Thatching学徒周末」的同好圈。,英国茅草屋顶Thatching学徒周末|Thatching|English|Apprentice|Weekends|行会手艺,
口传与行会技艺/行会手艺/荷兰木鞋车旋工坊,荷兰木鞋车旋工坊,Dutch Klomp Turning Workshops,学艺「荷兰木鞋车旋工坊」的同好圈。,荷兰木鞋车旋工坊|Dutch|Klomp|Turning|Workshops|行会手艺,
口传与行会技艺/行会钟乐/法兰德斯钟琴行会,法兰德斯钟琴行会,Flemish Carillon Guild Practice,学艺「法兰德斯钟琴行会」的同好圈。,法兰德斯钟琴行会|Flemish|Carillon|Guild|Practice|行会钟乐,https://en.wikipedia.org/wiki/Carillon
嗅觉与气味实践/冷浸取香/冷浸Enfleurage取香,冷浸Enfleurage取香,Enfleurage Cold Fat Extraction,闻香「冷浸Enfleurage取香」的同好圈。,冷浸Enfleurage取香|Enfleurage|Cold|Fat|Extraction|冷浸取香,https://en.wikipedia.org/wiki/Enfleurage
嗅觉与气味实践/动物协作嗅觉/人犬搜索气味源训练志愿,人犬搜索气味源训练志愿,Civilian K9 Scent-source Volunteer Drills,闻香「人犬搜索气味源训练志愿」的同好圈。,人犬搜索气味源训练志愿|Civilian|K9|Scent-source|Volunteer|Drills|动物协作嗅觉,
嗅觉与气味实践/动物协作嗅觉/真菌嗅探犬训练观摩,真菌嗅探犬训练观摩,Truffle Dog Training Observation,闻香「真菌嗅探犬训练观摩」的同好圈。,真菌嗅探犬训练观摩|Truffle|Dog|Training|Observation|动物协作嗅觉,
嗅觉与气味实践/南亚线香/印度线香Agarbatti自制,印度线香Agarbatti自制,Agarbatti Stick Making Amateur,闻香「印度线香Agarbatti自制」的同好圈。,印度线香Agarbatti自制|Agarbatti|Stick|Making|南亚线香,https://en.wikipedia.org/wiki/Incense_of_India
嗅觉与气味实践/博物馆嗅觉/博物馆嗅觉策展体验圈,博物馆嗅觉策展体验圈,Museum Olfactory Curation Circles,闻香「博物馆嗅觉策展体验圈」的同好圈。,博物馆嗅觉策展体验圈|Museum|Olfactory|Curation|Circles|博物馆嗅觉,https://en.wikipedia.org/wiki/Olfactory_art
嗅觉与气味实践/历史香方复原/古埃及Kyphi香方复原,古埃及Kyphi香方复原,Kyphi Historical Incense Recreation,闻香「古埃及Kyphi香方复原」的同好圈。,古埃及Kyphi香方复原|Kyphi|Historical|Incense|Recreation|历史香方复原,https://en.wikipedia.org/wiki/Kyphi
嗅觉与气味实践/原料与提取/依兰依兰花精油蒸馏,依兰依兰花精油蒸馏,Ylang-Ylang Distillation Hobby,闻香「依兰依兰花精油蒸馏」的同好圈。,依兰依兰花精油蒸馏|Ylang-Ylang|Distillation|原料与提取,
嗅觉与气味实践/原料与提取/安息香树脂熏香研磨,安息香树脂熏香研磨,Benzoin Resin Incense Grinding,闻香「安息香树脂熏香研磨」的同好圈。,安息香树脂熏香研磨|Benzoin|Resin|Incense|Grinding|原料与提取,
嗅觉与气味实践/原料与提取/柑橘冷压精油手作,柑橘冷压精油手作,Citrus Cold-Press Essential Oil Craft,闻香「柑橘冷压精油手作」的同好圈。,柑橘冷压精油手作|Citrus|Cold-Press|Essential|Oil|Craft|原料与提取,
嗅觉与气味实践/原料与提取/树苔橡苔酊自制,树苔橡苔酊自制,Oakmoss Absolute Tincturing,闻香「树苔橡苔酊自制」的同好圈。,树苔橡苔酊自制|Oakmoss|Absolute|Tincturing|原料与提取,
嗅觉与气味实践/原料与提取/超临界二氧化碳取香业余观摩,超临界二氧化碳取香业余观摩,Hobby CO2 Supercritical Scent Extraction,闻香「超临界二氧化碳取香业余观摩」的同好圈。,超临界二氧化碳取香业余观摩|CO2|Supercritical|Scent|Extraction|原料与提取,
嗅觉与气味实践/原料与提取/龙涎香替代品调香研习,龙涎香替代品调香研习,Ambroxan & Ambergris-analogue Study,闻香「龙涎香替代品调香研习」的同好圈。,龙涎香替代品调香研习|Ambroxan|Ambergris-analogue|Study|原料与提取,
嗅觉与气味实践/可可感官/可可感官杯测圈,可可感官杯测圈,Cacao Sensory Cupping Circles,闻香「可可感官杯测圈」的同好圈。,可可感官杯测圈|Cacao|Sensory|Cupping|Circles|可可感官,https://en.wikipedia.org/wiki/Chocolate_tasting
嗅觉与气味实践/嗅觉教育机构/艺术与嗅觉研究所公开课,艺术与嗅觉研究所公开课,Institute for Art and Olfaction Programs,闻香「艺术与嗅觉研究所公开课」的同好圈。,艺术与嗅觉研究所公开课|Institute|Art|Olfaction|Programs|嗅觉教育机构,https://en.wikipedia.org/wiki/The_Institute_for_Art_and_Olfaction
嗅觉与气味实践/固态香膏/固态香膏配制,固态香膏配制,Solid Perfume Formulation,闻香「固态香膏配制」的同好圈。,固态香膏配制|Solid|Perfume|Formulation|固态香膏,https://en.wikipedia.org/wiki/Solid_perfume
嗅觉与气味实践/天然酊剂/植物酊剂Tincture调香,植物酊剂Tincture调香,Botanical Tincture Perfumery,闻香「植物酊剂Tincture调香」的同好圈。,植物酊剂Tincture调香|Tincture|Botanical|Perfumery|天然酊剂,https://en.wikipedia.org/wiki/Tincture
嗅觉与气味实践/文化香事/中国线香拼配手作,中国线香拼配手作,Chinese Stick Incense Blending,闻香「中国线香拼配手作」的同好圈。,中国线香拼配手作|Chinese|Stick|Incense|Blending|文化香事,
嗅觉与气味实践/文化香事/印度Attar真露油研习,印度Attar真露油研习,Indian Attar Distillate Study,闻香「印度Attar真露油研习」的同好圈。,印度Attar真露油研习|Attar|Indian|Distillate|Study|文化香事,
嗅觉与气味实践/文化香事/埃及茉莉花环夜市熏习,埃及茉莉花环夜市熏习,Egyptian Jasmine Garland Night Markets,闻香「埃及茉莉花环夜市熏习」的同好圈。,埃及茉莉花环夜市熏习|Egyptian|Jasmine|Garland|Night|Markets|文化香事,
嗅觉与气味实践/文化香事/日本练香炼香丸制作,日本练香炼香丸制作,Japanese Nerikō Kneaded Incense,闻香「日本练香炼香丸制作」的同好圈。,日本练香炼香丸制作|Japanese|Nerik|Kneaded|Incense|文化香事,
嗅觉与气味实践/文化香事/朝鲜焚香合香传统研习,朝鲜焚香合香传统研习,Korean Traditional Incense Blending,闻香「朝鲜焚香合香传统研习」的同好圈。,朝鲜焚香合香传统研习|Korean|Traditional|Incense|Blending|文化香事,
嗅觉与气味实践/文化香事/波斯玫瑰水蒸馏日,波斯玫瑰水蒸馏日,Persian Rosewater Distilling Days,闻香「波斯玫瑰水蒸馏日」的同好圈。,波斯玫瑰水蒸馏日|Persian|Rosewater|Distilling|Days|文化香事,
嗅觉与气味实践/文化香事/西藏煨桑草药烟祭业余,西藏煨桑草药烟祭业余,Tibetan Sang Smoke Offering Hobby,闻香「西藏煨桑草药烟祭业余」的同好圈。,西藏煨桑草药烟祭业余|Tibetan|Sang|Smoke|Offering|文化香事,
嗅觉与气味实践/文化香事/阿拉伯乌德木熏香Majlis,阿拉伯乌德木熏香Majlis,Oud Bakhoor Majlis Circles,闻香「阿拉伯乌德木熏香Majlis」的同好圈。,阿拉伯乌德木熏香Majlis|Majlis|Oud|Bakhoor|Circles|文化香事,
嗅觉与气味实践/日本香道闻香/闻香Monkoh茶会式,闻香Monkoh茶会式,Monkoh Incense Appreciation,闻香「闻香Monkoh茶会式」的同好圈。,闻香Monkoh茶会式|Monkoh|Incense|Appreciation|日本香道闻香,https://en.wikipedia.org/wiki/K%C5%8Dd%C5%8D
嗅觉与气味实践/格拉斯传习/格拉斯国际香水博物馆工坊,格拉斯国际香水博物馆工坊,Grasse International Perfume Museum Workshops,闻香「格拉斯国际香水博物馆工坊」的同好圈。,格拉斯国际香水博物馆工坊|Grasse|International|Perfume|Museum|Workshops|格拉斯传习,https://en.wikipedia.org/wiki/International_Perfume_Museum
嗅觉与气味实践/植物香料蒸馏/铜甁蒸馏花精业余,铜甁蒸馏花精业余,Alembic Floral Distillation Hobby,闻香「铜甁蒸馏花精业余」的同好圈。,铜甁蒸馏花精业余|Alembic|Floral|Distillation|植物香料蒸馏,https://en.wikipedia.org/wiki/Alembic
嗅觉与气味实践/气味地图与嗅觉漫步/嗅觉地图Smellwalk实践,嗅觉地图Smellwalk实践,Smellwalking Sensory Mapping,闻香「嗅觉地图Smellwalk实践」的同好圈。,嗅觉地图Smellwalk实践|Smellwalk|Smellwalking|Sensory|Mapping|气味地图与嗅觉漫步,https://en.wikipedia.org/wiki/Sensory_map
嗅觉与气味实践/气味艺术/气味地图城市漂流,气味地图城市漂流,City Smell-map Derive Walks,闻香「气味地图城市漂流」的同好圈。,气味地图城市漂流|City|Smell-map|Derive|Walks|气味艺术,
嗅觉与气味实践/气味艺术/气味戏剧舞台装置业余,气味戏剧舞台装置业余,Amateur Olfactory Theatre Sets,闻香「气味戏剧舞台装置业余」的同好圈。,气味戏剧舞台装置业余|Olfactory|Theatre|Sets|气味艺术,
嗅觉与气味实践/气味艺术/气味诗与嗅觉写作工作坊,气味诗与嗅觉写作工作坊,Scent-poetry Writing Workshops,闻香「气味诗与嗅觉写作工作坊」的同好圈。,气味诗与嗅觉写作工作坊|Scent-poetry|Writing|Workshops|气味艺术,
嗅觉与气味实践/气味节/博洛尼亚Smell气味节,博洛尼亚Smell气味节,Smell Festival Bologna,闻香「博洛尼亚Smell气味节」的同好圈。,博洛尼亚Smell气味节|Smell|Festival|Bologna|气味节,https://www.smellfestival.it/
嗅觉与气味实践/犬鼻气味工作/AKC气味工作赛训圈,AKC气味工作赛训圈,AKC Scent Work Trial Circles,闻香「AKC气味工作赛训圈」的同好圈。,AKC气味工作赛训圈|AKC|Scent|Work|Trial|Circles|犬鼻气味工作,https://www.akc.org/sports/akc-scent-work/
嗅觉与气味实践/独立香水与嗅觉艺术/Sadakichi实验嗅觉奖圈,Sadakichi实验嗅觉奖圈,Sadakichi Award Experimental Scent Circles,闻香「Sadakichi实验嗅觉奖圈」的同好圈。,Sadakichi实验嗅觉奖圈|Sadakichi|Award|Experimental|Scent|Circles|独立香水与嗅觉艺术,https://en.wikipedia.org/wiki/The_Art_and_Olfaction_Awards
嗅觉与气味实践/独立香水与嗅觉艺术/艺术与嗅觉奖参评社群,艺术与嗅觉奖参评社群,Art and Olfaction Awards Contender Circles,闻香「艺术与嗅觉奖参评社群」的同好圈。,艺术与嗅觉奖参评社群|Art|Olfaction|Awards|Contender|Circles|独立香水与嗅觉艺术,https://en.wikipedia.org/wiki/The_Art_and_Olfaction_Awards
嗅觉与气味实践/茶叶嗅评/茶叶审评嗅香杯评,茶叶审评嗅香杯评,Tea Cupping Aroma Evaluation,闻香「茶叶审评嗅香杯评」的同好圈。,茶叶审评嗅香杯评|Tea|Cupping|Aroma|Evaluation|茶叶嗅评,https://en.wikipedia.org/wiki/Tea_tasting
嗅觉与气味实践/调香职业余会社/美国调香师学会ASP,美国调香师学会ASP,American Society of Perfumers,闻香「美国调香师学会ASP」的同好圈。,美国调香师学会ASP|ASP|American|Society|of|Perfumers|调香职业余会社,https://www.perfumers.org/
嗅觉与气味实践/调香职业余会社/英国调香师学会BSP业余,英国调香师学会BSP业余,British Society of Perfumers,闻香「英国调香师学会BSP业余」的同好圈。,英国调香师学会BSP业余|BSP|British|Society|of|Perfumers|调香职业余会社,https://bsp.org.uk/
嗅觉与气味实践/闻香训练/Le Nez du Vin式通用香料瓶训练,Le Nez du Vin式通用香料瓶训练,Generic Aroma-kit Blind Smelling Drills,闻香「Le Nez du Vin式通用香料瓶训练」的同好圈。,Le Nez du Vin式通用香料瓶训练|Le|Nez|du|Vin|Generic|Aroma-kit|Blind,
嗅觉与气味实践/闻香训练/土壤与落叶气味日记,土壤与落叶气味日记,Soil & Leaf-litter Scent Journaling,闻香「土壤与落叶气味日记」的同好圈。,土壤与落叶气味日记|Soil|Leaf-litter|Scent|Journaling|闻香训练,
嗅觉与气味实践/闻香训练/城市巷弄气味速写,城市巷弄气味速写,Urban Alleyway Smell Sketching,闻香「城市巷弄气味速写」的同好圈。,城市巷弄气味速写|Urban|Alleyway|Smell|Sketching|闻香训练,
嗅觉与气味实践/闻香训练/皮革与烟草香基对照,皮革与烟草香基对照,Leather & Tobacco Base Pair Drills,闻香「皮革与烟草香基对照」的同好圈。,皮革与烟草香基对照|Leather|Tobacco|Base|Pair|Drills|闻香训练,
嗅觉与气味实践/闻香训练/香水家族分类盲测,香水家族分类盲测,Fragrance Family Blind Taxonomy Drills,闻香「香水家族分类盲测」的同好圈。,香水家族分类盲测|Fragrance|Family|Blind|Taxonomy|Drills|闻香训练,
嗅觉与气味实践/雨后气味/雨后Petrichor嗅觉记录,雨后Petrichor嗅觉记录,Petrichor Smell Recording Walks,闻香「雨后Petrichor嗅觉记录」的同好圈。,雨后Petrichor嗅觉记录|Petrichor|Smell|Recording|Walks|雨后气味,https://en.wikipedia.org/wiki/Petrichor
嗅觉与气味实践/食物嗅觉/咖啡生豆缺陷嗅辨,咖啡生豆缺陷嗅辨,Green Coffee Defect Cupping by Nose,闻香「咖啡生豆缺陷嗅辨」的同好圈。,咖啡生豆缺陷嗅辨|Green|Coffee|Defect|Cupping|by|Nose|食物嗅觉,
嗅觉与气味实践/食物嗅觉/奶酪外表气味成熟度判断,奶酪外表气味成熟度判断,Cheese Rind Aroma Ripeness Reading,闻香「奶酪外表气味成熟度判断」的同好圈。,奶酪外表气味成熟度判断|Cheese|Rind|Aroma|Ripeness|Reading|食物嗅觉,
嗅觉与气味实践/食物嗅觉/白酒酒花香气拆解训练,白酒酒花香气拆解训练,Baijiu Aroma Component Drills,闻香「白酒酒花香气拆解训练」的同好圈。,白酒酒花香气拆解训练|Baijiu|Aroma|Component|Drills|食物嗅觉,
嗅觉与气味实践/食物嗅觉/酱油曲香阶段闻辨,酱油曲香阶段闻辨,Soy Koji Stage Smelling,闻香「酱油曲香阶段闻辨」的同好圈。,酱油曲香阶段闻辨|Soy|Koji|Stage|Smelling|食物嗅觉,
嗅觉与气味实践/香氛行业公共教育/英国香氛基金会公共教育,英国香氛基金会公共教育,The Fragrance Foundation UK,闻香「英国香氛基金会公共教育」的同好圈。,英国香氛基金会公共教育|Fragrance|Foundation|UK|香氛行业公共教育,https://www.fragrancefoundation.org.uk/
嗅觉与气味实践/香水教育社群/Esxence米兰香氛展观摩,Esxence米兰香氛展观摩,Esxence Milan Artistic Perfumery Fair Circles,闻香「Esxence米兰香氛展观摩」的同好圈。,Esxence米兰香氛展观摩|Esxence|Milan|Artistic|Perfumery|Fair|Circles|香水教育社群,https://esxence.com/
嗅觉与气味实践/香水教育社群/香水协会品鉴社,香水协会品鉴社,The Perfume Society Discovery Circles,闻香「香水协会品鉴社」的同好圈。,香水协会品鉴社|Perfume|Society|Discovery|Circles|香水教育社群,https://perfumesociety.org/
嗅觉与气味实践/香水档案与保存/凡尔赛Osmothèque香水分馆研习,凡尔赛Osmothèque香水分馆研习,Osmothèque Perfume Archive Study,闻香「凡尔赛Osmothèque香水分馆研习」的同好圈。,凡尔赛Osmothèque香水分馆研习|Osmoth|que|Perfume|Archive|Study|香水档案与保存,https://en.wikipedia.org/wiki/Osmoth%C3%A8que
嗅觉与气味实践/香水风琴/香水风琴原料库实践,香水风琴原料库实践,Perfume Organ Raw-material Practice,闻香「香水风琴原料库实践」的同好圈。,香水风琴原料库实践|Perfume|Organ|Raw-material|Practice|香水风琴,https://en.wikipedia.org/wiki/Perfume_organ
影视剧综/业余剧社/黑色盒子小剧场通宵装台,黑色盒子小剧场通宵装台,Black-box Theatre All-night Load-in,看「黑色盒子小剧场通宵装台」的同好圈。,黑色盒子小剧场通宵装台|Black-box|Theatre|All-night|Load-in|业余剧社,
影视剧综/业余胶片放映/16mm家庭放映俱乐部,16mm家庭放映俱乐部,16mm Home Cinema Clubs,看「16mm家庭放映俱乐部」的同好圈。,16mm家庭放映俱乐部|mm|Home|Cinema|Clubs|业余胶片放映,https://en.wikipedia.org/wiki/16_mm_film
影视剧综/业余胶片放映/9.5mm Pathé放映,9.5mm Pathé放映,Pathe 9.5mm Projection,看「9.5mm Pathé放映」的同好圈。,9.5mm Pathé放映|mm|Path|Pathe|Projection|业余胶片放映,https://en.wikipedia.org/wiki/9.5_mm_film
影视剧综/传统戏剧与影偶观演/中国皮影戏观演与传习,中国皮影戏观演与传习,Chinese Shadow Puppetry Appreciation,看「中国皮影戏观演与传习」的同好圈。,中国皮影戏观演与传习|Chinese|Shadow|Puppetry|Appreciation|传统戏剧与影偶观演,https://ich.unesco.org/en/RL/chinese-shadow-puppetry-00421
影视剧综/传统戏剧与影偶观演/历史复活戏/傩戏面具复原演,傩戏面具复原演,Nuo-mask Revival Performance,看「傩戏面具复原演」的同好圈。,傩戏面具复原演|Nuo-mask|Revival|Performance|传统戏剧与影偶观演|历史复活戏,https://en.wikipedia.org/wiki/Nuo_opera
影视剧综/传统戏剧与影偶观演/哇扬皮影偶戏观演会,哇扬皮影偶戏观演会,Wayang Puppet Theatre Appreciation,看「哇扬皮影偶戏观演会」的同好圈。,哇扬皮影偶戏观演会|Wayang|Puppet|Theatre|Appreciation|传统戏剧与影偶观演,https://ich.unesco.org/en/RL/wayang-puppet-theatre-00063
影视剧综/传统戏剧与影偶观演/尼日利亚约鲁巴阿兰吉拉剧场,尼日利亚约鲁巴阿兰吉拉剧场,Yoruba Alarinjo Travelling Theatre Troupe,看「尼日利亚约鲁巴阿兰吉拉剧场」的同好圈。,尼日利亚约鲁巴阿兰吉拉剧场|Yoruba|Alarinjo|Travelling|Theatre|Troupe|传统戏剧与影偶观演,https://en.wikipedia.org/wiki/Alarinjo
影视剧综/传统戏剧与影偶观演/库提亚坦梵剧观演传习,库提亚坦梵剧观演传习,Kutiyattam Sanskrit Theatre Appreciation,看「库提亚坦梵剧观演传习」的同好圈。,库提亚坦梵剧观演传习|Kutiyattam|Sanskrit|Theatre|Appreciation|传统戏剧与影偶观演,https://ich.unesco.org/en/RL/kutiyattam-sanskrit-theatre-00010
影视剧综/传统戏剧与影偶观演/拉比纳尔阿奇舞剧观演,拉比纳尔阿奇舞剧观演,Rabinal Achí Dance Drama Appreciation,看「拉比纳尔阿奇舞剧观演」的同好圈。,拉比纳尔阿奇舞剧观演|Rabinal|Ach|Dance|Drama|Appreciation|传统戏剧与影偶观演,https://ich.unesco.org/en/RL/rabinal-achi-dance-drama-tradition-00144
影视剧综/传统戏剧与影偶观演/柬埔寨斯贝克托皮影社,柬埔寨斯贝克托皮影社,Cambodian Sbek Thom Shadow Troupe,看「柬埔寨斯贝克托皮影社」的同好圈。,柬埔寨斯贝克托皮影社|Cambodian|Sbek|Thom|Shadow|Troupe|传统戏剧与影偶观演,https://ich.unesco.org/en/RL/sbek-thom-khmer-shadow-theatre-00108
影视剧综/传统戏剧与影偶观演/歌舞伎定期观演,歌舞伎定期观演,Kabuki Theatre Appreciation,看「歌舞伎定期观演」的同好圈。,歌舞伎定期观演|Kabuki|Theatre|Appreciation|传统戏剧与影偶观演,https://ich.unesco.org/en/RL/kabuki-theatre-00163
影视剧综/传统戏剧与影偶观演/穆迪耶图仪式剧社群观演,穆迪耶图仪式剧社群观演,Mudiyettu Ritual Theatre Participation,看「穆迪耶图仪式剧社群观演」的同好圈。,穆迪耶图仪式剧社群观演|Mudiyettu|Ritual|Theatre|Participation|传统戏剧与影偶观演,https://ich.unesco.org/en/RL/mudiyettu-ritual-theatre-and-dance-drama-of-kerala-00345
影视剧综/传统戏剧与影偶观演/能乐面具剧观演,能乐面具剧观演,Nôgaku Theatre Appreciation,看「能乐面具剧观演」的同好圈。,能乐面具剧观演|gaku|Theatre|Appreciation|传统戏剧与影偶观演,https://ich.unesco.org/en/RL/nogaku-theatre-00012
影视剧综/传统戏剧与影偶观演/西西里木偶剧社季演,西西里木偶剧社季演,Sicilian Opera dei Pupi Troupe Season,看「西西里木偶剧社季演」的同好圈。,西西里木偶剧社季演|Sicilian|Opera|dei|Pupi|Troupe|Season|传统戏剧与影偶观演,https://ich.unesco.org/en/RL/opera-dei-pupi-sicilian-puppet-theatre-00011
影视剧综/剧集与番剧圈/剧种圈补/广播黄金时代剧迷,广播黄金时代剧迷,Golden-age Radio-drama Fandom,看「广播黄金时代剧迷」的同好圈。,广播黄金时代剧迷|Golden-age|Radio-drama|Fandom|剧集与番剧圈|剧种圈补,https://en.wikipedia.org/wiki/Old-time_radio
影视剧综/剧集与番剧圈/影迷马拉松接力夜,影迷马拉松接力夜,TV Fandom Marathon Relay Night,看「影迷马拉松接力夜」的同好圈。,影迷马拉松接力夜|TV|Fandom|Marathon|Relay|Night|剧集与番剧圈,https://en.wikipedia.org/wiki/Marathon_(media)
影视剧综/剧集与番剧圈/档案与地点/电视测试卡收藏研究,电视测试卡收藏研究,Test-card Ephemera Research,看「电视测试卡收藏研究」的同好圈。,电视测试卡收藏研究|Test-card|Ephemera|Research|剧集与番剧圈|档案与地点,https://en.wikipedia.org/wiki/Test_card
影视剧综/剧集与番剧圈/特摄公式书收藏,特摄公式书收藏,Tokusatsu Artbook Collecting,看「特摄公式书收藏」的同好圈。,特摄公式书收藏|Tokusatsu|Artbook|Collecting|剧集与番剧圈,https://en.wikipedia.org/wiki/Tokusatsu
影视剧综/剧集与番剧圈/英美剧迷与业余剧社/神秘博士鉴赏协会,神秘博士鉴赏协会,Doctor Who Appreciation Society,看「神秘博士鉴赏协会」的同好圈。,神秘博士鉴赏协会|Doctor|Who|Appreciation|Society|剧集与番剧圈|英美剧迷与业余剧社,https://www.dwasonline.co.uk/
影视剧综/地方影迷与业余制片/墨尔本电影资料馆,墨尔本电影资料馆影迷,Melbourne Cinémathèque,看「墨尔本电影资料馆影迷」的同好圈。,墨尔本电影资料馆影迷|Melbourne|Cin|math|que|地方影迷与业余制片|墨尔本电影资料馆,https://www.melbournecinematheque.org/
影视剧综/地方影迷与业余制片/澳洲电影学会理事会,澳洲电影学会理事会ACOFS,Australian Council of Film Societies,看「澳洲电影学会理事会ACOFS」的同好圈。,澳洲电影学会理事会ACOFS|ACOFS|Australian|Council|of|Film|Societies|地方影迷与业余制片,https://acofs.org.au/
影视剧综/地方影迷与业余制片/美国社区剧社AACT,美国社区剧社AACT,American Association of Community Theatre,看「美国社区剧社AACT」的同好圈。,美国社区剧社AACT|AACT|American|Association|of|Community|Theatre|地方影迷与业余制片,https://aact.org/
影视剧综/地方影迷与业余制片/魁北克电影资料馆,魁北克电影资料馆影迷,Cinémathèque québécoise,看「魁北克电影资料馆影迷」的同好圈。,魁北克电影资料馆影迷|Cin|math|que|qu|coise|地方影迷与业余制片|魁北克电影资料馆,https://www.cinematheque.qc.ca/
影视剧综/影迷社与类型片社群/英国业余电影学会IAC,英国业余电影学会IAC,Institute of Amateur Cinematographers,看「英国业余电影学会IAC」的同好圈。,英国业余电影学会IAC|IAC|Institute|of|Cinematographers|影迷社与类型片社群,https://www.theiac.org.uk/
影视剧综/电影鉴赏/G-FEST怪兽影迷大会,G-FEST怪兽影迷大会,G-FEST Kaiju Fan Convention,看「G-FEST怪兽影迷大会」的同好圈。,G-FEST怪兽影迷大会|G-FEST|Kaiju|Fan|Convention|电影鉴赏,https://www.g-festcon.com/
影视剧综/电影鉴赏/NOIR CITY黑色电影节参与,NOIR CITY黑色电影节参与,NOIR CITY Film Festival Participation,看「NOIR CITY黑色电影节参与」的同好圈。,NOIR CITY黑色电影节参与|NOIR|CITY|Film|Festival|Participation|电影鉴赏,https://www.noircity.com/
影视剧综/电影鉴赏/Reel Rock巡回放映,Reel Rock巡回放映,Reel Rock,看「Reel Rock巡回放映」（Reel Rock）。,Reel Rock巡回放映|Reel|Rock|电影鉴赏,https://reelrocktour.com/
影视剧综/电影鉴赏/SAFD舞台格斗,SAFD舞台格斗,SAFD stage combat,看「SAFD舞台格斗」（SAFD stage combat）。,SAFD舞台格斗|SAFD|stage|combat|电影鉴赏,https://safd.org/
影视剧综/电影鉴赏/SHAFF探险电影节,SHAFF探险电影节,Sheffield Adventure Film Festival,看「SHAFF探险电影节」的同好圈。,SHAFF探险电影节|SHAFF|Sheffield|Adventure|Film|Festival|电影鉴赏,https://shaff.co.uk/
影视剧综/电影鉴赏/TCM经典电影节影迷聚会,TCM经典电影节影迷聚会,TCM Classic Film Festival Participation,看「TCM经典电影节影迷聚会」的同好圈。,TCM经典电影节影迷聚会|TCM|Classic|Film|Festival|Participation|电影鉴赏,https://filmfestival.tcm.com/
影视剧综/电影鉴赏/Wavescape冲浪电影节,Wavescape冲浪电影节,Wavescape Surf Film Festival,看「Wavescape冲浪电影节」的同好圈。,Wavescape冲浪电影节|Wavescape|Surf|Film|Festival|电影鉴赏,https://www.wavescape.co.za/festival
影视剧综/电影鉴赏/冲浪电影文化鉴赏,冲浪电影文化鉴赏,Surf Film Culture Appreciation,看「冲浪电影文化鉴赏」的同好圈。,冲浪电影文化鉴赏|Surf|Film|Culture|Appreciation|电影鉴赏,https://en.wikipedia.org/wiki/Surf_film
影视剧综/电影鉴赏/四十八小时短片马拉松,四十八小时短片马拉松,Indie Short-film Weekend Marathons,看「四十八小时短片马拉松」的同好圈。,四十八小时短片马拉松|Indie|Short-film|Weekend|Marathons|电影鉴赏,https://en.wikipedia.org/wiki/48_Hour_Film_Project
影视剧综/电影鉴赏/夏季草坪露天放映会,夏季草坪露天放映会,Summer Outdoor Lawn Cinema Collectives,看「夏季草坪露天放映会」的同好圈。,夏季草坪露天放映会|Summer|Outdoor|Lawn|Cinema|Collectives|电影鉴赏,https://en.wikipedia.org/wiki/Open-air_cinema
影视剧综/电影鉴赏/宝莱坞歌舞跟跳场,宝莱坞歌舞跟跳场,Bollywood Dance-along Screening Nights,看「宝莱坞歌舞跟跳场」的同好圈。,宝莱坞歌舞跟跳场|Bollywood|Dance-along|Screening|Nights|电影鉴赏,https://en.wikipedia.org/wiki/Bollywood
影视剧综/电影鉴赏/家庭电影日社区放映,家庭电影日社区放映,Home Movie Day Community Screenings,看「家庭电影日社区放映」的同好圈。,家庭电影日社区放映|Home|Movie|Day|Community|Screenings|电影鉴赏,https://en.wikipedia.org/wiki/Home_Movie_Day
影视剧综/电影鉴赏/房间电影互动午夜场,房间电影互动午夜场,The Room Interactive Screening Community,看「房间电影互动午夜场」的同好圈。,房间电影互动午夜场|Room|Interactive|Screening|Community|电影鉴赏,https://www.theroommovie.com/screeningspop.html
影视剧综/电影鉴赏/欧美放映社/电影协会季节卡,电影协会季节卡,Film-society Season-ticket Circles,看「电影协会季节卡」的同好圈。,电影协会季节卡|Film-society|Season-ticket|Circles|电影鉴赏|欧美放映社,https://en.wikipedia.org/wiki/Film_society
影视剧综/电影鉴赏/气味电影与嗅觉展映,气味电影与嗅觉展映,Olfactory Cinema Screenings,看「气味电影与嗅觉展映」的同好圈。,气味电影与嗅觉展映|Olfactory|Cinema|Screenings|电影鉴赏,https://artandolfaction.com/about/
影视剧综/电影鉴赏/泰莱德山地电影节,泰莱德山地电影节,Mountainfilm Telluride,看「泰莱德山地电影节」的同好圈。,泰莱德山地电影节|Mountainfilm|Telluride|电影鉴赏,https://www.mountainfilm.org/
影视剧综/电影鉴赏/洛基恐怖秀影子卡司互动场,洛基恐怖秀影子卡司互动场,Rocky Horror Shadow Cast Participation,看「洛基恐怖秀影子卡司互动场」的同好圈。,洛基恐怖秀影子卡司互动场|Rocky|Horror|Shadow|Cast|Participation|电影鉴赏,https://www.rockyhorror.com/participation/
影视剧综/电影鉴赏/温哥华国际山地电影节,温哥华国际山地电影节,VIMFF,看「温哥华国际山地电影节」（VIMFF）。,温哥华国际山地电影节|VIMFF|电影鉴赏,https://vimff.org/
影视剧综/电影鉴赏/片种圈补/结构电影放映社,结构电影放映社,Structural Film Screening Clubs,看「结构电影放映社」的同好圈。,结构电影放映社|Structural|Film|Screening|Clubs|电影鉴赏|片种圈补,https://en.wikipedia.org/wiki/Structural_film
影视剧综/电影鉴赏/特伦托山地电影节,特伦托山地电影节,Trento Film Festival,看「特伦托山地电影节」的同好圈。,特伦托山地电影节|Trento|Film|Festival|电影鉴赏,https://trentofestival.it/en/who-we-are-2/
影视剧综/电影鉴赏/班夫山地电影节,班夫山地电影节,Banff Mountain Film Festival,看「班夫山地电影节」的同好圈。,班夫山地电影节|Banff|Mountain|Film|Festival|电影鉴赏,https://www.banffcentre.ca/banffmountainfestival
影视剧综/电影鉴赏/硝酸片电影节观影,硝酸片电影节观影,Nitrate Picture Show Participation,看「硝酸片电影节观影」的同好圈。,硝酸片电影节观影|Nitrate|Picture|Show|Participation|电影鉴赏,https://www.eastman.org/nitrate-picture-show
影视剧综/电影鉴赏/类型片邪典圈/Giallo迷,Giallo黄线恐怖迷,Giallo Fandom,看「Giallo黄线恐怖迷」（Giallo Fandom）。,Giallo黄线恐怖迷|Giallo|Fandom|电影鉴赏|类型片邪典圈,https://en.wikipedia.org/wiki/Giallo
影视剧综/电影鉴赏/类型片邪典圈/午夜邪典场,邪典午夜场文化,Midnight Movie Culture,看「邪典午夜场文化」的同好圈。,邪典午夜场文化|Midnight|Movie|Culture|电影鉴赏|类型片邪典圈,https://en.wikipedia.org/wiki/Midnight_movie
影视剧综/电影鉴赏/肯德尔山地电影节,肯德尔山地电影节,Kendal Mountain Festival,看「肯德尔山地电影节」的同好圈。,肯德尔山地电影节|Kendal|Mountain|Festival|电影鉴赏,https://www.kendalmountainfestival.com/
影视剧综/电影鉴赏/胶片放映与活弁/Super8胶片复兴,Super8胶片复兴,Super 8 Revival,看「Super8胶片复兴」（Super 8 Revival）。,Super8胶片复兴|Super8|Super|Revival|电影鉴赏|胶片放映与活弁,https://en.wikipedia.org/wiki/Super_8_film
影视剧综/电影鉴赏/胶片放映与活弁/公共频道PEG制作,公共频道PEG制作,PEG Public-access Production,看「公共频道PEG制作」的同好圈。,公共频道PEG制作|PEG|Public-access|Production|电影鉴赏|胶片放映与活弁,https://en.wikipedia.org/wiki/Public-access_television
影视剧综/电影鉴赏/胶片放映与活弁/活動弁士,活動弁士,Katsudo Benshi Narration,看「活動弁士」的同好圈。,活動弁士|Katsudo|Benshi|Narration|电影鉴赏|胶片放映与活弁,https://en.wikipedia.org/wiki/Benshi
影视剧综/电影鉴赏/被误认为档案馆/硝酸片基放映会,硝酸片基放映会,Nitrate Film Projection Societies,看「硝酸片基放映会」的同好圈。,硝酸片基放映会|Nitrate|Film|Projection|Societies|电影鉴赏|被误认为档案馆,https://en.wikipedia.org/wiki/Nitrocellulose#Film
影视剧综/电影鉴赏/邪典通宵场志愿检票,邪典通宵场志愿检票,Cult Midnight Screening Door Volunteering,看「邪典通宵场志愿检票」的同好圈。,邪典通宵场志愿检票|Cult|Midnight|Screening|Door|Volunteering|电影鉴赏,https://en.wikipedia.org/wiki/Midnight_movie
影视剧综/电影鉴赏/默片与实验/刮擦胶片直接动画,刮擦胶片直接动画,Cameraless Scratch-film Animation,看「刮擦胶片直接动画」的同好圈。,刮擦胶片直接动画|Cameraless|Scratch-film|Animation|电影鉴赏|默片与实验,https://en.wikipedia.org/wiki/Direct_animation
影视剧综/类型与社群影展/Frameline旧金山酷儿影展,Frameline旧金山酷儿影展,Frameline San Francisco LGBTQ+ Film Festival,看「Frameline旧金山酷儿影展」的同好圈。,Frameline旧金山酷儿影展|Frameline|San|Francisco|LGBTQ|Film|Festival|类型与社群影展,https://www.frameline.org/
影视剧综/类型与社群影展/Hammer恐怖片迷地方俱乐部,Hammer恐怖片迷地方俱乐部,Hammer Horror Local Fan Clubs,看「Hammer恐怖片迷地方俱乐部」的同好圈。,Hammer恐怖片迷地方俱乐部|Hammer|Horror|Local|Fan|Clubs|类型与社群影展,https://en.wikipedia.org/wiki/Hammer_Film_Productions
影视剧综/类型与社群影展/想象NATIVE原住民影展,想象NATIVE原住民影展,imagineNATIVE Film Festival,看「想象NATIVE原住民影展」的同好圈。,想象NATIVE原住民影展|NATIVE|imagineNATIVE|Film|Festival|类型与社群影展,https://imaginenative.org/
影视剧综/综艺与真人秀/业余剧社季演通宵装台,业余剧社季演通宵装台,Community Theatre Season Load-in Night,看「业余剧社季演通宵装台」的同好圈。,业余剧社季演通宵装台|Community|Theatre|Season|Load-in|Night|综艺与真人秀,https://en.wikipedia.org/wiki/Community_theatre
影视剧综/综艺与真人秀/国际歌唱赛粉丝社/OGAE欧视粉丝社,OGAE欧视粉丝社,OGAE Eurovision Fan Clubs,看「OGAE欧视粉丝社」的同好圈。,OGAE欧视粉丝社|OGAE|Eurovision|Fan|Clubs|综艺与真人秀|国际歌唱赛粉丝社,https://ogaeinternational.org/
影视剧综/身份影展社群/CAAMFest亚裔美国电影社,CAAMFest亚裔美国电影社,CAAMFest,看「CAAMFest亚裔美国电影社」（CAAMFest）。,CAAMFest亚裔美国电影社|CAAMFest|身份影展社群,https://caamedia.org/
影视剧综/身份影展社群/Māoriland毛利电影节社群,Māoriland毛利电影节社群,Māoriland Film Festival,看「Māoriland毛利电影节社群」的同好圈。,Māoriland毛利电影节社群|oriland|Film|Festival|身份影展社群,https://www.maorilandfilm.co.nz/
影视剧综/身份影展社群/UK Jewish Film观影社群,UK Jewish Film观影社群,UK Jewish Film,看「UK Jewish Film观影社群」的同好圈。,UK Jewish Film观影社群|UK|Jewish|Film|身份影展社群,https://ukjewishfilm.org/
成人合意兴趣圈子/BDSM与权力交换社群/东南皮革节教育轨道,东南皮革节教育轨道,Southeast Leatherfest Education Track,合意练「东南皮革节教育轨道」的同好圈。,东南皮革节教育轨道|Southeast|Leatherfest|Education|Track|BDSM与权力交换社群,https://www.seleatherfest.com/
成人合意兴趣圈子/BDSM与权力交换社群/中大西洋皮革周末教育,中大西洋皮革周末教育,CLAW Mid-Atlantic Leather Weekend Education,合意练「中大西洋皮革周末教育」的同好圈。,中大西洋皮革周末教育|CLAW|Mid-Atlantic|Leather|Weekend|Education|BDSM与权力交换社群,https://www.clawinfo.org/
成人合意兴趣圈子/BDSM与权力交换社群/公开教育与皮革社群/NCSF权益教育,NCSF权益教育,NCSF Education,合意练「NCSF权益教育」（NCSF Education）。,NCSF权益教育|NCSF|Education|BDSM与权力交换社群|公开教育与皮革社群,https://ncsfreedom.org/
成人合意兴趣圈子/BDSM与权力交换社群/公开教育与皮革社群/Society of Janus教育活动,Society of Janus教育活动,Society of Janus,合意练「Society of Janus教育活动」的同好圈。,Society of Janus教育活动|Society|of|Janus|BDSM与权力交换社群|公开教育与皮革社群,https://www.soj.org/
成人合意兴趣圈子/BDSM与权力交换社群/公开教育档案/Eulenspiegel学会教育讲座,Eulenspiegel学会教育讲座,The Eulenspiegel Society Education Talks,合意练「Eulenspiegel学会教育讲座」的同好圈。,Eulenspiegel学会教育讲座|Eulenspiegel|Society|Education|Talks|BDSM与权力交换社群|公开教育档案,https://en.wikipedia.org/wiki/The_Eulenspiegel_Society
成人合意兴趣圈子/BDSM与权力交换社群/公开教育档案/SSC与RACK对照研讨,SSC与RACK对照研讨,SSC versus RACK Study Seminars,合意练「SSC与RACK对照研讨」的同好圈。,SSC与RACK对照研讨|SSC|RACK|versus|Study|Seminars|BDSM与权力交换社群|公开教育档案,
成人合意兴趣圈子/BDSM与权力交换社群/公开教育档案/国际皮革协会教育年会,国际皮革协会教育年会,National Leather Association International Education,合意练「国际皮革协会教育年会」的同好圈。,国际皮革协会教育年会|National|Leather|Association|International|Education|BDSM与权力交换社群|公开教育档案,
成人合意兴趣圈子/BDSM与权力交换社群/公开教育档案/皮革档案博物馆志愿编目,皮革档案博物馆志愿编目,Leather Archives and Museum Cataloguing,合意练「皮革档案博物馆志愿编目」的同好圈。,皮革档案博物馆志愿编目|Leather|Archives|Museum|Cataloguing|BDSM与权力交换社群|公开教育档案,https://en.wikipedia.org/wiki/Leather_Archives_and_Museum
成人合意兴趣圈子/BDSM与权力交换社群/公开教育档案/芝加哥皮革CLAW教育轨,芝加哥皮革CLAW教育轨,CLAW Chicago Leather Education Track,合意练「芝加哥皮革CLAW教育轨」的同好圈。,芝加哥皮革CLAW教育轨|CLAW|Chicago|Leather|Education|Track|BDSM与权力交换社群|公开教育档案,
成人合意兴趣圈子/BDSM与权力交换社群/国际皮革小姐公开典礼,国际皮革小姐公开典礼,International Ms Leather Public Pageant,合意练「国际皮革小姐公开典礼」的同好圈。,国际皮革小姐公开典礼|International|Ms|Leather|Public|Pageant|BDSM与权力交换社群,https://www.imsl.org/
成人合意兴趣圈子/BDSM与权力交换社群/尤伦施皮格尔学会教育夜,尤伦施皮格尔学会教育夜,The Eulenspiegel Society Education Night,合意练「尤伦施皮格尔学会教育夜」的同好圈。,尤伦施皮格尔学会教育夜|Eulenspiegel|Society|Education|Night|BDSM与权力交换社群,https://www.tes.org/
成人合意兴趣圈子/BDSM与权力交换社群/山地雷声皮革聚会教育,山地雷声皮革聚会教育,Thunder in the Mountains Leather Education,合意练「山地雷声皮革聚会教育」的同好圈。,山地雷声皮革聚会教育|Thunder|in|Mountains|Leather|Education|BDSM与权力交换社群,https://www.thunderinthemtns.com/
成人合意兴趣圈子/BDSM与权力交换社群/皮革与公开社群活动/Folsom Fair,Folsom街头皮革节,Folsom Street Fair,合意练「Folsom街头皮革节」的同好圈。,Folsom街头皮革节|Folsom|Street|Fair|BDSM与权力交换社群|皮革与公开社群活动,https://www.folsomstreet.org/
成人合意兴趣圈子/BDSM与权力交换社群/皮革领导力会议参与,皮革领导力会议参与,Leather Leadership Conference Attendance,合意练「皮革领导力会议参与」的同好圈。,皮革领导力会议参与|Leather|Leadership|Conference|Attendance|BDSM与权力交换社群,https://www.leatherleadership.org/
成人合意兴趣圈子/BDSM与权力交换社群/绳缚安全公开演示课,绳缚安全公开演示课,Public Rope Safety Demonstration Class,合意练「绳缚安全公开演示课」的同好圈。,绳缚安全公开演示课|Public|Rope|Safety|Demonstration|Class|BDSM与权力交换社群,https://en.wikipedia.org/wiki/Shibari
成人合意兴趣圈子/BDSM与权力交换社群/西北皮革庆典工作坊,西北皮革庆典工作坊,Northwest Leather Celebration Workshops,合意练「西北皮革庆典工作坊」的同好圈。,西北皮革庆典工作坊|Northwest|Leather|Celebration|Workshops|BDSM与权力交换社群,https://www.nwlleather.com/
成人合意兴趣圈子/协商教育社群/CatalystCon性教育大会,CatalystCon性教育大会,CatalystCon Sexuality Education Conference,合意练「CatalystCon性教育大会」的同好圈。,CatalystCon性教育大会|CatalystCon|Sexuality|Education|Conference|协商教育社群,https://windycitytimes.com/2016/04/12/catalystcon-holds-first-ever-midwest-conference/
成人合意兴趣圈子/协商教育社群/北美成人LARP协商社群,北美成人LARP协商社群,Adult LARP Consent Networks,合意练「北美成人LARP协商社群」的同好圈。,北美成人LARP协商社群|LARP|Adult|Consent|Networks|协商教育社群,
成人合意兴趣圈子/协商教育社群/合意协商工作坊公开课,合意协商工作坊公开课,Consent Negotiation Public Workshops,合意练「合意协商工作坊公开课」的同好圈。,合意协商工作坊公开课|Consent|Negotiation|Public|Workshops|协商教育社群,https://en.wikipedia.org/wiki/Consent_(BDSM)
成人合意兴趣圈子/合意角色与生活方式/PolyLiving合意关系教育会,PolyLiving合意关系教育会,Poly Living Relationship Education Conference,合意练「PolyLiving合意关系教育会」的同好圈。,PolyLiving合意关系教育会|PolyLiving|Poly|Living|Relationship|Education|Conference|合意角色与生活方式,https://www.lovingmorenonprofit.org/
成人合意兴趣圈子/合意角色与生活方式/公开礼仪教育/TNG十八至卅五皮革教育,TNG十八至卅五皮革教育,TNG Leather Education 18-35,合意练「TNG十八至卅五皮革教育」的同好圈。,TNG十八至卅五皮革教育|TNG|Leather|Education|合意角色与生活方式|公开礼仪教育,
成人合意兴趣圈子/合意角色与生活方式/公开礼仪教育/皮革旗史读书会,皮革旗史读书会,Leather Pride Flag History Circles,合意练「皮革旗史读书会」的同好圈。,皮革旗史读书会|Leather|Pride|Flag|History|Circles|合意角色与生活方式|公开礼仪教育,https://en.wikipedia.org/wiki/Leather_Pride_flag
成人合意兴趣圈子/合意角色与生活方式/公开礼仪教育/靴墨竞赛教育侧写,靴墨竞赛教育侧写,Bootblack Contest Education Sidecars,合意练「靴墨竞赛教育侧写」的同好圈。,靴墨竞赛教育侧写|Bootblack|Contest|Education|Sidecars|合意角色与生活方式|公开礼仪教育,
成人合意兴趣圈子/合意角色与生活方式/关系无政府主义研讨,关系无政府主义研讨,Relationship Anarchy Seminars,合意练「关系无政府主义研讨」的同好圈。,关系无政府主义研讨|Relationship|Anarchy|Seminars|合意角色与生活方式,https://en.wikipedia.org/wiki/Relationship_anarchy
成人合意兴趣圈子/合意角色与生活方式/合意关系结构探索/多元之爱教育,多元之爱教育社群,Polyamory Education,合意练「多元之爱教育社群」（Polyamory Education）。,多元之爱教育社群|Polyamory|Education|合意角色与生活方式|合意关系结构探索,https://www.morethantwo.com/
成人合意兴趣圈子/合意角色与生活方式/合意关系结构探索/皮革俱乐部,皮革生活方式俱乐部,Leather Lifestyle Clubs,合意练「皮革生活方式俱乐部」的同好圈。,皮革生活方式俱乐部|Leather|Lifestyle|Clubs|合意角色与生活方式|合意关系结构探索,https://www.folsomstreet.org/leatherweek
成人合意兴趣圈子/合意角色与生活方式/咖啡闲聊合意社群聚会,咖啡闲聊合意社群聚会,Vanilla Munch Social Meetup Organizing,合意练「咖啡闲聊合意社群聚会」的同好圈。,咖啡闲聊合意社群聚会|Vanilla|Munch|Social|Meetup|Organizing|合意角色与生活方式,https://en.wikipedia.org/wiki/Munch_(BDSM)
成人合意兴趣圈子/合意角色与生活方式/多元关系教育读书会,多元关系教育读书会,CNM Education Reading Circle,合意练「多元关系教育读书会」的同好圈。,多元关系教育读书会|CNM|Education|Reading|Circle|合意角色与生活方式,https://en.wikipedia.org/wiki/Non-monogamy
成人合意兴趣圈子/合意角色与生活方式/多边关系教育读书会,多边关系教育读书会,Polyamory Education Reading Circles,合意练「多边关系教育读书会」的同好圈。,多边关系教育读书会|Polyamory|Education|Reading|Circles|合意角色与生活方式,https://en.wikipedia.org/wiki/Polyamory
成人合意兴趣圈子/成人情趣用品与教育/产品安全教育/成人产品材料安全课,成人产品材料安全课,Adult-product Material Safety Classes,合意练「成人产品材料安全课」的同好圈。,成人产品材料安全课|Adult-product|Material|Safety|Classes|成人情趣用品与教育|产品安全教育,
成人合意兴趣圈子/成人情趣用品与教育/产品安全教育/知情同意话术夜校,知情同意话术夜校,Informed-consent Language Night Classes,合意练「知情同意话术夜校」的同好圈。,知情同意话术夜校|Informed-consent|Language|Night|Classes|成人情趣用品与教育|产品安全教育,
成人合意兴趣圈子/成人情趣用品与教育/合意性教育媒体评测,合意性教育媒体评测,Consent-focused Sex Ed Media,合意练「合意性教育媒体评测」的同好圈。,合意性教育媒体评测|Consent-focused|Sex|Ed|Media|成人情趣用品与教育,https://www.plannedparenthood.org/learn/sex-pleasure-and-sexual-dysfunction
成人合意兴趣圈子/成人情趣用品与教育/合意性教育社群/合意评测媒体,合意性教育与评测媒体,Consent-forward Sex Ed Media,合意练「合意性教育与评测媒体」的同好圈。,合意性教育与评测媒体|Consent-forward|Sex|Ed|Media|成人情趣用品与教育|合意性教育社群,https://www.autostraddle.com/tag/sex-toys/
成人合意兴趣圈子/教育与社群标签/英国合意绳缚教育集体,英国合意绳缚教育集体,UK Consensual Rope Education Collectives,合意练「英国合意绳缚教育集体」的同好圈。,英国合意绳缚教育集体|UK|Consensual|Rope|Education|Collectives|教育与社群标签,https://en.wikipedia.org/wiki/Bondage_(BDSM)
成人合意兴趣圈子/皮革与协议社群/Arizona Power Exchange,Arizona Power Exchange,Arizona Power Exchange,合意练「Arizona Power Exchange」的同好圈。,Arizona Power Exchange|Arizona|Power|Exchange|皮革与协议社群,https://www.arizonapowerexchange.org/
成人合意兴趣圈子/皮革与协议社群/Black Rose华盛顿特区,Black Rose华盛顿特区,Black Rose,合意练「Black Rose华盛顿特区」（Black Rose）。,Black Rose华盛顿特区|Black|Rose|皮革与协议社群,https://br.org/
成人合意兴趣圈子/皮革与协议社群/CLAW克利夫兰皮革周,CLAW克利夫兰皮革周,Cleveland Leather Awareness Weekend,合意练「CLAW克利夫兰皮革周」的同好圈。,CLAW克利夫兰皮革周|CLAW|Cleveland|Leather|Awareness|Weekend|皮革与协议社群,https://clawinfo.org/
成人合意兴趣圈子/皮革与协议社群/Dark Odyssey融合营,Dark Odyssey融合营,Dark Odyssey,合意练「Dark Odyssey融合营」（Dark Odyssey）。,Dark Odyssey融合营|Dark|Odyssey|皮革与协议社群,https://www.darkodyssey.com/
成人合意兴趣圈子/皮革与协议社群/International Mr Leather,International Mr Leather,International Mr Leather,合意练「International Mr Leather」的同好圈。,International Mr Leather|International|Mr|Leather|皮革与协议社群,https://www.imrl.com/
成人合意兴趣圈子/皮革与协议社群/Leather Archives and Museum,Leather Archives and Museum,Leather Archives & Museum,合意练「Leather Archives and Museum」的同好圈。,Leather Archives and Museum|Leather|Archives|Museum|皮革与协议社群,https://www.leatherarchives.org/
成人合意兴趣圈子/皮革与协议社群/Master slave Conference,Master slave Conference,Master/slave Conference,合意练「Master slave Conference」的同好圈。,Master slave Conference|Master|slave|Conference|皮革与协议社群,https://www.masterslaveconference.org/
成人合意兴趣圈子/皮革与协议社群/NELA跳蚤市集教育工作坊,NELA跳蚤市集教育工作坊,NELA Fetish Fair Fleamarket Workshops,合意练「NELA跳蚤市集教育工作坊」的同好圈。,NELA跳蚤市集教育工作坊|NELA|Fetish|Fair|Fleamarket|Workshops|皮革与协议社群,https://www.nela.org/
成人合意兴趣圈子/皮革与协议社群/Northwest Leather Celebration,Northwest Leather Celebration,Northwest Leather Celebration,合意练「Northwest Leather Celebration」的同好圈。,Northwest Leather Celebration|Northwest|Leather|Celebration|皮革与协议社群,https://www.nwlcab.org/
成人合意兴趣圈子/皮革与协议社群/South Plains Leatherfest,South Plains Leatherfest,South Plains Leatherfest,合意练「South Plains Leatherfest」的同好圈。,South Plains Leatherfest|South|Plains|Leatherfest|皮革与协议社群,https://www.southplainsleatherfest.com/
成人合意兴趣圈子/皮革与协议社群/Threshold Society洛杉矶,Threshold Society洛杉矶,Threshold Society,合意练「Threshold Society洛杉矶」的同好圈。,Threshold Society洛杉矶|Threshold|Society|皮革与协议社群,https://thresholdsociety.com/
成人合意兴趣圈子/皮革与协议社群/皮革亚文化史公开课,皮革亚文化史公开课,Leather Subculture History Public Classes,合意练「皮革亚文化史公开课」的同好圈。,皮革亚文化史公开课|Leather|Subculture|History|Public|Classes|皮革与协议社群,https://en.wikipedia.org/wiki/Leather_subculture
成人合意兴趣圈子/绳缚与协商社群/北美TES绳缚教育,北美TES绳缚教育社群,The Eulenspiegel Society,合意练「北美TES绳缚教育社群」的同好圈。,北美TES绳缚教育社群|TES|Eulenspiegel|Society|绳缚与协商社群|北美TES绳缚教育,https://www.tes.org/
成人合意兴趣圈子/绳缚与身体艺术教育/BoundCon慕尼黑教育工作坊,BoundCon慕尼黑教育工作坊,BoundCon Munich Educational Workshops,合意练「BoundCon慕尼黑教育工作坊」的同好圈。,BoundCon慕尼黑教育工作坊|BoundCon|Munich|Educational|Workshops|绳缚与身体艺术教育,https://de.wikipedia.org/wiki/BoundCon
成人合意兴趣圈子/绳缚与身体艺术教育/Kink Aware Professionals名录实践,Kink Aware Professionals名录实践,Kink Aware Professionals,合意练「Kink Aware Professionals名录实践」的同好圈。,Kink Aware Professionals名录实践|Kink|Aware|Professionals|绳缚与身体艺术教育,https://www.kaprofessionals.org/
成人合意兴趣圈子/绳缚与身体艺术教育/The Floating World绳艺节,The Floating World绳艺节,The Floating World,合意练「The Floating World绳艺节」的同好圈。,The Floating World绳艺节|Floating|World|绳缚与身体艺术教育,https://www.thefloatingworld.org/
成人合意兴趣圈子/绳缚与身体艺术教育/Tokyo Bound公开工作坊谱系,Tokyo Bound公开工作坊谱系,Tokyo Bound Workshops,合意练「Tokyo Bound公开工作坊谱系」的同好圈。,Tokyo Bound公开工作坊谱系|Tokyo|Bound|Workshops|绳缚与身体艺术教育,https://www.tokyobound.com/
成人合意兴趣圈子/绳缚与身体艺术教育/绳缚艺术史公开研讨,绳缚艺术史公开研讨,Shibari Art-History Public Seminars,合意练「绳缚艺术史公开研讨」的同好圈。,绳缚艺术史公开研讨|Shibari|Art-History|Public|Seminars|绳缚与身体艺术教育,https://en.wikipedia.org/wiki/Shibari
成人合意兴趣圈子/绳艺与身体实践/绳缚安全悬吊认证周末,绳缚安全悬吊认证周末,Shibari Safety Suspension Cert Weekends,合意练「绳缚安全悬吊认证周末」的同好圈。,绳缚安全悬吊认证周末|Shibari|Safety|Suspension|Cert|Weekends|绳艺与身体实践,
成人合意兴趣圈子/角色扮演社群/北欧Knutepunkt,北欧Knutepunkt LARP年会,Knutepunkt LARP,合意练「北欧Knutepunkt LARP年会」的同好圈。,北欧Knutepunkt LARP年会|Knutepunkt|LARP|角色扮演社群|北欧Knutepunkt,https://en.wikipedia.org/wiki/Knutepunkt
成人合意兴趣圈子/角色扮演社群/北美LARP联盟,北美LARP社群网络,LARP Alliance / US LARP Orgs,合意练「北美LARP社群网络」的同好圈。,北美LARP社群网络|LARP|Alliance|US|Orgs|角色扮演社群|北美LARP联盟,https://en.wikipedia.org/wiki/Live_action_role-playing_game
户外与探险/哈希跑/Hash House Harriers哈希跑社,Hash House Harriers哈希跑社,Hash House Harriers,探「Hash House Harriers哈希跑社」的同好圈。,Hash House Harriers哈希跑社|Hash|House|Harriers|哈希跑,https://half-mind.com/
户外与探险/寻踪印章/北美Letterboxing寻盒,北美Letterboxing寻盒,North American Letterboxing,探「北美Letterboxing寻盒」的同好圈。,北美Letterboxing寻盒|Letterboxing|North|American|寻踪印章,https://www.atlasquest.com/
户外与探险/峡谷探险/美国峡谷者联盟,美国峡谷者联盟,Coalition of American Canyoneers,探「美国峡谷者联盟」的同好圈。,美国峡谷者联盟|Coalition|of|American|Canyoneers|峡谷探险,https://www.americancanyoneers.org/
户外与探险/徒步与步道/英国长途步道协会,英国长途步道协会LDWA,Long Distance Walkers Association,探「英国长途步道协会LDWA」的同好圈。,英国长途步道协会LDWA|LDWA|Long|Distance|Walkers|Association|徒步与步道|英国长途步道协会,https://www.ldwa.org.uk/
户外与探险/徒步探险与导航/Bushcraft,Bushcraft 野外技艺,Bushcraft,探「Bushcraft 野外技艺」（Bushcraft）。,Bushcraft 野外技艺|Bushcraft|徒步探险与导航,https://www.bushcraftuk.com/
户外与探险/徒步探险与导航/Packraft,包筏漂流（Packrafting）,Packrafting,探「包筏漂流（Packrafting）」的同好圈。,包筏漂流（Packrafting）|Packrafting|徒步探险与导航|Packraft,https://packrafting.org/
户外与探险/徒步探险与导航/奥地利山岳协会小屋志愿,奥地利山岳协会小屋志愿,Austrian Alpine Club Hut Volunteering,探「奥地利山岳协会小屋志愿」的同好圈。,奥地利山岳协会小屋志愿|Austrian|Alpine|Hut|Volunteering|徒步探险与导航,https://www.alpenverein.at/portal/hütten/index.php
户外与探险/徒步探险与导航/山友救援队值周演练,山友救援队值周演练,Mountain Rescue Team Weekly Drill,探「山友救援队值周演练」的同好圈。,山友救援队值周演练|Mountain|Rescue|Team|Weekly|Drill|徒步探险与导航,https://en.wikipedia.org/wiki/Mountain_rescue
户外与探险/徒步探险与导航/欧美步道/奔宁步道志愿,奔宁步道志愿,Pennine Way Volunteer Rangers,探「奔宁步道志愿」的同好圈。,奔宁步道志愿|Pennine|Way|Volunteer|Rangers|徒步探险与导航|欧美步道,https://en.wikipedia.org/wiki/Pennine_Way
户外与探险/徒步探险与导航/欧美步道/阿巴拉契亚小径志愿维护,阿巴拉契亚小径志愿维护,Appalachian Trail Volunteer Maintainers,探「阿巴拉契亚小径志愿维护」的同好圈。,阿巴拉契亚小径志愿维护|Appalachian|Trail|Volunteer|Maintainers|徒步探险与导航|欧美步道,https://en.wikipedia.org/wiki/Appalachian_Trail
户外与探险/徒步探险与导航/长线与导航赛/Munro收集,苏格兰 Munro 登顶收集,Munro Bagging,探「苏格兰 Munro 登顶收集」（Munro Bagging）。,苏格兰 Munro 登顶收集|Munro|Bagging|徒步探险与导航|长线与导航赛,https://www.smc.org.uk/
户外与探险/徒步探险与导航/长线与导航赛/PCT全程徒步,PCT 等长距步道全程,PCT Thru-hiking,探「PCT 等长距步道全程」（PCT Thru-hiking）。,PCT 等长距步道全程|PCT|Thru-hiking|徒步探险与导航|长线与导航赛,https://www.pcta.org/
户外与探险/徒步探险与导航/长线与导航赛/Rogaining,长时定向 Rogaining,Rogaining,探「长时定向 Rogaining」（Rogaining）。,长时定向 Rogaining|Rogaining|徒步探险与导航|长线与导航赛,https://rogaining.com/
户外与探险/徒步探险与导航/长线与导航赛/定向越野IOF,定向越野（IOF）,Orienteering,探「定向越野（IOF）」（Orienteering）。,定向越野（IOF）|IOF|Orienteering|徒步探险与导航|长线与导航赛,https://orienteering.sport/
户外与探险/徒步探险与导航/高山小屋轮值看守,高山小屋轮值看守,Alpine Hut Warden Seasonal Rota,探「高山小屋轮值看守」的同好圈。,高山小屋轮值看守|Alpine|Hut|Warden|Seasonal|Rota|徒步探险与导航,https://www.sac-cas.ch/en/huts/
户外与探险/水上与水下/GUE技术潜水,GUE / 技术潜水,GUE Technical Diving,探「GUE / 技术潜水」的同好圈。,GUE / 技术潜水|GUE|Technical|Diving|水上与水下|GUE技术潜水,https://www.gue.com/
户外与探险/水上与水下/Tenkara钓,Tenkara 手竿飞蝇钓,Tenkara Fishing,探「Tenkara 手竿飞蝇钓」的同好圈。,Tenkara 手竿飞蝇钓|Tenkara|Fishing|水上与水下|Tenkara钓,https://www.tenkarausa.com/
户外与探险/水上与水下/冬泳冰泳,冬泳 / 冰泳,Winter / Ice Swimming,探「冬泳 / 冰泳」的同好圈。,冬泳 / 冰泳|Winter|Ice|Swimming|水上与水下|冬泳冰泳,https://internationaliceswimming.com/
户外与探险/水上与水下/激流与海/官方悬崖跳水,官方悬崖跳水,Official Cliff-diving Amateur Meets,探「官方悬崖跳水」的同好圈。,官方悬崖跳水|Official|Cliff-diving|Meets|水上与水下|激流与海,https://en.wikipedia.org/wiki/Cliff_diving
户外与探险/水上与水下/激流与海/海洋皮划艇远征,海洋皮划艇远征,Sea-kayak Expedition Clubs,探「海洋皮划艇远征」的同好圈。,海洋皮划艇远征|Sea-kayak|Expedition|Clubs|水上与水下|激流与海,https://en.wikipedia.org/wiki/Sea_kayak
户外与探险/水上与水下/激流与海/激流皮划艇WW业余,激流皮划艇WW业余,Whitewater Kayaking Amateur Clubs,探「激流皮划艇WW业余」的同好圈。,激流皮划艇WW业余|WW|Whitewater|Kayaking|Clubs|水上与水下|激流与海,https://en.wikipedia.org/wiki/Whitewater_kayaking
户外与探险/水上与水下/自由潜水AIDA,自由潜水（AIDA）,Freediving (AIDA),探「自由潜水（AIDA）」（Freediving (AIDA)）。,自由潜水（AIDA）|AIDA|Freediving|水上与水下|自由潜水AIDA,https://www.aidainternational.org/
户外与探险/水上与水下/赛舟俱乐部季节下水礼,赛舟俱乐部季节下水礼,Rowing Club Seasonal Boat Blessing,探「赛舟俱乐部季节下水礼」的同好圈。,赛舟俱乐部季节下水礼|Rowing|Seasonal|Boat|Blessing|水上与水下,https://en.wikipedia.org/wiki/Boat_blessing
户外与探险/水域与极地边缘探索/American Packrafting Association,American Packrafting Association,American Packrafting Association,探「American Packrafting Association」的同好圈。,American Packrafting Association|American|Packrafting|Association|水域与极地边缘探索,https://packraft.org/
户外与探险/水域与极地边缘探索/Outdoor Swimming Society,Outdoor Swimming Society,Outdoor Swimming Society,探「Outdoor Swimming Society」的同好圈。,Outdoor Swimming Society|Outdoor|Swimming|Society|水域与极地边缘探索,https://www.outdoorswimmingsociety.com/
户外与探险/水域与极地边缘探索/TrigpointingUK三角点收集,TrigpointingUK三角点收集,TrigpointingUK,探「TrigpointingUK三角点收集」的同好圈。,TrigpointingUK三角点收集|TrigpointingUK|水域与极地边缘探索,https://www.trigpointinguk.com/
户外与探险/洞穴与峡谷探险/American Canyoneering Association,American Canyoneering Association,American Canyoneering Association,探「American Canyoneering Association」。,American Canyoneering Association|American|Canyoneering|Association|洞穴与峡谷探险,https://www.canyoneering.net/
户外与探险/洞穴与峡谷探险/Australian Speleological Federation,Australian Speleological Federation,Australian Speleological Federation,探「Australian Speleological Federation」。,Australian Speleological Federation|Australian|Speleological|Federation|洞穴与峡谷探险,https://www.caves.org.au/
户外与探险/洞穴与峡谷探险/British Caving Association,British Caving Association,British Caving Association,探「British Caving Association」的同好圈。,British Caving Association|British|Caving|Association|洞穴与峡谷探险,https://british-caving.org.uk/
户外与探险/洞穴与峡谷探险/National Association for Cave Diving,National Association for Cave Diving,National Association for Cave Diving,探「National Association for Cave Diving」。,National Association for Cave Diving|National|Association|Cave|Diving|洞穴与峡谷探险,https://www.nacd.us/
户外与探险/洞穴与峡谷探险/National Speleological Society洞穴,National Speleological Society洞穴,National Speleological Society,探「National Speleological Society洞穴」的同好圈。,National Speleological Society洞穴|National|Speleological|Society|洞穴与峡谷探险,https://caves.org/
户外与探险/登山攀岩与垂直运动/冰雪救援礼仪/雪崩信标搜救练习,雪崩信标搜救练习,Avalanche Transceiver Practice Circles,探「雪崩信标搜救练习」的同好圈。,雪崩信标搜救练习|Avalanche|Transceiver|Practice|Circles|登山攀岩与垂直运动|冰雪救援礼仪,https://en.wikipedia.org/wiki/Avalanche_transceiver
户外与探险/登山攀岩与垂直运动/峡谷穿越,峡谷穿越（Canyoning）,Canyoning / Canyoneering,探「峡谷穿越（Canyoning）」的同好圈。,峡谷穿越（Canyoning）|Canyoning|Canyoneering|登山攀岩与垂直运动|峡谷穿越,https://www.aic-canyoning.org/
户外与探险/登山攀岩与垂直运动/攀岩细分/干冰工具攀,干冰工具攀（Dry Tooling）,Dry Tooling,探「干冰工具攀（Dry Tooling）」的同好圈。,干冰工具攀（Dry Tooling）|Dry|Tooling|登山攀岩与垂直运动|攀岩细分,https://www.ifsc-climbing.org/
户外与探险/登山攀岩与垂直运动/攀岩细分/探洞Speleo,洞穴探险（Speleology）,Caving / Speleology,探「洞穴探险（Speleology）」的同好圈。,洞穴探险（Speleology）|Speleology|Caving|登山攀岩与垂直运动|攀岩细分,https://uis-speleo.org/
户外与探险/登山攀岩与垂直运动/绳降与崖/绳降俱乐部Rapelling,绳降俱乐部Rapelling,Rappelling Club Practice,探「绳降俱乐部Rapelling」的同好圈。,绳降俱乐部Rapelling|Rapelling|Rappelling|Practice|登山攀岩与垂直运动|绳降与崖,https://en.wikipedia.org/wiki/Abseiling
户外与探险/登山攀岩与垂直运动/阿尔卑斯俱乐部绳队年训,阿尔卑斯俱乐部绳队年训,Alpine Club Rope-Team Annual Training,探「阿尔卑斯俱乐部绳队年训」的同好圈。,阿尔卑斯俱乐部绳队年训|Alpine|Rope-Team|Annual|Training|登山攀岩与垂直运动,https://www.alpine-club.org.uk/
户外与探险/登山攀岩与垂直运动/高空走扁带,高空走扁带（Highline）,Highlining,探「高空走扁带（Highline）」（Highlining）。,高空走扁带（Highline）|Highline|Highlining|登山攀岩与垂直运动|高空走扁带,https://www.isf-slackline.org/
户外与探险/登顶俱乐部/美国各州最高点俱乐部,美国各州最高点俱乐部,Highpointers Club,探「美国各州最高点俱乐部」（Highpointers Club）。,美国各州最高点俱乐部|Highpointers|登顶俱乐部,https://highpointers.org/
户外与探险/登顶俱乐部/阿迪朗达克四十六峰会,阿迪朗达克四十六峰会,Adirondack Forty-Sixers,探「阿迪朗达克四十六峰会」的同好圈。,阿迪朗达克四十六峰会|Adirondack|Forty-Sixers|登顶俱乐部,https://adk46er.org/
户外与探险/空中与滑翔/动力与精确/动力伞Paramotor业余,动力伞Paramotor业余,Paramotor Powered-paragliding Clubs,探「动力伞Paramotor业余」的同好圈。,动力伞Paramotor业余|Paramotor|Powered-paragliding|Clubs|空中与滑翔|动力与精确,https://en.wikipedia.org/wiki/Powered_paragliding
户外与探险/空中与滑翔/动力与精确/定点跳伞精度着陆,定点跳伞精度着陆,Accuracy-landing Parachute Clubs,探「定点跳伞精度着陆」的同好圈。,定点跳伞精度着陆|Accuracy-landing|Parachute|Clubs|空中与滑翔|动力与精确,https://en.wikipedia.org/wiki/Accuracy_landing
户外与探险/空中与滑翔/动力与精确/热气球运动FAI业余,热气球运动FAI业余,FAI Hot-air Ballooning Amateur,探「热气球运动FAI业余」的同好圈。,热气球运动FAI业余|FAI|Hot-air|Ballooning|空中与滑翔|动力与精确,https://en.wikipedia.org/wiki/Hot_air_ballooning
户外与探险/空中与滑翔/悬挂滑翔,悬挂式滑翔,Hang Gliding,探「悬挂式滑翔」（Hang Gliding）。,悬挂式滑翔|Hang|Gliding|空中与滑翔|悬挂滑翔,https://www.ushpa.org/
户外与探险/空中与滑翔/欧美滑翔/英国滑翔协会BGA,英国滑翔协会BGA,BGA Gliding Clubs,探「英国滑翔协会BGA」（BGA Gliding Clubs）。,英国滑翔协会BGA|BGA|Gliding|Clubs|空中与滑翔|欧美滑翔,https://en.wikipedia.org/wiki/British_Gliding_Association
户外与探险/空中与滑翔/滑翔伞,滑翔伞飞行,Paragliding,探「滑翔伞飞行」（Paragliding）。,滑翔伞飞行|Paragliding|空中与滑翔|滑翔伞,https://www.fai.org/commission/civl
户外与探险/空中与滑翔/滑翔俱乐部年赛执裁志愿,滑翔俱乐部年赛执裁志愿,Gliding Club Championship Stewarding,探「滑翔俱乐部年赛执裁志愿」的同好圈。,滑翔俱乐部年赛执裁志愿|Gliding|Championship|Stewarding|空中与滑翔,https://www.fai.org/commission/igc
户外与探险/竖井/单绳技术SRT竖井,单绳技术SRT竖井,Single Rope Technique Caving,探「单绳技术SRT竖井」的同好圈。,单绳技术SRT竖井|SRT|Single|Rope|Technique|Caving|竖井,https://en.wikipedia.org/wiki/Single-rope_technique
户外与探险/竖井/洞穴潜水NSS-CDS,洞穴潜水NSS-CDS,Cave Diving NSS-CDS,探「洞穴潜水NSS-CDS」的同好圈。,洞穴潜水NSS-CDS|NSS-CDS|Cave|Diving|竖井,https://en.wikipedia.org/wiki/Cave_diving
户外与探险/竖井/矿山探险Mine exploration,矿山探险Mine exploration,Mine Exploration,探「矿山探险Mine exploration」的同好圈。,矿山探险Mine exploration|Mine|exploration|Exploration|竖井,https://en.wikipedia.org/wiki/Mine_exploration
户外与探险/自然观察与寻宝/Geocaching,地理寻宝 Geocaching,Geocaching,探「地理寻宝 Geocaching」（Geocaching）。,地理寻宝 Geocaching|Geocaching|自然观察与寻宝,https://www.geocaching.com/
户外与探险/自然观察与寻宝/业余淘金,业余淘金 / 探矿,Recreational Gold Panning,探「业余淘金 / 探矿」的同好圈。,业余淘金 / 探矿|Recreational|Gold|Panning|自然观察与寻宝|业余淘金,https://www.goldprospectors.org/
户外与探险/自然观察与寻宝/切磨采石,采石切磨（Lapidary）,Rockhounding & Lapidary,探「采石切磨（Lapidary）」的同好圈。,采石切磨（Lapidary）|Lapidary|Rockhounding|自然观察与寻宝|切磨采石,https://www.lapidaryjournal.com/
户外与探险/自然观察与寻宝/合法猛禽/北美猎鹰者学徒,北美猎鹰者学徒,NAFA Falconry Apprenticeship,探「北美猎鹰者学徒」的同好圈。,北美猎鹰者学徒|NAFA|Falconry|Apprenticeship|自然观察与寻宝|合法猛禽,https://en.wikipedia.org/wiki/Falconry
户外与探险/自然观察与寻宝/合法猛禽/英国猎鹰者俱乐部放飞,英国猎鹰者俱乐部放飞,British Falconers Club Field Days,探「英国猎鹰者俱乐部放飞」的同好圈。,英国猎鹰者俱乐部放飞|British|Falconers|Field|Days|自然观察与寻宝|合法猛禽,
户外与探险/自然观察与寻宝/合法猛禽/阿联酋猎鹰传统放飞,阿联酋猎鹰传统放飞,UAE Falcons Heritage Field Practice,探「阿联酋猎鹰传统放飞」的同好圈。,阿联酋猎鹰传统放飞|UAE|Falcons|Heritage|Field|Practice|自然观察与寻宝|合法猛禽,
户外与探险/自然观察与寻宝/国际观鸟年赛志愿站,国际观鸟年赛志愿站,Global Big Day Bird Count Station Volunteering,探「国际观鸟年赛志愿站」的同好圈。,国际观鸟年赛志愿站|Global|Big|Day|Bird|Count|Station|Volunteering,https://ebird.org/news/global-big-day
户外与探险/自然观察与寻宝/夜观星空公园志愿解说,夜观星空公园志愿解说,Dark-Sky Park Night Sky Interpretation,探「夜观星空公园志愿解说」的同好圈。,夜观星空公园志愿解说|Dark-Sky|Park|Night|Sky|Interpretation|自然观察与寻宝,https://www.darksky.org/
户外与探险/自然观察与寻宝/夜间诱蛾,夜间诱蛾（Mothing）,Mothing,探「夜间诱蛾（Mothing）」（Mothing）。,夜间诱蛾（Mothing）|Mothing|自然观察与寻宝|夜间诱蛾,https://mothscount.org/
户外与探险/自然观察与寻宝/生物闪电普查志愿队,生物闪电普查志愿队,BioBlitz Community Survey Crew,探「生物闪电普查志愿队」的同好圈。,生物闪电普查志愿队|BioBlitz|Community|Survey|Crew|自然观察与寻宝,https://en.wikipedia.org/wiki/BioBlitz
户外与探险/长途步道与高峰收集/Adventure Cycling自行车长途,Adventure Cycling自行车长途,Adventure Cycling Association,探「Adventure Cycling自行车长途」的同好圈。,Adventure Cycling自行车长途|Adventure|Cycling|Association|长途步道与高峰收集,https://www.adventurecycling.org/
户外与探险/长途步道与高峰收集/Appalachian Long Distance Hikers Association,Appalachian Long Distance Hikers Association,Appalachian Long Distance Hikers Association,「Appalachian Long Distance Hikers Associ,Appalachian Long Distance Hikers Association|Appalachian|Long|Distance|Hikers|Association|长途步道与高峰收集,https://www.aldha.org/
户外与探险/长途步道与高峰收集/Bushwalking Australia,Bushwalking Australia,Bushwalking Australia,探「Bushwalking Australia」的同好圈。,Bushwalking Australia|Bushwalking|Australia|长途步道与高峰收集,https://bushwalkingaustralia.org/
户外与探险/长途步道与高峰收集/Continental Divide Trail Coalition,Continental Divide Trail Coalition,Continental Divide Trail Coalition,探「Continental Divide Trail Coalition」。,Continental Divide Trail Coalition|Continental|Divide|Trail|Coalition|长途步道与高峰收集,https://continentaldividetrail.org/
户外与探险/长途步道与高峰收集/County Highpointers协会,County Highpointers协会,County Highpointers Association,探「County Highpointers协会」的同好圈。,County Highpointers协会|County|Highpointers|Association|长途步道与高峰收集,https://www.highpointers.org/
户外与探险/长途步道与高峰收集/Orienteering USA定向,Orienteering USA定向,Orienteering USA,探「Orienteering USA定向」的同好圈。,Orienteering USA定向|Orienteering|USA|长途步道与高峰收集,https://www.orienteeringusa.org/
户外与探险/长途步道与高峰收集/Pacific Crest Trail Association,Pacific Crest Trail Association,Pacific Crest Trail Association,探「Pacific Crest Trail Association」的同好圈。,Pacific Crest Trail Association|Pacific|Crest|Trail|Association|长途步道与高峰收集,https://www.pcta.org/
户外与探险/长途步道与高峰收集/Te Araroa全程徒步新西兰,Te Araroa全程徒步新西兰,Te Araroa Trail Thru-Hiking,探「Te Araroa全程徒步新西兰」的同好圈。,Te Araroa全程徒步新西兰|Te|Araroa|Trail|Thru-Hiking|长途步道与高峰收集,https://www.teararoa.org.nz/
户外与探险/长途步道与高峰收集/Wainwrights峰表收集,Wainwrights峰表收集,Wainwright Bagging,探「Wainwrights峰表收集」的同好圈。,Wainwrights峰表收集|Wainwrights|Wainwright|Bagging|长途步道与高峰收集,https://www.wainwrightsociety.org.uk/
户外与探险/长途步道穿越/冰岛Laugavegur季节穿越,冰岛Laugavegur季节穿越,Laugavegur Seasonal Thru-hikes,探「冰岛Laugavegur季节穿越」的同好圈。,冰岛Laugavegur季节穿越|Laugavegur|Seasonal|Thru-hikes|长途步道穿越,
户外与探险/长途步道穿越/奥发堤步道协会,奥发堤步道协会,Offa's Dyke Association,探「奥发堤步道协会」的同好圈。,奥发堤步道协会|Offa|Dyke|Association|长途步道穿越,https://offasdyke.org.uk/
户外与探险/长途步道穿越/拉腊平塔步道徒步,拉腊平塔步道徒步,Larapinta Trail,探「拉腊平塔步道徒步」（Larapinta Trail）。,拉腊平塔步道徒步|Larapinta|Trail|长途步道穿越,https://www.larapintatrail.com.au/
户外与探险/长途步道穿越/阿尔卑斯穿越Via Alpina,阿尔卑斯穿越Via Alpina,Via Alpina,探「阿尔卑斯穿越Via Alpina」（Via Alpina）。,阿尔卑斯穿越Via Alpina|Via|Alpina|长途步道穿越,https://www.via-alpina.org/
户外与探险/长途步道穿越/阿巴拉契亚小径协会穿越,阿巴拉契亚小径协会穿越,Appalachian Trail Conservancy thru-hiking,探「阿巴拉契亚小径协会穿越」的同好圈。,阿巴拉契亚小径协会穿越|Appalachian|Trail|Conservancy|thru-hiking|长途步道穿越,https://appalachiantrail.org/
户外与探险/长途骑马/长骑者公会,长骑者公会,The Long Riders' Guild,探「长骑者公会」（The Long Riders' Guild）。,长骑者公会|Long|Riders|Guild|长途骑马,https://www.thelongridersguild.com/
户外运动/传统球类与民族竞技/卡巴迪Kabaddi,卡巴迪Kabaddi,Kabaddi,练「卡巴迪Kabaddi」（Kabaddi）。,卡巴迪Kabaddi|Kabaddi|传统球类与民族竞技,https://worldkabaddi.org/
户外运动/传统球类与民族竞技/墨西哥Charrería骑术竞技,墨西哥Charrería骑术竞技,Mexican Charrería,练「墨西哥Charrería骑术竞技」的同好圈。,墨西哥Charrería骑术竞技|Charrer|Mexican|传统球类与民族竞技,https://ich.unesco.org/en/RL/charreria-equestrian-tradition-in-mexico-01108
户外运动/传统球类与民族竞技/波斯马球Chovgan爱好圈,波斯马球Chovgan爱好再现,Chovgan / Persian Polo Heritage Play,练「波斯马球Chovgan爱好再现」的同好圈。,波斯马球Chovgan爱好再现|Chovgan|Persian|Polo|Heritage|Play|传统球类与民族竞技,https://ich.unesco.org/en/RL/chovgan-a-traditional-karabakh-horse-riding-game-played-with-a-wooden-stick-00905
户外运动/传统球类与民族竞技/藤球Sepak_Takraw,藤球Sepak Takraw,Sepak Takraw,练「藤球Sepak Takraw」（Sepak Takraw）。,藤球Sepak Takraw|Sepak|Takraw|传统球类与民族竞技,https://sepaktakraw.one/
户外运动/传统球类与民族竞技/骆驼竞速爱好观赛与训养圈,骆驼竞速爱好观赛与训养圈,Camel Racing Enthusiast Circles,练「骆驼竞速爱好观赛与训养圈」的同好圈。,骆驼竞速爱好观赛与训养圈|Camel|Racing|Enthusiast|Circles|传统球类与民族竞技,https://en.wikipedia.org/wiki/Camel_racing
户外运动/传统节庆竞技/季节赛会/朝鲜秋夕摔跤,朝鲜秋夕摔跤,Chuseok Ssireum Amateur,练「朝鲜秋夕摔跤」的同好圈。,朝鲜秋夕摔跤|Chuseok|Ssireum|传统节庆竞技|季节赛会,https://en.wikipedia.org/wiki/Ssireum
户外运动/传统节庆竞技/季节赛会/那达慕业余摔跤,那达慕业余摔跤,Naadam Amateur Wrestling Circles,练「那达慕业余摔跤」的同好圈。,那达慕业余摔跤|Naadam|Wrestling|Circles|传统节庆竞技|季节赛会,https://en.wikipedia.org/wiki/Naadam
户外运动/传统节庆竞技/弗洛勒斯卡奇鞭斗观演参与,弗洛勒斯卡奇鞭斗观演参与,Flores Caci Whip Fight Spectating Practice,练「弗洛勒斯卡奇鞭斗观演参与」的同好圈。,弗洛勒斯卡奇鞭斗观演参与|Flores|Caci|Whip|Fight|Spectating|Practice|传统节庆竞技,https://en.wikipedia.org/wiki/Caci_(whip_fighting)
户外运动/传统节庆竞技/拔河神社祭对抗赛,拔河神社祭对抗赛,Shrine Festival Tug-of-War Match,练「拔河神社祭对抗赛」的同好圈。,拔河神社祭对抗赛|Shrine|Festival|Tug-of-War|Match|传统节庆竞技,https://ich.unesco.org/en/RL/tugging-rituals-and-games-01080
户外运动/传统节庆竞技/摩洛哥马上火枪冲锋演练,摩洛哥马上火枪冲锋演练,Moroccan Tbourida Cavalry Charge Practice,练「摩洛哥马上火枪冲锋演练」的同好圈。,摩洛哥马上火枪冲锋演练|Moroccan|Tbourida|Cavalry|Charge|Practice|传统节庆竞技,https://ich.unesco.org/en/RL/tbourida-01483
户外运动/传统节庆竞技/柯克博鲁传统马队赛,柯克博鲁传统马队赛,Kok Boru Team Horse Game,练「柯克博鲁传统马队赛」的同好圈。,柯克博鲁传统马队赛|Kok|Boru|Team|Horse|Game|传统节庆竞技,https://ich.unesco.org/en/RL/kok-boru-traditional-horse-game-01294
户外运动/传统节庆竞技/沃达贝选美节骑驼巡游,沃达贝选美节骑驼巡游,Wodaabe Gerewol Camel Parade Participation,练「沃达贝选美节骑驼巡游」的同好圈。,沃达贝选美节骑驼巡游|Wodaabe|Gerewol|Camel|Parade|Participation|传统节庆竞技,https://en.wikipedia.org/wiki/Gu%C3%A9rewol
户外运动/传统节庆竞技/稻作社群拔河仪式赛,稻作社群拔河仪式赛,Tugging Rituals and Games,练「稻作社群拔河仪式赛」的同好圈。,稻作社群拔河仪式赛|Tugging|Rituals|Games|传统节庆竞技,https://ich.unesco.org/en/RL/tugging-rituals-and-games-01080
户外运动/传统节庆竞技/端午龙舟社群竞渡,端午龙舟社群竞渡,Dragon Boat Festival Racing,练「端午龙舟社群竞渡」的同好圈。,端午龙舟社群竞渡|Dragon|Boat|Festival|Racing|传统节庆竞技,https://ich.unesco.org/en/RL/dragon-boat-festival-00225
户外运动/传统节庆竞技/苏门答腊帕索拉标枪赛马,苏门答腊帕索拉标枪赛马,Sumba Pasola Ritual Javelin Race,练「苏门答腊帕索拉标枪赛马」的同好圈。,苏门答腊帕索拉标枪赛马|Sumba|Pasola|Ritual|Javelin|Race|传统节庆竞技,https://en.wikipedia.org/wiki/Pasola
户外运动/传统节庆竞技/蒙古那达慕成人摔跤射箭,蒙古那达慕成人摔跤射箭,Naadam Adult Wrestling and Archery,练「蒙古那达慕成人摔跤射箭」的同好圈。,蒙古那达慕成人摔跤射箭|Naadam|Adult|Wrestling|Archery|传统节庆竞技,https://ich.unesco.org/en/RL/naadam-mongolian-traditional-festival-00395
户外运动/传统节庆竞技/锡耶纳对社赛马训练,锡耶纳对社赛马训练,Siena Contrada Palio Horse Training,练「锡耶纳对社赛马训练」的同好圈。,锡耶纳对社赛马训练|Siena|Contrada|Palio|Horse|Training|传统节庆竞技,https://en.wikipedia.org/wiki/Palio_di_Siena
户外运动/传统节庆竞技/锡耶纳棕榈赛街区对社协作,锡耶纳棕榈赛街区对社协作,Siena Palio Contrada Participation,练「锡耶纳棕榈赛街区对社协作」的同好圈。,锡耶纳棕榈赛街区对社协作|Siena|Palio|Contrada|Participation|传统节庆竞技,https://en.wikipedia.org/wiki/Palio_di_Siena
户外运动/传统节庆竞技/韩式腰带摔跤节赛,韩式腰带摔跤节赛,Ssireum Festival Wrestling,练「韩式腰带摔跤节赛」的同好圈。,韩式腰带摔跤节赛|Ssireum|Festival|Wrestling|传统节庆竞技,https://ich.unesco.org/en/RL/traditional-korean-wrestling-ssirum-ssireum-01533
户外运动/传统草地与滚球运动/历史复活球/木球PallMall复原,木球PallMall复原,Pall-mall Revival Play,练「木球PallMall复原」的同好圈。,木球PallMall复原|PallMall|Pall-mall|Revival|Play|传统草地与滚球运动|历史复活球,https://en.wikipedia.org/wiki/Pall-mall
户外运动/传统草地与滚球运动/草地与滚球/槌球WCF,槌球WCF,WCF Croquet Clubs,练「槌球WCF」（WCF Croquet Clubs）。,槌球WCF|WCF|Croquet|Clubs|传统草地与滚球运动|草地与滚球,https://en.wikipedia.org/wiki/Croquet
户外运动/传统草地与滚球运动/草地与滚球/法式滚球FIPJP,法式滚球FIPJP,FIPJP Pétanque Clubs,练「法式滚球FIPJP」的同好圈。,法式滚球FIPJP|FIPJP|tanque|Clubs|传统草地与滚球运动|草地与滚球,https://en.wikipedia.org/wiki/P%C3%A9tanque
户外运动/传统草地与滚球运动/草地与滚球/芬兰木柱Molkky,芬兰木柱Molkky,Mölkky Skittle Clubs,练「芬兰木柱Molkky」的同好圈。,芬兰木柱Molkky|Molkky|lkky|Skittle|Clubs|传统草地与滚球运动|草地与滚球,https://en.wikipedia.org/wiki/M%C3%B6lkky
户外运动/传统草地与滚球运动/草地与滚球/门球Gateball,门球Gateball,Gateball Union Clubs,练「门球Gateball」的同好圈。,门球Gateball|Gateball|Union|Clubs|传统草地与滚球运动|草地与滚球,https://en.wikipedia.org/wiki/Gateball
户外运动/传统草地与滚球运动/草地补/马蹄铁投掷,马蹄铁投掷,Horseshoe Pitching Clubs,练「马蹄铁投掷」的同好圈。,马蹄铁投掷|Horseshoe|Pitching|Clubs|传统草地与滚球运动|草地补,https://en.wikipedia.org/wiki/Horseshoes
户外运动/农牧与场地技术竞技/ISDS牧羊犬试验,ISDS国际牧羊犬试验,ISDS Sheepdog Trials,练「ISDS国际牧羊犬试验」的同好圈。,ISDS国际牧羊犬试验|ISDS|Sheepdog|Trials|农牧与场地技术竞技|ISDS牧羊犬试验,https://sheepdogworldtrial.com/
户外运动/农牧与场地技术竞技/巴斯克乡村运动联合会,巴斯克乡村运动举石Harri-jasotzea,Basque Harri-jasotzea,练「巴斯克乡村运动举石Harri-jasotzea」的同好圈。,巴斯克乡村运动举石Harri-jasotzea|Harri-jasotzea|Basque|农牧与场地技术竞技|巴斯克乡村运动联合会,https://www.herrikirolak.eus/
户外运动/农牧与场地技术竞技/澳洲斧手协会砍树赛,澳洲斧手协会砍树锯木赛,Australian Axemen's Association Woodchop,练「澳洲斧手协会砍树锯木赛」的同好圈。,澳洲斧手协会砍树锯木赛|Australian|Axemen|Association|Woodchop|农牧与场地技术竞技|澳洲斧手协会砍树赛,https://www.australianaxemen.org.au/
户外运动/农牧与场地技术竞技/瑞士Hornussen,瑞士Hornussen击板球,Hornussen,练「瑞士Hornussen击板球」（Hornussen）。,瑞士Hornussen击板球|Hornussen|农牧与场地技术竞技|瑞士Hornussen,https://ehv.ch/
户外运动/农牧技术竞技/新西兰田间日农技赛,新西兰田间日农技赛,New Zealand Fieldays Contests,练「新西兰田间日农技赛」的同好圈。,新西兰田间日农技赛|New|Zealand|Fieldays|Contests|农牧技术竞技,https://www.fieldays.co.nz/
户外运动/农牧技术竞技/新西兰竞赛犁地,新西兰竞赛犁地,New Zealand Ploughing Championships,练「新西兰竞赛犁地」的同好圈。,新西兰竞赛犁地|New|Zealand|Ploughing|Championships|农牧技术竞技,https://nzplough.co.nz/
户外运动/农牧技术竞技/澳洲木砍劈柴竞技,澳洲木砍劈柴竞技,Australian Woodchopping Contests,练「澳洲木砍劈柴竞技」的同好圈。,澳洲木砍劈柴竞技|Australian|Woodchopping|Contests|农牧技术竞技,https://en.wikipedia.org/wiki/Woodchopping
户外运动/农牧技术竞技/澳洲皇家墨尔本农业展,皇家墨尔本农业展,Royal Melbourne Show,练「皇家墨尔本农业展」的同好圈。,皇家墨尔本农业展|Royal|Melbourne|Show|农牧技术竞技|澳洲皇家墨尔本农业展,https://www.royalshow.com.au/
户外运动/农牧技术竞技/爱尔兰犁地锦标赛,爱尔兰国家犁地锦标赛,National Ploughing Championships Ireland,练「爱尔兰国家犁地锦标赛」的同好圈。,爱尔兰国家犁地锦标赛|National|Ploughing|Championships|Ireland|农牧技术竞技|爱尔兰犁地锦标赛,https://www.npa.ie/
户外运动/农牧技术竞技/英国犁耕锦标赛,英国犁耕锦标赛,British National Ploughing Championships,练「英国犁耕锦标赛」的同好圈。,英国犁耕锦标赛|British|National|Ploughing|Championships|农牧技术竞技,https://www.ploughmen.co.uk/
户外运动/农牧技术竞技/英国皇家威尔士农业展,皇家威尔士农业展专项,Royal Welsh Show,练「皇家威尔士农业展专项」（Royal Welsh Show）。,皇家威尔士农业展专项|Royal|Welsh|Show|农牧技术竞技|英国皇家威尔士农业展,https://www.rwas.wales/royal-welsh-show/
户外运动/农牧技术竞技/金剪羊毛公开赛,金剪羊毛公开赛,Golden Shears Open Shearing,练「金剪羊毛公开赛」的同好圈。,金剪羊毛公开赛|Golden|Shears|Open|Shearing|农牧技术竞技,https://www.goldenshears.co.nz/media-releases-2023/2023/2/26/points-and-scoring-systems-by-doug-laing
户外运动/冬季水陆转换/魁北克冰上独木舟,魁北克冰上独木舟巡回赛,Circuit québécois de canot à glace,练「魁北克冰上独木舟巡回赛」的同好圈。,魁北克冰上独木舟巡回赛|Circuit|qu|cois|de|canot|glace|冬季水陆转换,https://canotaglace.com/
户外运动/冰雪俱乐部运动/加拿大冰壶俱乐部,加拿大冰壶俱乐部,Curling Canada Clubs,练「加拿大冰壶俱乐部」的同好圈。,加拿大冰壶俱乐部|Curling|Canada|Clubs|冰雪俱乐部运动,https://www.curling.ca/
户外运动/场地竞技/庭网球Real Tennis,庭网球Real Tennis,Real Tennis Court Clubs,练「庭网球Real Tennis」的同好圈。,庭网球Real Tennis|Real|Tennis|Court|Clubs|场地竞技,https://www.irtpa.com/
户外运动/场地竞技/新英格兰烛瓶保龄,新英格兰烛瓶保龄,Candlepin Bowling New England,练「新英格兰烛瓶保龄」的同好圈。,新英格兰烛瓶保龄|Candlepin|Bowling|New|England|场地竞技,https://en.wikipedia.org/wiki/Candlepin_bowling
户外运动/场地竞技/爱尔兰公路滚球,爱尔兰公路滚球,Irish Road Bowling,练「爱尔兰公路滚球」（Irish Road Bowling）。,爱尔兰公路滚球|Irish|Road|Bowling|场地竞技,https://irishroadbowling.ie/
户外运动/场地竞技/苏格兰Shinty曲棍,苏格兰Shinty曲棍,Camanachd Association Shinty,练「苏格兰Shinty曲棍」的同好圈。,苏格兰Shinty曲棍|Shinty|Camanachd|Association|场地竞技,https://shinty.com/
户外运动/场地竞技/英格兰铁环Quoits,英格兰铁环Quoits,English Quoits,练「英格兰铁环Quoits」（English Quoits）。,英格兰铁环Quoits|Quoits|English|场地竞技,https://en.wikipedia.org/wiki/Quoits
户外运动/场地靶场与飞钓/国际飞钓者协会FFI,国际飞钓者协会FFI,Fly Fishers International,练「国际飞钓者协会FFI」的同好圈。,国际飞钓者协会FFI|FFI|Fly|Fishers|International|场地靶场与飞钓,https://www.flyfishersinternational.org/
户外运动/场地靶场与飞钓/巴斯克回力球协会,巴斯克回力球pelota,Basque Pelota,练「巴斯克回力球pelota」（Basque Pelota）。,巴斯克回力球pelota|pelota|Basque|Pelota|场地靶场与飞钓|巴斯克回力球协会,https://en.wikipedia.org/wiki/Basque_pelota
户外运动/场地靶场与飞钓/意大利Bocce滚球,意大利Bocce滚球,Bocce,练「意大利Bocce滚球」（Bocce）。,意大利Bocce滚球|Bocce|场地靶场与飞钓,https://en.wikipedia.org/wiki/Bocce
户外运动/场地靶场与飞钓/英格兰槌球,英格兰槌球,Croquet England,练「英格兰槌球」（Croquet England）。,英格兰槌球|Croquet|England|场地靶场与飞钓,https://www.croquet.org.uk/
户外运动/场地靶场与飞钓/靶场补/场外射箭,场外射箭,Field Archery Amateur,练「场外射箭」（Field Archery Amateur）。,场外射箭|Field|Archery|场地靶场与飞钓|靶场补,https://en.wikipedia.org/wiki/Field_archery
户外运动/场地靶场与飞钓/靶场补/飞靶射击业余,飞靶射击业余,Clay-pigeon Amateur Clubs,练「飞靶射击业余」的同好圈。,飞靶射击业余|Clay-pigeon|Clubs|场地靶场与飞钓|靶场补,https://en.wikipedia.org/wiki/Clay_pigeon_shooting
户外运动/定向变体/夜间荧光定向,夜间荧光定向,Night Glowstick Orienteering,练「夜间荧光定向」的同好圈。,夜间荧光定向|Night|Glowstick|Orienteering|定向变体,
户外运动/定向变体/山地自行车定向MTBO,山地自行车定向MTBO,Mountain Bike Orienteering,练「山地自行车定向MTBO」的同好圈。,山地自行车定向MTBO|MTBO|Mountain|Bike|Orienteering|定向变体,https://en.wikipedia.org/wiki/Mountain_bike_orienteering
户外运动/定向变体/皮划定向Canoe orienteering,皮划定向Canoe orienteering,Canoe Orienteering,练「皮划定向Canoe orienteering」的同好圈。,皮划定向Canoe orienteering|Canoe|orienteering|Orienteering|定向变体,https://en.wikipedia.org/wiki/Canoe_orienteering
户外运动/定向变体/追踪赛Trail orienteering,追踪赛Trail orienteering,Trail Orienteering,练「追踪赛Trail orienteering」的同好圈。,追踪赛Trail orienteering|Trail|orienteering|Orienteering|定向变体,https://en.wikipedia.org/wiki/Trail_orienteering
户外运动/徒步与露营/哥伦比亚特霍Tejo,特霍投掷运动,Tejo,练「特霍投掷运动」（Tejo）。,特霍投掷运动|Tejo|徒步与露营|哥伦比亚特霍Tejo,https://en.wikipedia.org/wiki/Tejo_(sport)
户外运动/徒步与露营/国际独轮车越野,国际独轮车越野,IUF unicycle touring,练「国际独轮车越野」（IUF unicycle touring）。,国际独轮车越野|IUF|unicycle|touring|徒步与露营,https://unicycling.org/
户外运动/徒步与露营/朝圣长途分段年走,朝圣长途分段年走,Camino Section Hiking Annual Practice,练「朝圣长途分段年走」的同好圈。,朝圣长途分段年走|Camino|Section|Hiking|Annual|Practice|徒步与露营,https://en.wikipedia.org/wiki/Camino_de_Santiago
户外运动/徒步与露营/材料庇护/桦树皮舟复原,桦树皮舟复原,Birch-bark Canoe Recreation,练「桦树皮舟复原」的同好圈。,桦树皮舟复原|Birch-bark|Canoe|Recreation|徒步与露营|材料庇护,https://en.wikipedia.org/wiki/Birchbark_canoe
户外运动/徒步与露营/材料庇护/毛毡蒙古包自建,毛毡蒙古包自建,Felt Yurt Self-building Circles,练「毛毡蒙古包自建」的同好圈。,毛毡蒙古包自建|Felt|Yurt|Self-building|Circles|徒步与露营|材料庇护,https://en.wikipedia.org/wiki/Yurt
户外运动/徒步与露营/材料庇护/雪屋Quinzee建造,雪屋Quinzee建造,Quinzee Snow-shelter Building,练「雪屋Quinzee建造」的同好圈。,雪屋Quinzee建造|Quinzee|Snow-shelter|Building|徒步与露营|材料庇护,https://en.wikipedia.org/wiki/Quinzhee
户外运动/徒步与露营/民俗极限与野泳/山地跑Fell Running,山地跑Fell Running,Fell Running,练「山地跑Fell Running」（Fell Running）。,山地跑Fell Running|Fell|Running|徒步与露营|民俗极限与野泳,https://www.fellrunner.org.uk/
户外运动/徒步与露营/民俗极限与野泳/极限熨衣,极限熨衣,Extreme Ironing,练「极限熨衣」（Extreme Ironing）。,极限熨衣|Extreme|Ironing|徒步与露营|民俗极限与野泳,https://en.wikipedia.org/wiki/Extreme_ironing
户外运动/徒步与露营/民俗极限与野泳/法式滚球Petanque,法式滚球Petanque,Petanque,练「法式滚球Petanque」（Petanque）。,法式滚球Petanque|Petanque|徒步与露营|民俗极限与野泳,https://www.fipjp.com/
户外运动/徒步与露营/民俗极限与野泳/野泳OSS,野泳OSS,Outdoor Swimming Society Wild Swimming,练「野泳OSS」的同好圈。,野泳OSS|OSS|Outdoor|Swimming|Society|Wild|徒步与露营|民俗极限与野泳,https://www.outdoorswimmingsociety.com/
户外运动/徒步与露营/气候塑造的气味行走/雨后森林嗅觉徒步,雨后森林嗅觉徒步,Petrichor Forest Scent Walks,练「雨后森林嗅觉徒步」的同好圈。,雨后森林嗅觉徒步|Petrichor|Forest|Scent|Walks|徒步与露营|气候塑造的气味行走,
户外运动/徒步与露营/滑雪登山,滑雪登山,Ski mountaineering,练「滑雪登山」（Ski mountaineering）。,滑雪登山|Ski|mountaineering|徒步与露营,https://ismf-ski.com/ismf/
户外运动/徒步与露营/轮与单轨/独轮车IUF,独轮车IUF,IUF Unicycling Trials and Hockey,练「独轮车IUF」的同好圈。,独轮车IUF|IUF|Unicycling|Trials|Hockey|徒步与露营|轮与单轨,https://en.wikipedia.org/wiki/Unicycle
户外运动/徒步与露营/轮与单轨/硬地自行车马球,硬地自行车马球,Hardcourt Bike Polo,练「硬地自行车马球」（Hardcourt Bike Polo）。,硬地自行车马球|Hardcourt|Bike|Polo|徒步与露营|轮与单轨,https://en.wikipedia.org/wiki/Hardcourt_bike_polo
户外运动/徒步与露营/轮与单轨/艺术自行车,艺术自行车,Artistic Cycling Indoor,练「艺术自行车」的同好圈。,艺术自行车|Artistic|Cycling|Indoor|徒步与露营|轮与单轨,https://en.wikipedia.org/wiki/Artistic_cycling
户外运动/徒步与露营/轻装徒步UL,轻装徒步UL,Ultralight Backpacking,练「轻装徒步UL」的同好圈。,轻装徒步UL|UL|Ultralight|Backpacking|徒步与露营,https://sectionhiker.com/
户外运动/徒步与露营/陆地风帆,陆地风帆,Land sailing,练「陆地风帆」（Land sailing）。,陆地风帆|Land|sailing|徒步与露营,https://en.wikipedia.org/wiki/Land_sailing
户外运动/徒步与露营/马与雪气候/滑雪牵引Skijoring,滑雪牵引Skijoring,Skijoring Horse-or-dog,练「滑雪牵引Skijoring」的同好圈。,滑雪牵引Skijoring|Skijoring|Horse-or-dog|徒步与露营|马与雪气候,https://en.wikipedia.org/wiki/Skijoring
户外运动/徒步与露营/马与雪气候/肥胎自行车Fatbike,肥胎自行车Fatbike,Fatbike Snow-sand Riding,练「肥胎自行车Fatbike」的同好圈。,肥胎自行车Fatbike|Fatbike|Snow-sand|Riding|徒步与露营|马与雪气候,https://en.wikipedia.org/wiki/Fatbike
户外运动/徒步与露营/马与雪气候/雪鞋竞走,雪鞋竞走,Snowshoe Racing Federations,练「雪鞋竞走」的同好圈。,雪鞋竞走|Snowshoe|Racing|Federations|徒步与露营|马与雪气候,https://en.wikipedia.org/wiki/Snowshoe_running
户外运动/水上与潜水/TDI技术潜水训练,TDI技术潜水训练,TDI technical diving,练「TDI技术潜水训练」的同好圈。,TDI技术潜水训练|TDI|technical|diving|水上与潜水,https://www.tdisdi.com/
户外运动/水上与潜水/冰潜,冰潜,Ice diving,练「冰潜」（Ice diving）。,冰潜|Ice|diving|水上与潜水,https://www.tdisdi.com/sdi/get-certified/ice-diver/
户外运动/水上与潜水/呼吸与深度礼仪/CMAS水肺业余,CMAS水肺业余,CMAS Sport Diving Amateur,练「CMAS水肺业余」的同好圈。,CMAS水肺业余|CMAS|Sport|Diving|水上与潜水|呼吸与深度礼仪,https://en.wikipedia.org/wiki/Conf%C3%A9d%C3%A9ration_Mondiale_des_Activit%C3%A9s_Subaquatiques
户外运动/水上与潜水/国际龙舟俱乐部赛,国际龙舟俱乐部赛,International Dragon Boat Club Crew Racing,练「国际龙舟俱乐部赛」的同好圈。,国际龙舟俱乐部赛|International|Dragon|Boat|Crew|Racing|水上与潜水,https://www.dragonboat.sport/
户外运动/水上与潜水/太平洋舟艇运动/撑架独木舟Va'a,撑架独木舟竞速,Va'a / Outrigger Canoe Racing,练「撑架独木舟竞速」的同好圈。,撑架独木舟竞速|Va|Outrigger|Canoe|Racing|水上与潜水|太平洋舟艇运动,https://www.ivfiv.org/
户外运动/水上与潜水/太平洋舟艇运动/波利尼西亚航海复兴,波利尼西亚传统航海,Polynesian Voyaging Revival,练「波利尼西亚传统航海」的同好圈。,波利尼西亚传统航海|Polynesian|Voyaging|Revival|水上与潜水|太平洋舟艇运动,https://en.wikipedia.org/wiki/Polynesian_Voyaging_Society
户外运动/水上与潜水/奥斯特敦刻尔克骑马捕虾,奥斯特敦刻尔克骑马捕虾,Horseback Shrimp Fishing in Oostduinkerke,练「奥斯特敦刻尔克骑马捕虾」的同好圈。,奥斯特敦刻尔克骑马捕虾|Horseback|Shrimp|Fishing|in|Oostduinkerke|水上与潜水,https://ich.unesco.org/en/RL/shrimp-fishing-on-horseback-in-oostduinkerke-00673
户外运动/水上与潜水/威尼斯历史赛船备赛,威尼斯历史赛船备赛,Venice Regata Storica Training Clubs,练「威尼斯历史赛船备赛」的同好圈。,威尼斯历史赛船备赛|Venice|Regata|Storica|Training|Clubs|水上与潜水,https://en.wikipedia.org/wiki/Regata_Storica
户外运动/水上与潜水/循环呼吸器潜水,循环呼吸器潜水,Rebreather Diving,练「循环呼吸器潜水」（Rebreather Diving）。,循环呼吸器潜水|Rebreather|Diving|水上与潜水,https://www.iantd.com/
户外运动/水上与潜水/无人机与航模/固定翼航模滑翔,固定翼航模滑翔,RC Glider Slope Soaring,练「固定翼航模滑翔」的同好圈。,固定翼航模滑翔|RC|Glider|Slope|Soaring|水上与潜水|无人机与航模,https://www.modelaircraft.org/
户外运动/水上与潜水/欧美桨社/英国皮划艇俱乐部赛,英国皮划艇俱乐部赛,British Canoeing Club Racing,练「英国皮划艇俱乐部赛」的同好圈。,英国皮划艇俱乐部赛|British|Canoeing|Racing|水上与潜水|欧美桨社,
户外运动/水上与潜水/水上补/水橇业余,水橇业余,Water-skiing Amateur Clubs,练「水橇业余」的同好圈。,水橇业余|Water-skiing|Clubs|水上与潜水|水上补,https://en.wikipedia.org/wiki/Water_skiing
户外运动/水上与潜水/洞穴潜水,洞穴潜水,Cave diving,练「洞穴潜水」（Cave diving）。,洞穴潜水|Cave|diving|水上与潜水,https://nsscds.org/cave-courses/
户外运动/水上与潜水/荷兰十一城冰上马拉松,荷兰十一城冰上马拉松,Elfstedentocht Ice-skating Circuit Community,练「荷兰十一城冰上马拉松」的同好圈。,荷兰十一城冰上马拉松|Elfstedentocht|Ice-skating|Circuit|Community|水上与潜水,https://en.wikipedia.org/wiki/Elfstedentocht
户外运动/水上与潜水/认证路径水/BSAC俱乐部教练,BSAC俱乐部教练,BSAC Club Instructor Pathway,练「BSAC俱乐部教练」的同好圈。,BSAC俱乐部教练|BSAC|Instructor|Pathway|水上与潜水|认证路径水,https://en.wikipedia.org/wiki/British_Sub-Aqua_Club
户外运动/水上与潜水/认证路径水/PADI潜水长路径,PADI潜水长路径,PADI Divemaster Pathway Adult,练「PADI潜水长路径」的同好圈。,PADI潜水长路径|PADI|Divemaster|Pathway|Adult|水上与潜水|认证路径水,https://en.wikipedia.org/wiki/Professional_Association_of_Diving_Instructors
户外运动/水上与潜水/风与翼/冰上冰帆IceYachting,冰上冰帆IceYachting,Ice Yachting Hard-water Sailing,练「冰上冰帆IceYachting」的同好圈。,冰上冰帆IceYachting|IceYachting|Ice|Yachting|Hard-water|Sailing|水上与潜水|风与翼,https://en.wikipedia.org/wiki/Iceboat
户外运动/水上与潜水/风与翼/风浪板竞赛业余,风浪板竞赛业余,Windsurfing Racing Amateur,练「风浪板竞赛业余」的同好圈。,风浪板竞赛业余|Windsurfing|Racing|水上与潜水|风与翼,https://en.wikipedia.org/wiki/Windsurfing
户外运动/水上与潜水/风与翼/风筝冲浪IKA,风筝冲浪IKA,IKA Kiteboarding Racing,练「风筝冲浪IKA」的同好圈。,风筝冲浪IKA|IKA|Kiteboarding|Racing|水上与潜水|风与翼,https://en.wikipedia.org/wiki/Kiteboarding
户外运动/水上与潜水/龙舟队旱地拉桨冬训,龙舟队旱地拉桨冬训,Dragon Boat Land-Paddle Winter Training,练「龙舟队旱地拉桨冬训」的同好圈。,龙舟队旱地拉桨冬训|Dragon|Boat|Land-Paddle|Winter|Training|水上与潜水,https://en.wikipedia.org/wiki/Dragon_boat
户外运动/水上俱乐部/南加州支腿独木舟联赛,南加州支腿独木舟联赛,Southern California Outrigger Racing Association,练「南加州支腿独木舟联赛」的同好圈。,南加州支腿独木舟联赛|Southern|California|Outrigger|Racing|Association|水上俱乐部,https://www.socaloutrigger.org/
户外运动/水上俱乐部/英国Octopush水下曲棍,英国Octopush水下曲棍,British Octopush Association,练「英国Octopush水下曲棍」的同好圈。,英国Octopush水下曲棍|Octopush|British|Association|水上俱乐部,https://www.gbuwh.co.uk/
户外运动/水下/水下美式足球,水下美式足球,Underwater American Football,练「水下美式足球」的同好圈。,水下美式足球|Underwater|American|Football|水下,https://en.wikipedia.org/wiki/Underwater_football
户外运动/水乡技术竞技/康沃尔引水艇六桨赛,康沃尔引水艇六桨赛,Cornish Pilot Gig Racing,练「康沃尔引水艇六桨赛」的同好圈。,康沃尔引水艇六桨赛|Cornish|Pilot|Gig|Racing|水乡技术竞技,https://www.cpga.co.uk/
户外运动/水乡技术竞技/荷兰运河撑杆跃远,荷兰运河撑杆跃远Fierljeppen,Fierljeppen,练「荷兰运河撑杆跃远Fierljeppen」的同好圈。,荷兰运河撑杆跃远Fierljeppen|Fierljeppen|水乡技术竞技|荷兰运河撑杆跃远,https://fierljeppen.frl/en/wat-is-fierljeppen/
户外运动/猛禽与传统球戏/毽球Jianzi,毽球Jianzi,Jianzi / shuttlecock,练「毽球Jianzi」的同好圈。,毽球Jianzi|Jianzi|shuttlecock|猛禽与传统球戏,https://www.shuttlecock-world.org/
户外运动/猛禽与传统球戏/缅甸Chinlone,缅甸Chinlone,Chinlone cane-ball play,练「缅甸Chinlone」的同好圈。,缅甸Chinlone|Chinlone|cane-ball|play|猛禽与传统球戏,https://www.myanmarchinlone.com/
户外运动/球类与传统竞技/球戏补/凳球Stoolball,凳球Stoolball,Stoolball Amateur Clubs,练「凳球Stoolball」的同好圈。,凳球Stoolball|Stoolball|Clubs|球类与传统竞技|球戏补,https://en.wikipedia.org/wiki/Stoolball
户外运动/球类与传统竞技/球戏补/匹克球业余,匹克球业余,Pickleball Amateur Clubs,练「匹克球业余」的同好圈。,匹克球业余|Pickleball|Clubs|球类与传统竞技|球戏补,https://en.wikipedia.org/wiki/Pickleball
户外运动/球类与传统竞技/球戏补/圆场球Rounders,圆场球Rounders,Rounders Amateur Clubs,练「圆场球Rounders」的同好圈。,圆场球Rounders|Rounders|Clubs|球类与传统竞技|球戏补,https://en.wikipedia.org/wiki/Rounders
户外运动/球类与传统竞技/球戏补/板网球Padel业余,板网球Padel业余,Padel Amateur Clubs,练「板网球Padel业余」的同好圈。,板网球Padel业余|Padel|Clubs|球类与传统竞技|球戏补,https://en.wikipedia.org/wiki/Padel
户外运动/球类与传统竞技/球戏补/软式网球,软式网球,Soft Tennis Amateur,练「软式网球」（Soft Tennis Amateur）。,软式网球|Soft|Tennis|球类与传统竞技|球戏补,https://en.wikipedia.org/wiki/Soft_tennis
户外运动/登山攀岩/UIAA攀登安全实践,UIAA攀登安全实践,UIAA climbing safety practice,练「UIAA攀登安全实践」的同好圈。,UIAA攀登安全实践|UIAA|climbing|safety|practice|登山攀岩,https://www.theuiaa.org/safety/
户外运动/登山攀岩/传统攀岩,传统攀岩,Traditional Climbing,练「传统攀岩」（Traditional Climbing）。,传统攀岩|Traditional|Climbing|登山攀岩,https://www.thebmc.co.uk/
户外运动/登山攀岩/克尔克普纳油摔节训练,克尔克普纳油摔节训练,Kırkpınar Oil Wrestling Festival Practice,练「克尔克普纳油摔节训练」的同好圈。,克尔克普纳油摔节训练|rkp|nar|Oil|Wrestling|Festival|Practice|登山攀岩,https://ich.unesco.org/en/RL/krkpnar-oil-wrestling-festival-00386
户外运动/登山攀岩/冰壁攀登,冰壁攀登,Ice climbing,练「冰壁攀登」（Ice climbing）。,冰壁攀登|Ice|climbing|登山攀岩,https://iceclimbing.sport/
户外运动/登山攀岩/娱乐树木攀爬,娱乐树木攀爬,Recreational tree climbing,练「娱乐树木攀爬」的同好圈。,娱乐树木攀爬|Recreational|tree|climbing|登山攀岩,https://www.gotreeclimbing.org/
户外运动/登山攀岩/欧美攀社/BMC地方攀岩俱乐部,BMC地方攀岩俱乐部,BMC Local Climbing Clubs,练「BMC地方攀岩俱乐部」的同好圈。,BMC地方攀岩俱乐部|BMC|Local|Climbing|Clubs|登山攀岩|欧美攀社,https://en.wikipedia.org/wiki/British_Mountaineering_Council
户外运动/登山攀岩/水上扁带,水上扁带,Waterlining,练「水上扁带」（Waterlining）。,水上扁带|Waterlining|登山攀岩,https://www.slacklineinternational.org/
户外运动/登山攀岩/流镝马奉射训练,流镝马奉射训练,Yabusame Ritual Archery Practice,练「流镝马奉射训练」的同好圈。,流镝马奉射训练|Yabusame|Ritual|Archery|Practice|登山攀岩,https://www.yabusame.or.jp/
户外运动/登山攀岩/混合攀登,混合攀登,Mixed Climbing,练「混合攀登」（Mixed Climbing）。,混合攀登|Mixed|Climbing|登山攀岩,https://en.wikipedia.org/wiki/Mixed_climbing
户外运动/登山攀岩/绳索与岩面细分/抱石IFSC业余,抱石IFSC业余,IFSC Bouldering Amateur Circuits,练「抱石IFSC业余」的同好圈。,抱石IFSC业余|IFSC|Bouldering|Circuits|登山攀岩|绳索与岩面细分,https://en.wikipedia.org/wiki/Bouldering
户外运动/登山攀岩/绳索与岩面细分/深水Solo攀,深水Solo攀,Deep-water Soloing DWS,练「深水Solo攀」的同好圈。,深水Solo攀|Solo|Deep-water|Soloing|DWS|登山攀岩|绳索与岩面细分,https://en.wikipedia.org/wiki/Deep-water_soloing
户外运动/登山攀岩/绳索与岩面细分/速度攀岩业余计时,速度攀岩业余计时,Speed-climbing Amateur Timing,练「速度攀岩业余计时」的同好圈。,速度攀岩业余计时|Speed-climbing|Timing|登山攀岩|绳索与岩面细分,https://en.wikipedia.org/wiki/Speed_climbing
户外运动/登山攀岩/被误认为测绘的绳/洞穴测绘制图社,洞穴测绘制图社,Cave Cartography Clubs,练「洞穴测绘制图社」的同好圈。,洞穴测绘制图社|Cave|Cartography|Clubs|登山攀岩|被误认为测绘的绳,https://en.wikipedia.org/wiki/Cave_survey
户外运动/登山攀岩/认证路径垂/AMGA攀岩向导路径,AMGA攀岩向导路径,AMGA Rock-guide Pathway,练「AMGA攀岩向导路径」的同好圈。,AMGA攀岩向导路径|AMGA|Rock-guide|Pathway|登山攀岩|认证路径垂,https://en.wikipedia.org/wiki/American_Mountain_Guides_Association
户外运动/登山攀岩/辅助攀登,辅助攀登,Aid climbing,练「辅助攀登」（Aid climbing）。,辅助攀登|Aid|climbing|登山攀岩,https://en.wikipedia.org/wiki/Aid_climbing
户外运动/登山攀岩/那达慕传统射箭训练,那达慕传统射箭训练,Naadam Traditional Archery Practice,练「那达慕传统射箭训练」的同好圈。,那达慕传统射箭训练|Naadam|Traditional|Archery|Practice|登山攀岩,https://ich.unesco.org/en/RL/naadam-mongolian-traditional-festival-00395
户外运动/登山攀岩/那达慕蒙古式摔跤训练,那达慕蒙古式摔跤训练,Naadam Mongolian Wrestling Practice,练「那达慕蒙古式摔跤训练」的同好圈。,那达慕蒙古式摔跤训练|Naadam|Mongolian|Wrestling|Practice|登山攀岩,https://ich.unesco.org/en/RL/naadam-mongolian-traditional-festival-00395
户外运动/登山攀岩/铁索攀登,铁索攀登,Via ferrata,练「铁索攀登」（Via ferrata）。,铁索攀登|Via|ferrata|登山攀岩,https://en.wikipedia.org/wiki/Via_Ferrata
户外运动/登山攀岩/阿尔卡骑枪赛训练,阿尔卡骑枪赛训练,Sinjska Alka Knight Tournament Training,练「阿尔卡骑枪赛训练」的同好圈。,阿尔卡骑枪赛训练|Sinjska|Alka|Knight|Tournament|Training|登山攀岩,https://en.wikipedia.org/wiki/Sinjska_Alka
户外运动/空中运动/伞翼操控飞行,伞翼操控飞行,Canopy Piloting Swooping,练「伞翼操控飞行」的同好圈。,伞翼操控飞行|Canopy|Piloting|Swooping|空中运动,https://www.fai.org/isc-eloy2026
户外运动/空中运动/室内风洞体感飞行,室内风洞体感飞行,Indoor Skydiving Bodyflight,练「室内风洞体感飞行」的同好圈。,室内风洞体感飞行|Indoor|Skydiving|Bodyflight|空中运动,https://www.tunnelflight.com/discover/the-iba/
户外运动/航空与滑翔/动力伞,动力伞,Paramotoring,练「动力伞」（Paramotoring）。,动力伞|Paramotoring|航空与滑翔,https://www.fai.org/commission/cima
户外运动/航空与滑翔/滑翔伞越野飞行,滑翔伞越野飞行,Paragliding cross-country,练「滑翔伞越野飞行」的同好圈。,滑翔伞越野飞行|Paragliding|cross-country|航空与滑翔,https://www.fai.org/page/civl-paragliding
户外运动/航空与滑翔/特技飞行,特技飞行,Aerobatics,练「特技飞行」（Aerobatics）。,特技飞行|Aerobatics|航空与滑翔,https://www.fai.org/commission/civa
户外运动/航空与滑翔/速度飞行,速度飞行,Speed flying,练「速度飞行」（Speed flying）。,速度飞行|Speed|flying|航空与滑翔,https://en.wikipedia.org/wiki/Speed_flying
户外运动/车轮球/独轮曲棍Unicycle hockey,独轮曲棍Unicycle hockey,Unicycle Hockey,练「独轮曲棍Unicycle hockey」的同好圈。,独轮曲棍Unicycle hockey|Unicycle|hockey|Hockey|车轮球,https://en.wikipedia.org/wiki/Unicycle_hockey
户外运动/车轮球/独轮篮球,独轮篮球,Unicycle Basketball,练「独轮篮球」（Unicycle Basketball）。,独轮篮球|Unicycle|Basketball|车轮球,https://en.wikipedia.org/wiki/Unicycling
户外运动/车轮球/自行车马球Cycle polo,自行车马球Cycle polo,Cycle Polo,练「自行车马球Cycle polo」（Cycle Polo）。,自行车马球Cycle polo|Cycle|polo|Polo|车轮球,https://en.wikipedia.org/wiki/Cycle_polo
户外运动/风筝空竹与赤足/潍坊国际风筝,潍坊国际风筝,Weifang International Kite Festival practice,练「潍坊国际风筝」的同好圈。,潍坊国际风筝|Weifang|International|Kite|Festival|practice|风筝空竹与赤足,https://en.wikipedia.org/wiki/Weifang_International_Kite_Festival
户外运动/风筝空竹与赤足/空竹抖耍,空竹抖耍,Chinese diabolo / kongzhu,练「空竹抖耍」的同好圈。,空竹抖耍|Chinese|diabolo|kongzhu|风筝空竹与赤足,https://www.sport.gov.cn/n20001280/n20001265/n20067664/c27824993/content.html
户外运动/风筝空竹与赤足/赤足徒步,赤足徒步,Barefoot hiking,练「赤足徒步」（Barefoot hiking）。,赤足徒步|Barefoot|hiking|风筝空竹与赤足,https://www.barefooters.org/barefoot-hiking/
手作与工艺/乡土生态手作/伦敦金匠厅业余金工,伦敦金匠厅业余金工,Goldsmiths' Company Amateur Courses,做「伦敦金匠厅业余金工」的同好圈。,伦敦金匠厅业余金工|Goldsmiths|Company|Courses|乡土生态手作,https://www.thegoldsmiths.co.uk/
手作与工艺/乡土生态手作/北美波兰剪纸社群,北美波兰剪纸社群,Polish-American Wycinanki Circles,做「北美波兰剪纸社群」的同好圈。,北美波兰剪纸社群|Polish-American|Wycinanki|Circles|乡土生态手作,https://en.wikipedia.org/wiki/Wycinanki
手作与工艺/乡土生态手作/绿木脚踏车床协会,绿木脚踏车床协会,Association of Polelathe Turners,做「绿木脚踏车床协会」的同好圈。,绿木脚踏车床协会|Association|of|Polelathe|Turners|乡土生态手作,https://www.bodgers.org.uk/
手作与工艺/乡土生态手作/英式活篱编筑锦标赛,英式活篱编筑锦标赛,National Hedgelaying Championship,做「英式活篱编筑锦标赛」的同好圈。,英式活篱编筑锦标赛|National|Hedgelaying|Championship|乡土生态手作,https://www.hedgelaying.org.uk/national-championship-2026/
手作与工艺/乡土生态手作/莫里斯舞公会,英格兰莫里斯舞公会,The Morris Ring,做「英格兰莫里斯舞公会」（The Morris Ring）。,英格兰莫里斯舞公会|Morris|Ring|乡土生态手作|莫里斯舞公会,https://themorrisring.org/
手作与工艺/原住民工艺/芬兰萨米杜奥吉协会,芬兰萨米杜奥吉认证手工艺,Finnish Sámi Duodji Certified Craft,做「芬兰萨米杜奥吉认证手工艺」的同好圈。,芬兰萨米杜奥吉认证手工艺|Finnish|mi|Duodji|Certified|Craft|原住民工艺|芬兰萨米杜奥吉协会,https://www.samiduodji.com/
手作与工艺/土石与生土营造/干砌石墙,干砌石墙,Dry-stone construction craft,做「干砌石墙」的同好圈。,干砌石墙|Dry-stone|construction|craft|土石与生土营造,https://ich.unesco.org/en/RL/art-of-dry-stone-walling-knowledge-and-techniques-01393
手作与工艺/土石与生土营造/材料土/生土夯筑业余,生土夯筑业余,Rammed-earth Building Amateur,做「生土夯筑业余」的同好圈。,生土夯筑业余|Rammed-earth|Building|土石与生土营造|材料土,https://en.wikipedia.org/wiki/Rammed_earth
手作与工艺/土石与生土营造/生土建筑,生土建筑,Earth building / adobe & cob,做「生土建筑」的同好圈。,生土建筑|Earth|building|adobe|cob|土石与生土营造,https://www.ebuki.co/
手作与工艺/天然染料/泥染Dorozome,泥染Dorozome,Dorozome Mud Dyeing,做「泥染Dorozome」的同好圈。,泥染Dorozome|Dorozome|Mud|Dyeing|天然染料,https://en.wikipedia.org/wiki/Dorozome
手作与工艺/木作与装订/AAW木车旋,木车旋（Woodturning）,Woodturning (AAW),做「木车旋（Woodturning）」的同好圈。,木车旋（Woodturning）|Woodturning|AAW|木作与装订|AAW木车旋,https://www.woodturner.org/
手作与工艺/木作与装订/书补2/藏书票制作,藏书票制作,Ex-libris Printmaking Circles,做「藏书票制作」的同好圈。,藏书票制作|Ex-libris|Printmaking|Circles|木作与装订|书补2,https://en.wikipedia.org/wiki/Bookplate
手作与工艺/木作与装订/制桶Cooperage,制桶工艺（Cooperage）,Cooperage / Barrel Making,做「制桶工艺（Cooperage）」的同好圈。,制桶工艺（Cooperage）|Cooperage|Barrel|Making|木作与装订|制桶Cooperage,https://en.wikipedia.org/wiki/Cooper_(profession)
手作与工艺/木作与装订/印刷传习/木口木刻雕版,木口木刻雕版,Wood-engraving Block Circles,做「木口木刻雕版」的同好圈。,木口木刻雕版|Wood-engraving|Block|Circles|木作与装订|印刷传习,https://en.wikipedia.org/wiki/Wood_engraving
手作与工艺/木作与装订/印刷传习/石印石版业余,石印石版业余,Amateur Lithographic Stone Work,做「石印石版业余」的同好圈。,石印石版业余|Lithographic|Stone|Work|木作与装订|印刷传习,https://en.wikipedia.org/wiki/Lithography
手作与工艺/木作与装订/印刷传习/铜版凹刻业余,铜版凹刻业余,Amateur Intaglio Copperplate,做「铜版凹刻业余」的同好圈。,铜版凹刻业余|Intaglio|Copperplate|木作与装订|印刷传习,https://en.wikipedia.org/wiki/Intaglio_(printmaking)
手作与工艺/木作与装订/历史复活书/羊皮纸自制复原,羊皮纸自制复原,Parchment-making Revival,做「羊皮纸自制复原」的同好圈。,羊皮纸自制复原|Parchment-making|Revival|木作与装订|历史复活书,https://en.wikipedia.org/wiki/Parchment
手作与工艺/木作与装订/历史复活书/铁胆墨水复原,铁胆墨水复原,Iron-gall Ink Revival,做「铁胆墨水复原」（Iron-gall Ink Revival）。,铁胆墨水复原|Iron-gall|Ink|Revival|木作与装订|历史复活书,https://en.wikipedia.org/wiki/Iron_gall_ink
手作与工艺/木作与装订/和纸祭礼工艺社群,和纸祭礼工艺社群,Washi Community Papermaking,做「和纸祭礼工艺社群」的同好圈。,和纸祭礼工艺社群|Washi|Community|Papermaking|木作与装订,https://ich.unesco.org/en/RL/washi-craftsmanship-of-traditional-japanese-hand-made-paper-01001
手作与工艺/木作与装订/圣诞市集木工摊协作,圣诞市集木工摊协作,Christmas Market Woodcraft Stall Collectives,做「圣诞市集木工摊协作」的同好圈。,圣诞市集木工摊协作|Christmas|Market|Woodcraft|Stall|Collectives|木作与装订,https://en.wikipedia.org/wiki/Christmas_market
手作与工艺/木作与装订/手工装订,手工书籍装订,Bookbinding,做「手工书籍装订」（Bookbinding）。,手工书籍装订|Bookbinding|木作与装订|手工装订,https://www.guildofbookworkers.org/
手作与工艺/木作与装订/木与纸复兴/摇椅Windsor椅,摇椅Windsor椅,Windsor Chairmaking Guilds,做「摇椅Windsor椅」的同好圈。,摇椅Windsor椅|Windsor|Chairmaking|Guilds|木作与装订|木与纸复兴,https://en.wikipedia.org/wiki/Windsor_chair
手作与工艺/木作与装订/木与纸复兴/日式指物Sashimono,日式指物Sashimono,Sashimono Joinery Practice,做「日式指物Sashimono」的同好圈。,日式指物Sashimono|Sashimono|Joinery|Practice|木作与装订|木与纸复兴,https://en.wikipedia.org/wiki/Sashimono
手作与工艺/木作与装订/活版印刷,活版印刷（Letterpress）,Letterpress Printing,做「活版印刷（Letterpress）」的同好圈。,活版印刷（Letterpress）|Letterpress|Printing|木作与装订|活版印刷,https://letterpresscommons.com/
手作与工艺/木作与装订/灯会绸扎灯彩作坊,灯会绸扎灯彩作坊,Silk-frame Lantern Craft Workshops,做「灯会绸扎灯彩作坊」的同好圈。,灯会绸扎灯彩作坊|Silk-frame|Lantern|Craft|Workshops|木作与装订,https://en.wikipedia.org/wiki/Chinese_lantern
手作与工艺/木作与装订/被误认为印刷厂的纸/手工抄纸水印,手工抄纸水印,Hand-papermaking Watermarks,做「手工抄纸水印」的同好圈。,手工抄纸水印|Hand-papermaking|Watermarks|木作与装订|被误认为印刷厂的纸,https://en.wikipedia.org/wiki/Papermaking
手作与工艺/木作与装订/被误认为印刷厂的纸/科普特装订缝法,科普特装订缝法,Coptic Stitch Bookbinding,做「科普特装订缝法」的同好圈。,科普特装订缝法|Coptic|Stitch|Bookbinding|木作与装订|被误认为印刷厂的纸,https://en.wikipedia.org/wiki/Coptic_binding
手作与工艺/木工金工陶艺/全球南雕刻彩绘/吉普尼彩绘艺术,吉普尼彩绘,Jeepney Art,做「吉普尼彩绘」（Jeepney Art）。,吉普尼彩绘|Jeepney|Art|木工金工陶艺|全球南雕刻彩绘,https://en.wikipedia.org/wiki/Jeepney
手作与工艺/木工金工陶艺/全球南雕刻彩绘/阿莱布里赫斯木雕,阿莱布里赫斯木雕,Alebrijes Wood Carving,做「阿莱布里赫斯木雕」的同好圈。,阿莱布里赫斯木雕|Alebrijes|Wood|Carving|木工金工陶艺|全球南雕刻彩绘,https://en.wikipedia.org/wiki/Alebrije
手作与工艺/木工金工陶艺/地域陶土传统/塔德拉科特灰泥,塔德拉科特灰泥,Tadelakt,做「塔德拉科特灰泥」（Tadelakt）。,塔德拉科特灰泥|Tadelakt|木工金工陶艺|地域陶土传统,https://en.wikipedia.org/wiki/Tadelakt
手作与工艺/木工金工陶艺/地域陶土传统/宜兴紫砂壶,宜兴紫砂壶,Yixing Zisha Teapots,做「宜兴紫砂壶」（Yixing Zisha Teapots）。,宜兴紫砂壶|Yixing|Zisha|Teapots|木工金工陶艺|地域陶土传统,https://en.wikipedia.org/wiki/Yixing_clay_teapot
手作与工艺/木工金工陶艺/地域陶土传统/建盏,建盏,Jianzhan Tenmoku,做「建盏」（Jianzhan Tenmoku）。,建盏|Jianzhan|Tenmoku|木工金工陶艺|地域陶土传统,https://en.wikipedia.org/wiki/Jian_ware
手作与工艺/木工金工陶艺/地域陶土传统/瓦哈卡黑陶,瓦哈卡黑陶,Barro Negro of Oaxaca,做「瓦哈卡黑陶」（Barro Negro of Oaxaca）。,瓦哈卡黑陶|Barro|Negro|of|Oaxaca|木工金工陶艺|地域陶土传统,https://en.wikipedia.org/wiki/Barro_negro_pottery
手作与工艺/木工金工陶艺/地域陶土传统/韩国甕器,韩国甕器,Onggi,做「韩国甕器」（Onggi）。,韩国甕器|Onggi|木工金工陶艺|地域陶土传统,https://en.wikipedia.org/wiki/Onggi
手作与工艺/木工金工陶艺/美式古典家具复作,美式古典家具复作,American Period Furniture Making,做「美式古典家具复作」的同好圈。,美式古典家具复作|American|Period|Furniture|Making|木工金工陶艺,https://sapfm.org/about-sapfm/sapfm/about-us
手作与工艺/木工金工陶艺/行会残存欧美/伦敦金匠行会业余见习,伦敦金匠行会业余见习,London Goldsmiths Amateur Assay Interest,做「伦敦金匠行会业余见习」的同好圈。,伦敦金匠行会业余见习|London|Goldsmiths|Assay|Interest|木工金工陶艺|行会残存欧美,https://en.wikipedia.org/wiki/Worshipful_Company_of_Goldsmiths
手作与工艺/木工金工陶艺/被误认为建筑工的石/柴窑木炭烧制,柴窑木炭烧制,Charcoal-burning Kiln Craft,做「柴窑木炭烧制」的同好圈。,柴窑木炭烧制|Charcoal-burning|Kiln|Craft|木工金工陶艺|被误认为建筑工的石,https://en.wikipedia.org/wiki/Charcoal
手作与工艺/木工金工陶艺/被误认为建筑工的石/轮伐Coppicing,轮伐Coppicing,Coppicing Woodland Craft,做「轮伐Coppicing」的同好圈。,轮伐Coppicing|Coppicing|Woodland|Craft|木工金工陶艺|被误认为建筑工的石,https://en.wikipedia.org/wiki/Coppicing
手作与工艺/木工金工陶艺/釉砖水拓与皂作/手工皂HSCG,手工皂HSCG,Handcrafted Soap Guild Practice,做「手工皂HSCG」的同好圈。,手工皂HSCG|HSCG|Handcrafted|Soap|Guild|Practice|木工金工陶艺|釉砖水拓与皂作,https://www.soapguild.org/
手作与工艺/木工金工陶艺/金缮修复实践圈,金缮修复实践圈,Kintsugi Repair Practice Circles,做「金缮修复实践圈」的同好圈。,金缮修复实践圈|Kintsugi|Repair|Practice|Circles|木工金工陶艺,https://en.wikipedia.org/wiki/Kintsugi
手作与工艺/木工金工陶艺/非洲乌木雕刻业余,非洲乌木雕刻业余,African Ebony Woodcarving Hobby,做「非洲乌木雕刻业余」的同好圈。,非洲乌木雕刻业余|African|Ebony|Woodcarving|木工金工陶艺,https://en.wikipedia.org/wiki/Makonde_art
手作与工艺/木工金工陶艺/面具雕刻兄弟会工坊,面具雕刻兄弟会工坊,Ritual Mask Carving Confraternity Workshop,做「面具雕刻兄弟会工坊」的同好圈。,面具雕刻兄弟会工坊|Ritual|Mask|Carving|Confraternity|Workshop|木工金工陶艺,https://ich.unesco.org/en/RL/buso-festivities-at-mohacs-masked-end-of-winter-carnival-custom-00252
手作与工艺/木工金工陶艺/黑陶与柴烧,黑陶与柴烧,Wood-fired Ceramics,做「黑陶与柴烧」（Wood-fired Ceramics）。,黑陶与柴烧|Wood-fired|Ceramics|木工金工陶艺,https://en.wikipedia.org/wiki/Anagama_kiln
手作与工艺/木材与乡村工艺/干石墙协会DWS,英国干石墙协会,Dry Stone Walling Association,做「英国干石墙协会」的同好圈。,英国干石墙协会|Dry|Stone|Walling|Association|木材与乡村工艺|干石墙协会DWS,https://www.dswa.org.uk/
手作与工艺/木材与乡村工艺/英国草顶茅屋工匠,英国草顶茅屋工匠协会,National Society of Master Thatchers,做「英国草顶茅屋工匠协会」的同好圈。,英国草顶茅屋工匠协会|National|Society|of|Master|Thatchers|木材与乡村工艺|英国草顶茅屋工匠,https://www.nsmt.org.uk/
手作与工艺/材料身体技艺/木勺刀削雕刻,木勺刀削雕刻,Spoon carving,做「木勺刀削雕刻」（Spoon carving）。,木勺刀削雕刻|Spoon|carving|材料身体技艺,https://www.bodgers.org.uk/
手作与工艺/材料身体技艺/燧石打制,燧石打制,Flintknapping,做「燧石打制」（Flintknapping）。,燧石打制|Flintknapping|材料身体技艺,https://en.wikipedia.org/wiki/Knapping
手作与工艺/材料身体技艺/生木木作,生木木作,Green woodworking,做「生木木作」（Green woodworking）。,生木木作|Green|woodworking|材料身体技艺,https://bodgers.org.uk/
手作与工艺/材料身体技艺/皮革马鞍针缝,皮革马鞍针缝,Saddle stitching leather,做「皮革马鞍针缝」的同好圈。,皮革马鞍针缝|Saddle|stitching|leather|材料身体技艺,https://en.wikipedia.org/wiki/Leather_crafting
手作与工艺/材料身体技艺/石块平衡造型,石块平衡造型,Rock balancing,做「石块平衡造型」（Rock balancing）。,石块平衡造型|Rock|balancing|材料身体技艺,https://en.wikipedia.org/wiki/Rock_balancing
手作与工艺/材料身体技艺/竹篾编织,竹篾编织,Bamboo weaving,做「竹篾编织」（Bamboo weaving）。,竹篾编织|Bamboo|weaving|材料身体技艺,https://en.wikipedia.org/wiki/Bamboo_weaving
手作与工艺/材料身体技艺/身器地材/腰机织带山地,腰机织带山地,Backstrap-loom Mountain Weaving,做「腰机织带山地」的同好圈。,腰机织带山地|Backstrap-loom|Mountain|Weaving|材料身体技艺|身器地材,https://en.wikipedia.org/wiki/Backstrap_loom
手作与工艺/模型与微缩/G1MRA庭院铁路,G1MRA庭院铁路,Gauge One Model Railway Association,做「G1MRA庭院铁路」的同好圈。,G1MRA庭院铁路|G1MRA|Gauge|One|Model|Railway|Association|模型与微缩,https://g1mra1947.github.io/
手作与工艺/模型与微缩/亡灵节巨型风筝共作,亡灵节巨型风筝共作,Giant Kite Festival Making,做「亡灵节巨型风筝共作」的同好圈。,亡灵节巨型风筝共作|Giant|Kite|Festival|Making|模型与微缩,https://ich.unesco.org/en/RL/technique-of-making-the-giant-kites-of-santiago-sacatepequez-and-sumpango-guatemala-01991
手作与工艺/模型与微缩/人偶与关节人形/Dollfie梦人形,Dollfie梦人形,Dollfie Dream,做「Dollfie梦人形」（Dollfie Dream）。,Dollfie梦人形|Dollfie|Dream|模型与微缩|人偶与关节人形,https://www.volks.co.jp/en/
手作与工艺/模型与微缩/巨型阿莱布里赫巡游模型制作,巨型阿莱布里赫巡游模型制作,Monumental Alebrije Parade Making,做「巨型阿莱布里赫巡游模型制作」的同好圈。,巨型阿莱布里赫巡游模型制作|Monumental|Alebrije|Parade|Making|模型与微缩,https://www.map.cdmx.gob.mx/convocatorias/concursos/86
手作与工艺/模型与微缩/新西兰模型工程MEANZ,新西兰模型工程MEANZ活蒸汽,MEANZ Live Steam,做「新西兰模型工程MEANZ活蒸汽」的同好圈。,新西兰模型工程MEANZ活蒸汽|MEANZ|Live|Steam|模型与微缩|新西兰模型工程MEANZ,https://meanz.org.nz/
手作与工艺/模型与微缩/材料微缩/船舶模型静态,船舶模型静态,Static Ship-model Guilds,做「船舶模型静态」的同好圈。,船舶模型静态|Static|Ship-model|Guilds|模型与微缩|材料微缩,https://en.wikipedia.org/wiki/Ship_model
手作与工艺/模型与微缩/杜尔迦普迦泥塑神像共作,杜尔迦普迦泥塑神像共作,Durga Puja Clay Idol Making,做「杜尔迦普迦泥塑神像共作」的同好圈。,杜尔迦普迦泥塑神像共作|Durga|Puja|Clay|Idol|Making|模型与微缩,https://ich.unesco.org/en/RL/durga-puja-in-kolkata-00703
手作与工艺/模型与微缩/欧美微缩社/历史模型IPMS分会,历史模型IPMS分会,IPMS Local Chapters,做「历史模型IPMS分会」的同好圈。,历史模型IPMS分会|IPMS|Local|Chapters|模型与微缩|欧美微缩社,https://en.wikipedia.org/wiki/International_Plastic_Modellers%27_Society
手作与工艺/模型与微缩/法雅节尼诺特偶像制作,法雅节尼诺特偶像制作,Fallas Ninot Making,做「法雅节尼诺特偶像制作」的同好圈。,法雅节尼诺特偶像制作|Fallas|Ninot|Making|模型与微缩,https://ich.unesco.org/en/RL/valencia-fallas-festivity-00859
手作与工艺/模型与微缩/花车纸塑泡沫雕塑队,花车纸塑泡沫雕塑队,Parade Float Papier-mâché Sculpture Crews,做「花车纸塑泡沫雕塑队」的同好圈。,花车纸塑泡沫雕塑队|Parade|Float|Papier-m|ch|Sculpture|Crews|模型与微缩,https://en.wikipedia.org/wiki/Parade_float
手作与工艺/气味与香料工艺/闻香与制香/巴克霍木屑焚香,巴克霍木屑焚香,Bukhoor Woodchip Fumigation,做「巴克霍木屑焚香」的同好圈。,巴克霍木屑焚香|Bukhoor|Woodchip|Fumigation|气味与香料工艺|闻香与制香,https://en.wikipedia.org/wiki/Bukhoor
手作与工艺/气味与香料工艺/闻香与制香/御家流组香竞技,御家流组香竞技,Oie-ryu Kumiko Incense Game,做「御家流组香竞技」的同好圈。,御家流组香竞技|Oie-ryu|Kumiko|Incense|Game|气味与香料工艺|闻香与制香,https://en.wikipedia.org/wiki/K%C5%8Dd%C5%8D
手作与工艺/气味与香料工艺/闻香与制香/柯巴脂香炉实践,柯巴脂香炉实践,Copal Copalera Practice,做「柯巴脂香炉实践」的同好圈。,柯巴脂香炉实践|Copal|Copalera|Practice|气味与香料工艺|闻香与制香,https://en.wikipedia.org/wiki/Copal
手作与工艺/气味与香料工艺/闻香与制香/格拉斯业余调香工坊,格拉斯业余调香工坊,Grasse Amateur Perfumery Workshops,做「格拉斯业余调香工坊」的同好圈。,格拉斯业余调香工坊|Grasse|Perfumery|Workshops|气味与香料工艺|闻香与制香,https://en.wikipedia.org/wiki/Grasse
手作与工艺/气味与香料工艺/闻香与制香/沉香品香会,沉香品香会,Agarwood Oud Appreciation Circles,做「沉香品香会」的同好圈。,沉香品香会|Agarwood|Oud|Appreciation|Circles|气味与香料工艺|闻香与制香,https://en.wikipedia.org/wiki/Agarwood
手作与工艺/气味与香料工艺/闻香与制香/独立天然调香,独立天然调香,Indie Natural Perfumery,做「独立天然调香」的同好圈。,独立天然调香|Indie|Natural|Perfumery|气味与香料工艺|闻香与制香,https://en.wikipedia.org/wiki/Natural_perfume
手作与工艺/气味与香料工艺/闻香与制香/线香手卷制香,线香手卷制香,Hand-rolled Incense Craft,做「线香手卷制香」的同好圈。,线香手卷制香|Hand-rolled|Incense|Craft|气味与香料工艺|闻香与制香,https://en.wikipedia.org/wiki/Incense
手作与工艺/漆/缅甸漆器Yun业余,缅甸漆器Yun业余,Burmese Yun Lacquerware,做「缅甸漆器Yun业余」的同好圈。,缅甸漆器Yun业余|Yun|Burmese|Lacquerware|漆,https://en.wikipedia.org/wiki/Burmese_lacquerware
手作与工艺/漆/越南磨漆画Son mai业余,越南磨漆画Son mai业余,Vietnamese Son mai Lacquer Painting,做「越南磨漆画Son mai业余」的同好圈。,越南磨漆画Son mai业余|Son|mai|Vietnamese|Lacquer|Painting|漆,https://en.wikipedia.org/wiki/Vietnamese_lacquerware
手作与工艺/漆艺与螺钿/墨西哥Olinala漆,墨西哥Olinala漆,Olinalá Lacquer,做「墨西哥Olinala漆」（Olinalá Lacquer）。,墨西哥Olinala漆|Olinala|Olinal|Lacquer|漆艺与螺钿,https://en.wikipedia.org/wiki/Olinal%C3%A1
手作与工艺/漆艺与螺钿/日本漆艺Urushi,日本漆艺Urushi,Urushi Lacquerwork,做「日本漆艺Urushi」的同好圈。,日本漆艺Urushi|Urushi|Lacquerwork|漆艺与螺钿,https://en.wikipedia.org/wiki/Urushi
手作与工艺/漆艺与螺钿/沉金Chinkin,沉金Chinkin,Chinkin Lacquer Engraving,做「沉金Chinkin」的同好圈。,沉金Chinkin|Chinkin|Lacquer|Engraving|漆艺与螺钿,https://ja.wikipedia.org/wiki/%E6%B2%88%E9%87%91
手作与工艺/漆艺与螺钿/莳绘,莳绘,Maki-e,做「莳绘」（Maki-e）。,莳绘|Maki-e|漆艺与螺钿,https://en.wikipedia.org/wiki/Maki-e
手作与工艺/漆艺与螺钿/越南磨漆画,越南磨漆画,Vietnamese Sơn Mài,做「越南磨漆画」（Vietnamese Sơn Mài）。,越南磨漆画|Vietnamese|漆艺与螺钿,https://en.wikipedia.org/wiki/S%C6%A1n_m%C3%A0i
手作与工艺/漆艺与螺钿/轮岛涂,轮岛涂,Wajima-nuri,做「轮岛涂」（Wajima-nuri）。,轮岛涂|Wajima-nuri|漆艺与螺钿,https://en.wikipedia.org/wiki/Wajima-nuri
手作与工艺/漆艺与螺钿/镰仓雕,镰仓雕,Kamakura-bori,做「镰仓雕」（Kamakura-bori）。,镰仓雕|Kamakura-bori|漆艺与螺钿,https://en.wikipedia.org/wiki/Kamakura-bori
手作与工艺/漆艺螺钿与修复/日本漆艺,日本漆艺,Japanese urushi lacquer craft,做「日本漆艺」的同好圈。,日本漆艺|Japanese|urushi|lacquer|craft|漆艺螺钿与修复,https://www.nihon-shikkou-kyokai.or.jp/
手作与工艺/漆艺螺钿与修复/漆层时间/沈金漆绘业余,沈金漆绘业余,Chinkin Gold-inlay Lacquer Amateur,做「沈金漆绘业余」的同好圈。,沈金漆绘业余|Chinkin|Gold-inlay|Lacquer|漆艺螺钿与修复|漆层时间,https://en.wikipedia.org/wiki/Chinkin
手作与工艺/漆艺螺钿与修复/漆层时间/雕漆剔红业余,雕漆剔红业余,Tixi Carved-lacquer Amateur,做「雕漆剔红业余」的同好圈。,雕漆剔红业余|Tixi|Carved-lacquer|漆艺螺钿与修复|漆层时间,https://en.wikipedia.org/wiki/Carved_lacquer
手作与工艺/漆艺螺钿与修复/螺钿镶嵌,螺钿镶嵌,Mother-of-pearl lacquer inlay,做「螺钿镶嵌」的同好圈。,螺钿镶嵌|Mother-of-pearl|lacquer|inlay|漆艺螺钿与修复,https://ich.unesco.org/en/RL/craftsmanship-of-mother-of-pearl-inlay-01874
手作与工艺/玻璃工艺/工作室玻璃艺术,工作室玻璃艺术,Studio Glass Art Practice,做「工作室玻璃艺术」的同好圈。,工作室玻璃艺术|Studio|Glass|Art|Practice|玻璃工艺,https://www.glassart.org/
手作与工艺/玻璃工艺/玻璃珠火焰加工,玻璃珠火焰加工,Flameworked Glass Beadmaking,做「玻璃珠火焰加工」的同好圈。,玻璃珠火焰加工|Flameworked|Glass|Beadmaking|玻璃工艺,https://www.isgb.org/
手作与工艺/玻璃陶泥与石艺/冰雪雕塑,冰雪雕塑,Snow & ice sculpture,做「冰雪雕塑」（Snow & ice sculpture）。,冰雪雕塑|Snow|ice|sculpture|玻璃陶泥与石艺,https://www.aisng.fi/261252
手作与工艺/玻璃陶泥与石艺/吹制玻璃,工作室吹制玻璃,Studio Glassblowing,做「工作室吹制玻璃」（Studio Glassblowing）。,工作室吹制玻璃|Studio|Glassblowing|玻璃陶泥与石艺|吹制玻璃,https://www.glassart.org/
手作与工艺/玻璃陶泥与石艺/圣体节花毯共作,圣体节花毯共作,Corpus Christi Flower Carpet Making,做「圣体节花毯共作」的同好圈。,圣体节花毯共作|Corpus|Christi|Flower|Carpet|Making|玻璃陶泥与石艺,https://ich.unesco.org/en/RL/flower-carpets-tradition-for-corpus-christi-processions-01743
手作与工艺/玻璃陶泥与石艺/坎波马约尔纸花街饰共作,坎波马约尔纸花街饰共作,Campo Maior Paper Flower Street Decorating,做「坎波马约尔纸花街饰共作」的同好圈。,坎波马约尔纸花街饰共作|Campo|Maior|Paper|Flower|Street|Decorating|玻璃陶泥与石艺,https://ich.unesco.org/en/RL/community-festivities-in-campo-maior-01604
手作与工艺/玻璃陶泥与石艺/墨西哥Talavera塔拉维拉陶,墨西哥Talavera塔拉维拉陶,Mexican Talavera Pottery,做「墨西哥Talavera塔拉维拉陶」的同好圈。,墨西哥Talavera塔拉维拉陶|Talavera|Mexican|Pottery|玻璃陶泥与石艺,https://en.wikipedia.org/wiki/Talavera_pottery
手作与工艺/玻璃陶泥与石艺/摩洛哥泽利格镶嵌,泽利格镶嵌,Zellige Mosaic,做「泽利格镶嵌」（Zellige Mosaic）。,泽利格镶嵌|Zellige|Mosaic|玻璃陶泥与石艺|摩洛哥泽利格镶嵌,https://en.wikipedia.org/wiki/Zellige
手作与工艺/玻璃陶泥与石艺/玻璃热塑/熔融玻璃窑铸,熔融玻璃窑铸,Kiln-cast Glass Sculpture Hobby,做「熔融玻璃窑铸」的同好圈。,熔融玻璃窑铸|Kiln-cast|Glass|Sculpture|玻璃陶泥与石艺|玻璃热塑,https://en.wikipedia.org/wiki/Kiln_casting
手作与工艺/玻璃陶泥与石艺/盆石Bonseki沙画,盆石Bonseki沙画,Bonseki Tray Landscape,做「盆石Bonseki沙画」的同好圈。,盆石Bonseki沙画|Bonseki|Tray|Landscape|玻璃陶泥与石艺,https://en.wikipedia.org/wiki/Bonseki
手作与工艺/玻璃陶泥与石艺/石与骨角/玉雕砣机业余,玉雕砣机业余,Jade Rotary-tool Carving Amateur,做「玉雕砣机业余」的同好圈。,玉雕砣机业余|Jade|Rotary-tool|Carving|玻璃陶泥与石艺|石与骨角,https://en.wikipedia.org/wiki/Chinese_jade
手作与工艺/玻璃陶泥与石艺/维乔尔珠饰艺术,维乔尔珠饰,Huichol Bead Art,做「维乔尔珠饰」（Huichol Bead Art）。,维乔尔珠饰|Huichol|Bead|Art|玻璃陶泥与石艺|维乔尔珠饰艺术,https://en.wikipedia.org/wiki/Huichol_art
手作与工艺/玻璃陶泥与石艺/花与棕榈兄弟会编饰,花与棕榈兄弟会编饰,Confraternity of Flowers and Palms Crafting,做「花与棕榈兄弟会编饰」的同好圈。,花与棕榈兄弟会编饰|Confraternity|of|Flowers|Palms|Crafting|玻璃陶泥与石艺,https://ich.unesco.org/en/RL/the-confraternity-of-flowers-and-palms-02240
手作与工艺/玻璃陶泥与石艺/蜡画Encaustic,蜡画Encaustic,Encaustic wax painting,做「蜡画Encaustic」的同好圈。,蜡画Encaustic|Encaustic|wax|painting|玻璃陶泥与石艺,https://iea.wildapricot.org/About
手作与工艺/玻璃陶泥与石艺/西非赤陶与陶塑,西非赤陶与陶塑,West African Terracotta Pottery,做「西非赤陶与陶塑」的同好圈。,西非赤陶与陶塑|West|African|Terracotta|Pottery|玻璃陶泥与石艺,https://en.wikipedia.org/wiki/African_pottery
手作与工艺/玻璃陶泥与石艺/陶与釉的行会/乐烧Raku户外,乐烧Raku户外,Raku Outdoor Firing Circles,做「乐烧Raku户外」的同好圈。,乐烧Raku户外|Raku|Outdoor|Firing|Circles|玻璃陶泥与石艺|陶与釉的行会,https://en.wikipedia.org/wiki/Raku_ware
手作与工艺/玻璃陶泥与石艺/陶与釉的行会/玛吉卡Majolica彩绘,玛吉卡Majolica彩绘,Maiolica Tin-glaze Painting,做「玛吉卡Majolica彩绘」的同好圈。,玛吉卡Majolica彩绘|Majolica|Maiolica|Tin-glaze|Painting|玻璃陶泥与石艺|陶与釉的行会,https://en.wikipedia.org/wiki/Maiolica
手作与工艺/玻璃陶泥与石艺/陶与釉的行会/青瓷还原釉试验,青瓷还原釉试验,Celadon Reduction-glaze Trials,做「青瓷还原釉试验」的同好圈。,青瓷还原釉试验|Celadon|Reduction-glaze|Trials|玻璃陶泥与石艺|陶与釉的行会,https://en.wikipedia.org/wiki/Celadon
手作与工艺/玻璃陶泥与石艺/马赛克干砌镜框,马赛克干砌镜框,Mosaic Dry-set Mirror Frames,做「马赛克干砌镜框」的同好圈。,马赛克干砌镜框|Mosaic|Dry-set|Mirror|Frames|玻璃陶泥与石艺,
手作与工艺/玻璃陶泥与石艺/马赛克镶嵌,马赛克镶嵌,Mosaic Arts,做「马赛克镶嵌」（Mosaic Arts）。,马赛克镶嵌|Mosaic|Arts|玻璃陶泥与石艺,https://americanmosaics.org/
手作与工艺/皮革鱼皮与软材料/珍珠鱼皮Galuchat,珍珠鱼皮Galuchat,Galuchat Shagreen,做「珍珠鱼皮Galuchat」的同好圈。,珍珠鱼皮Galuchat|Galuchat|Shagreen|皮革鱼皮与软材料,https://en.wikipedia.org/wiki/Shagreen
手作与工艺/皮革鱼皮与软材料/鱼皮鞣制,鱼皮鞣制,Fish-Leather Tanning,做「鱼皮鞣制」（Fish-Leather Tanning）。,鱼皮鞣制|Fish-Leather|Tanning|皮革鱼皮与软材料,https://en.wikipedia.org/wiki/Fish_leather
手作与工艺/纤维与织染/二风谷阿伊努树皮织,二风谷阿伊努attus树皮织,Nibutani Ainu Attus Bark Cloth Weaving,做「二风谷阿伊努attus树皮织」的同好圈。,二风谷阿伊努attus树皮织|attus|Nibutani|Ainu|Attus|Bark|Cloth|Weaving,https://www.biratori-ainu-culture.com/en/craft/attus/
手作与工艺/纤维与织染/京都型染,京都型染katazome,Kyoto Katazome Stencil Dyeing,做「京都型染katazome」的同好圈。,京都型染katazome|katazome|Kyoto|Katazome|Stencil|Dyeing|纤维与织染|京都型染,https://senshokubunka-kyoto.jp/gijyutu/katazome.html
手作与工艺/纤维废弃物/印度Kantha拼缝,印度Kantha拼缝,Kantha Embroidery,做「印度Kantha拼缝」（Kantha Embroidery）。,印度Kantha拼缝|Kantha|Embroidery|纤维废弃物,https://en.wikipedia.org/wiki/Kantha
手作与工艺/纤维废弃物/日本Boro拼缀实践,日本Boro拼缀实践,Boro Mending Practice,做「日本Boro拼缀实践」的同好圈。,日本Boro拼缀实践|Boro|Mending|Practice|纤维废弃物,https://en.wikipedia.org/wiki/Boro_(textile)
手作与工艺/纤维废弃物/日本Sakiori裂织,日本Sakiori裂织,Sakiori Rag Weaving,做「日本Sakiori裂织」的同好圈。,日本Sakiori裂织|Sakiori|Rag|Weaving|纤维废弃物,https://en.wikipedia.org/wiki/Sakiori
手作与工艺/纤维染色与编织/Kumihimo组纽,组纽（Kumihimo）,Kumihimo Braiding,做「组纽（Kumihimo）」的同好圈。,组纽（Kumihimo）|Kumihimo|Braiding|纤维染色与编织|Kumihimo组纽,https://www.kumihimosociety.org/
手作与工艺/纤维染色与编织/Nalbinding,Nålbinding 单针编织,Nålbinding,做「Nålbinding 单针编织」（Nålbinding）。,Nålbinding 单针编织|lbinding|纤维染色与编织|Nalbinding,https://en.wikipedia.org/wiki/N%C3%A5lebinding
手作与工艺/纤维染色与编织/Shibori绞染,Shibori 绞染,Shibori,做「Shibori 绞染」（Shibori）。,Shibori 绞染|Shibori|纤维染色与编织|Shibori绞染,https://shibori.org/
手作与工艺/纤维染色与编织/乌干达树皮布,乌干达树皮布,Ugandan barkcloth making,做「乌干达树皮布」的同好圈。,乌干达树皮布|Ugandan|barkcloth|making|纤维染色与编织,https://ich.unesco.org/en/RL/barkcloth-making-in-uganda-00139
手作与工艺/纤维染色与编织/全球南纺织与印染/中亚Ikat扎经染织,中亚Ikat扎经染织,Central Asian Ikat Weaving,做「中亚Ikat扎经染织」的同好圈。,中亚Ikat扎经染织|Ikat|Central|Asian|Weaving|纤维染色与编织|全球南纺织与印染,https://en.wikipedia.org/wiki/Ikat
手作与工艺/纤维染色与编织/全球南纺织与印染/加纳Kente肯特织布,加纳Kente肯特织布,Ghanaian Kente Weaving,做「加纳Kente肯特织布」的同好圈。,加纳Kente肯特织布|Kente|Ghanaian|Weaving|纤维染色与编织|全球南纺织与印染,https://ich.unesco.org/en/RL/craftsmanship-of-traditional-woven-textile-kente-02130
手作与工艺/纤维染色与编织/全球南纺织与印染/印度Bandhani扎染,印度Bandhani扎染,Bandhani Tie-Dye,做「印度Bandhani扎染」的同好圈。,印度Bandhani扎染|Bandhani|Tie-Dye|纤维染色与编织|全球南纺织与印染,https://en.wikipedia.org/wiki/Bandhani
手作与工艺/纤维染色与编织/全球南纺织与印染/印度Kalamkari手绘染,印度Kalamkari手绘染,Kalamkari Hand-Painted Cloth,做「印度Kalamkari手绘染」的同好圈。,印度Kalamkari手绘染|Kalamkari|Hand-Painted|Cloth|纤维染色与编织|全球南纺织与印染,https://en.wikipedia.org/wiki/Kalamkari
手作与工艺/纤维染色与编织/全球南纺织与印染/印度巴基斯坦Ajrakh块印,印度巴基斯坦Ajrakh块印,Ajrakh Block Printing,做「印度巴基斯坦Ajrakh块印」的同好圈。,印度巴基斯坦Ajrakh块印|Ajrakh|Block|Printing|纤维染色与编织|全球南纺织与印染,https://en.wikipedia.org/wiki/Ajrak
手作与工艺/纤维染色与编织/全球南纺织与印染/墨西哥Rebozo披肩织造,墨西哥Rebozo披肩织造,Mexican Rebozo Weaving,做「墨西哥Rebozo披肩织造」的同好圈。,墨西哥Rebozo披肩织造|Rebozo|Mexican|Weaving|纤维染色与编织|全球南纺织与印染,https://en.wikipedia.org/wiki/Rebozo
手作与工艺/纤维染色与编织/全球南纺织与印染/安第斯背带织机织造,安第斯背带织机织造,Andean Backstrap Loom Weaving,做「安第斯背带织机织造」的同好圈。,安第斯背带织机织造|Andean|Backstrap|Loom|Weaving|纤维染色与编织|全球南纺织与印染,https://en.wikipedia.org/wiki/Backstrap_loom
手作与工艺/纤维染色与编织/全球南纺织与印染/巴拿马Guna_Mola莫拉贴布,巴拿马Guna Mola莫拉贴布,Guna Mola Appliqué,做「巴拿马Guna Mola莫拉贴布」的同好圈。,巴拿马Guna Mola莫拉贴布|Guna|Mola|Appliqu|纤维染色与编织|全球南纺织与印染,https://en.wikipedia.org/wiki/Mola_(art_form)
手作与工艺/纤维染色与编织/全球南纺织与印染/菲律宾Tnalak织梦布,菲律宾Tnalak织梦布,Tnalak Dream Weaving,做「菲律宾Tnalak织梦布」的同好圈。,菲律宾Tnalak织梦布|Tnalak|Dream|Weaving|纤维染色与编织|全球南纺织与印染,https://en.wikipedia.org/wiki/Tnalak
手作与工艺/纤维染色与编织/全球南纺织与印染/西非Bogolan泥染布,西非Bogolan泥染布,Bogolan / Mudcloth Making,做「西非Bogolan泥染布」的同好圈。,西非Bogolan泥染布|Bogolan|Mudcloth|Making|纤维染色与编织|全球南纺织与印染,https://en.wikipedia.org/wiki/B%C3%B2g%C3%B2lanfini
手作与工艺/纤维染色与编织/全球南纺织传统/乳木果传统加工,乳木果传统加工,Traditional Shea Butter Processing,做「乳木果传统加工」的同好圈。,乳木果传统加工|Traditional|Shea|Butter|Processing|纤维染色与编织|全球南纺织传统,https://en.wikipedia.org/wiki/Shea_butter
手作与工艺/纤维染色与编织/全球南纺织传统/康吉瓦拉姆丝织,康吉瓦拉姆丝织,Kanchipuram Silk Weaving,做「康吉瓦拉姆丝织」的同好圈。,康吉瓦拉姆丝织|Kanchipuram|Silk|Weaving|纤维染色与编织|全球南纺织传统,https://en.wikipedia.org/wiki/Kanchipuram_silk_sari
手作与工艺/纤维染色与编织/全球南纺织传统/松吉金线织Songket,松吉织,Songket Weaving,做「松吉织」（Songket Weaving）。,松吉织|Songket|Weaving|纤维染色与编织|全球南纺织传统,https://ich.unesco.org/en/RL/songket-01505
手作与工艺/纤维染色与编织/全球南纺织传统/树皮布Tapa,树皮布制作,Tapa Cloth Making,做「树皮布制作」（Tapa Cloth Making）。,树皮布制作|Tapa|Cloth|Making|纤维染色与编织|全球南纺织传统,https://en.wikipedia.org/wiki/Tapa_cloth
手作与工艺/纤维染色与编织/全球南纺织传统/米提拉画Madhubani,米提拉/马杜巴尼画,Madhubani Painting,做「米提拉/马杜巴尼画」（Madhubani Painting）。,米提拉/马杜巴尼画|Madhubani|Painting|纤维染色与编织|全球南纺织传统,https://en.wikipedia.org/wiki/Madhubani_art
手作与工艺/纤维染色与编织/全球南纺织传统/阿丁克拉印染符号,阿丁克拉印染,Adinkra Cloth Stamping,做「阿丁克拉印染」的同好圈。,阿丁克拉印染|Adinkra|Cloth|Stamping|纤维染色与编织|全球南纺织传统,https://en.wikipedia.org/wiki/Adinkra_symbols
手作与工艺/纤维染色与编织/全球南纺织传统/马来大风筝WauBulan制作,马来大风筝 Wau Bulan 制作,Wau Bulan Kite Making,做「马来大风筝 Wau Bulan 制作」的同好圈。,马来大风筝 Wau Bulan 制作|Wau|Bulan|Kite|Making|纤维染色与编织|全球南纺织传统,https://en.wikipedia.org/wiki/Wau_bulan
手作与工艺/纤维染色与编织/印度尼西亚蜡染社群展作,印度尼西亚蜡染社群展作,Indonesian Batik Community Making,做「印度尼西亚蜡染社群展作」的同好圈。,印度尼西亚蜡染社群展作|Indonesian|Batik|Community|Making|纤维染色与编织,https://ich.unesco.org/en/RL/indonesian-batik-00170
手作与工艺/纤维染色与编织/墨西哥纸扎剪纸作坊,墨西哥纸扎剪纸作坊,Papel Picado Festival Workshops,做「墨西哥纸扎剪纸作坊」的同好圈。,墨西哥纸扎剪纸作坊|Papel|Picado|Festival|Workshops|纤维染色与编织,https://en.wikipedia.org/wiki/Papel_picado
手作与工艺/纤维染色与编织/天然染色季节共染坊,天然染色季节共染坊,Seasonal Natural Dye Collective Vat,做「天然染色季节共染坊」的同好圈。,天然染色季节共染坊|Seasonal|Natural|Dye|Collective|Vat|纤维染色与编织,https://en.wikipedia.org/wiki/Natural_dye
手作与工艺/纤维染色与编织/天然植物染色,天然植物染色,Natural Dyeing,做「天然植物染色」（Natural Dyeing）。,天然植物染色|Natural|Dyeing|纤维染色与编织,https://www.botanicalcolors.com/
手作与工艺/纤维染色与编织/柳编篮筐,柳编 / 篮筐编织,Basket Weaving,做「柳编 / 篮筐编织」（Basket Weaving）。,柳编 / 篮筐编织|Basket|Weaving|纤维染色与编织|柳编篮筐,https://www.nationalbasketry.org/
手作与工艺/纤维染色与编织/植物纤维复兴/椰壳纤维绳,椰壳纤维绳,Coir Rope-making Hobby,做「椰壳纤维绳」（Coir Rope-making Hobby）。,椰壳纤维绳|Coir|Rope-making|纤维染色与编织|植物纤维复兴,https://en.wikipedia.org/wiki/Coir
手作与工艺/纤维染色与编织/植物纤维复兴/苎麻绩麻织,苎麻绩麻织,Ramie Degumming and Weaving,做「苎麻绩麻织」的同好圈。,苎麻绩麻织|Ramie|Degumming|Weaving|纤维染色与编织|植物纤维复兴,https://en.wikipedia.org/wiki/Ramie
手作与工艺/纤维染色与编织/植物纤维复兴/荨麻纤维提取,荨麻纤维提取,Nettle-fiber Extraction Craft,做「荨麻纤维提取」的同好圈。,荨麻纤维提取|Nettle-fiber|Extraction|Craft|纤维染色与编织|植物纤维复兴,https://en.wikipedia.org/wiki/Ramio
手作与工艺/纤维染色与编织/植物纤维复兴/菠萝纤维Piña,菠萝纤维Piña,Piña Pineapple-fiber Weaving,做「菠萝纤维Piña」的同好圈。,菠萝纤维Piña|Pi|Pineapple-fiber|Weaving|纤维染色与编织|植物纤维复兴,https://en.wikipedia.org/wiki/Pi%C3%B1a
手作与工艺/纤维染色与编织/植物纤维复兴/蕉纤维织布,蕉纤维织布,Banana-fiber Cloth Weaving,做「蕉纤维织布」的同好圈。,蕉纤维织布|Banana-fiber|Cloth|Weaving|纤维染色与编织|植物纤维复兴,https://en.wikipedia.org/wiki/Bash%C5%8Dfu
手作与工艺/纤维染色与编织/狂欢节羽毛装束作坊,狂欢节羽毛装束作坊,Carnival Feather Costume Ateliers,做「狂欢节羽毛装束作坊」的同好圈。,狂欢节羽毛装束作坊|Carnival|Feather|Costume|Ateliers|纤维染色与编织,https://en.wikipedia.org/wiki/Carnival
手作与工艺/纤维染色与编织/约鲁巴Adire,约鲁巴Adire,Yoruba adire indigo resist dyeing,做「约鲁巴Adire」的同好圈。,约鲁巴Adire|Adire|Yoruba|adire|indigo|resist|dyeing|纤维染色与编织,https://www.vam.ac.uk/articles/adire-tied-and-dyed-indigo-textiles/
手作与工艺/纤维染色与编织/节庆中国剪纸共作,节庆中国剪纸共作,Festival Chinese Paper-cutting,做「节庆中国剪纸共作」的同好圈。,节庆中国剪纸共作|Festival|Chinese|Paper-cutting|纤维染色与编织,https://ich.unesco.org/en/RL/chinese-paper-cut-00219
手作与工艺/纤维染色与编织/诺肯结袋社群实践,诺肯结袋社群实践,Noken Knot-bag Making,做「诺肯结袋社群实践」的同好圈。,诺肯结袋社群实践|Noken|Knot-bag|Making|纤维染色与编织,https://ich.unesco.org/en/USL/noken-multifunctional-knotted-or-woven-bag-handcraft-of-the-people-of-papua-00619
手作与工艺/纤维染色与编织/阿尔萨杜织造聚会,阿尔萨杜织造聚会,Al Sadu Weaving Gatherings,做「阿尔萨杜织造聚会」的同好圈。,阿尔萨杜织造聚会|Al|Sadu|Weaving|Gatherings|纤维染色与编织,https://ich.unesco.org/en/RL/al-sadu-traditional-weaving-skills-in-the-united-arab-emirates-00517
手作与工艺/纤维染色与编织/阿波蓝染蓝瓮,阿波蓝染蓝瓮,Aizome Japanese indigo vat dyeing,做「阿波蓝染蓝瓮」的同好圈。,阿波蓝染蓝瓮|Aizome|Japanese|indigo|vat|dyeing|纤维染色与编织,https://www.uk.emb-japan.go.jp/itpr_en/2306aizome.html
手作与工艺/纤维染色与编织/非西方染织/冲绳红型Bingata染,冲绳红型Bingata染,Okinawan Bingata Dyeing,做「冲绳红型Bingata染」的同好圈。,冲绳红型Bingata染|Bingata|Okinawan|Dyeing|纤维染色与编织|非西方染织,https://en.wikipedia.org/wiki/Bingata
手作与工艺/纤维染色与编织/非西方染织/南通蓝印花布印染,南通蓝印花布印染,Nantong Blue Calico Printing,做「南通蓝印花布印染」的同好圈。,南通蓝印花布印染|Nantong|Blue|Calico|Printing|纤维染色与编织|非西方染织,http://www.wuyuanxin.com/
手作与工艺/纤维染色与编织/非西方染织/土耳其水拓Ebru艺术,土耳其水拓Ebru艺术,Turkish Ebru Marbling,做「土耳其水拓Ebru艺术」的同好圈。,土耳其水拓Ebru艺术|Ebru|Turkish|Marbling|纤维染色与编织|非西方染织,https://ich.unesco.org/en/RL/ebru-turkish-art-of-marbling-00644
手作与工艺/纤维染色与编织/非西方染织/毛利亚麻编织Raranga,毛利亚麻编织Raranga,Māori Harakeke Raranga Weaving,做「毛利亚麻编织Raranga」的同好圈。,毛利亚麻编织Raranga|Raranga|ori|Harakeke|Weaving|纤维染色与编织|非西方染织,https://maoriart.org.nz/committees/weaving/
手作与工艺/纤维染色与编织/非西方染织/韩纸Hanji工艺,韩纸Hanji工艺,Korean Hanji Papermaking,做「韩纸Hanji工艺」的同好圈。,韩纸Hanji工艺|Hanji|Korean|Papermaking|纤维染色与编织|非西方染织,https://en.wikipedia.org/wiki/Hanji
手作与工艺/纸与书/埃及纸莎草复原,埃及纸莎草复原,Papyrus Making Revival,做「埃及纸莎草复原」的同好圈。,埃及纸莎草复原|Papyrus|Making|Revival|纸与书,https://en.wikipedia.org/wiki/Papyrus
手作与工艺/纸艺与型纸/型纸Katagami,型纸Katagami,Katagami Stencil Making,做「型纸Katagami」的同好圈。,型纸Katagami|Katagami|Stencil|Making|纸艺与型纸,https://en.wikipedia.org/wiki/Katagami
手作与工艺/纸艺与型纸/墨流し,墨流し,Suminagashi,做「墨流し」（Suminagashi）。,墨流し|Suminagashi|纸艺与型纸,https://en.wikipedia.org/wiki/Suminagashi
手作与工艺/纸艺与型纸/宣纸制作,宣纸制作,Xuan Paper Making,做「宣纸制作」（Xuan Paper Making）。,宣纸制作|Xuan|Paper|Making|纸艺与型纸,https://en.wikipedia.org/wiki/Xuan_paper
手作与工艺/纸艺与水拓/和纸抄纸,和纸抄纸,Washi handmade papermaking,做「和纸抄纸」的同好圈。,和纸抄纸|Washi|handmade|papermaking|纸艺与水拓,https://ich.unesco.org/en/RL/washi-craftsmanship-of-traditional-japanese-hand-made-paper-02291
手作与工艺/织物与编织/Handweavers Guild of America,Handweavers Guild of America,Handweavers Guild of America,做「Handweavers Guild of America」的同好圈。,Handweavers Guild of America|Handweavers|Guild|of|America|织物与编织,https://weave.org/
手作与工艺/织物与编织/加拿大绗缝公会,加拿大绗缝公会,Canadian Quilters' Association,做「加拿大绗缝公会」的同好圈。,加拿大绗缝公会|Canadian|Quilters|Association|织物与编织,https://www.canadianquilter.com/
手作与工艺/织物与编织/国际实用装饰绳结,国际实用装饰绳结,International Guild of Knot Tyers,做「国际实用装饰绳结」的同好圈。,国际实用装饰绳结|International|Guild|of|Knot|Tyers|织物与编织,https://igkt.net/about
手作与工艺/织物与编织/夏威夷拼布,夏威夷拼布,Hawaiian Quilting,做「夏威夷拼布」（Hawaiian Quilting）。,夏威夷拼布|Hawaiian|Quilting|织物与编织,https://en.wikipedia.org/wiki/Hawaiian_quilt
手作与工艺/织物与编织/安德岛花边业余,安德岛花边业余,Åland Bobbin Lace Hobby,做「安德岛花边业余」的同好圈。,安德岛花边业余|land|Bobbin|Lace|织物与编织,
手作与工艺/织物与编织/巡游服装缝制工棚,巡游服装缝制工棚,Mas Camp Costume Sewing Crew,做「巡游服装缝制工棚」的同好圈。,巡游服装缝制工棚|Mas|Camp|Costume|Sewing|Crew|织物与编织,https://en.wikipedia.org/wiki/Mas_(Carnival)
手作与工艺/织物与编织/梭织与桌面织机,梭织与桌面织机,Handweaving,做「梭织与桌面织机」（Handweaving）。,梭织与桌面织机|Handweaving|织物与编织,https://www.handweaving.net/
手作与工艺/织物与编织/毛利Taniko,毛利Taniko,Māori tāniko finger weaving,做「毛利Taniko」的同好圈。,毛利Taniko|Taniko|ori|niko|finger|weaving|织物与编织,https://teara.govt.nz/en/maori-weaving-and-tukutuku-te-raranga-me-te-whatu/page-3
手作与工艺/织物与编织/毡与纺/手纺轮DropSpindle,手纺轮DropSpindle,Drop-spindle Handspinning,做「手纺轮DropSpindle」的同好圈。,手纺轮DropSpindle|DropSpindle|Drop-spindle|Handspinning|织物与编织|毡与纺,https://en.wikipedia.org/wiki/Spindle_(textiles)
手作与工艺/织物与编织/毡与纺/湿毡蒙古包饰,湿毡蒙古包饰,Wet-felted Yurt Ornament Craft,做「湿毡蒙古包饰」的同好圈。,湿毡蒙古包饰|Wet-felted|Yurt|Ornament|Craft|织物与编织|毡与纺,https://en.wikipedia.org/wiki/Felting
手作与工艺/织物与编织/毡与纺/纳毡NunoFelting,纳毡NunoFelting,Nuno Felting Scarf Circles,做「纳毡NunoFelting」的同好圈。,纳毡NunoFelting|NunoFelting|Nuno|Felting|Scarf|Circles|织物与编织|毡与纺,https://en.wikipedia.org/wiki/Nuno_felting
手作与工艺/织物与编织/秘鲁背带织机业余,秘鲁背带织机业余,Peruvian Backstrap Loom Hobby,做「秘鲁背带织机业余」的同好圈。,秘鲁背带织机业余|Peruvian|Backstrap|Loom|织物与编织,
手作与工艺/织物与编织/移民飞地织/冰岛羊毛Lopi编织,冰岛羊毛Lopi编织,Icelandic Lopi Knitting Guilds,做「冰岛羊毛Lopi编织」的同好圈。,冰岛羊毛Lopi编织|Lopi|Icelandic|Knitting|Guilds|织物与编织|移民飞地织,https://en.wikipedia.org/wiki/Lopapeysa
手作与工艺/织物与编织/移民飞地织/阿米什拼布传统,阿米什拼布传统,Amish Quilt Tradition Circles,做「阿米什拼布传统」的同好圈。,阿米什拼布传统|Amish|Quilt|Tradition|Circles|织物与编织|移民飞地织,https://en.wikipedia.org/wiki/Amish_quilts
手作与工艺/织物与编织/篮筐公会,英国篮筐公会,Basketmakers Association,做「英国篮筐公会」的同好圈。,英国篮筐公会|Basketmakers|Association|织物与编织|篮筐公会,https://basketmakersassociation.org.uk/
手作与工艺/织物与编织/苏格兰花呢格子织补,苏格兰花呢格子织补,Scottish Tartan Darning Circles,做「苏格兰花呢格子织补」的同好圈。,苏格兰花呢格子织补|Scottish|Tartan|Darning|Circles|织物与编织,
手作与工艺/织物与编织/英国花边公会,英国花边公会,The Lace Guild,做「英国花边公会」（The Lace Guild）。,英国花边公会|Lace|Guild|织物与编织,https://www.laceguild.org/
手作与工艺/织物与编织/设得兰羊毛周,设得兰羊毛周编织,Shetland Wool Week,做「设得兰羊毛周编织」（Shetland Wool Week）。,设得兰羊毛周编织|Shetland|Wool|Week|织物与编织|设得兰羊毛周,https://www.shetlandwoolweek.com/
手作与工艺/织物与编织/针法与结/日本刺绣NihonShishu,日本刺绣NihonShishu,Nihon Shishu Silk Embroidery,做「日本刺绣NihonShishu」的同好圈。,日本刺绣NihonShishu|NihonShishu|Nihon|Shishu|Silk|Embroidery|织物与编织|针法与结,
手作与工艺/织物与编织/针法与结/水手绳结装饰,水手绳结装饰,Decorative Sailor Knotwork,做「水手绳结装饰」的同好圈。,水手绳结装饰|Decorative|Sailor|Knotwork|织物与编织|针法与结,https://en.wikipedia.org/wiki/Macram%C3%A9
手作与工艺/织物与编织/针法与结/玛克拉Macramé结构,玛克拉Macramé结构,Structural Macramé Furniture Knots,做「玛克拉Macramé结构」的同好圈。,玛克拉Macramé结构|Macram|Structural|Furniture|Knots|织物与编织|针法与结,https://en.wikipedia.org/wiki/Macram%C3%A9
手作与工艺/织物与编织/针法与结/金线绣OrNué,金线绣OrNué,Or Nué Goldwork Embroidery,做「金线绣OrNué」的同好圈。,金线绣OrNué|OrNu|Or|Nu|Goldwork|Embroidery|织物与编织|针法与结,https://en.wikipedia.org/wiki/Or_nu%C3%A9
手作与工艺/织物与编织/非西方纤维范畴/刺し子可见缝补,刺し子可见缝补,Sashiko Visible Mending,做「刺し子可见缝补」的同好圈。,刺し子可见缝补|Sashiko|Visible|Mending|织物与编织|非西方纤维范畴,https://en.wikipedia.org/wiki/Sashiko
手作与工艺/织物与编织/非西方织绣材料/云锦Yunjin,云锦Yunjin,Nanjing Yunjin Brocade,做「云锦Yunjin」的同好圈。,云锦Yunjin|Yunjin|Nanjing|Brocade|织物与编织|非西方织绣材料,https://ich.unesco.org/en/RL/craftsmanship-of-nanjing-yunjin-brocade-00453
手作与工艺/织物与编织/非西方织绣材料/友禅染,友禅染,Yūzen,做「友禅染」（Yūzen）。,友禅染|zen|织物与编织|非西方织绣材料,https://en.wikipedia.org/wiki/Y%C5%ABzen
手作与工艺/织物与编织/非西方织绣材料/结城紬,结城紬,Yūki-tsumugi,做「结城紬」（Yūki-tsumugi）。,结城紬|ki-tsumugi|织物与编织|非西方织绣材料,https://ich.unesco.org/en/RL/yuki-tsumugi-00406
手作与工艺/织物与编织/非西方织绣材料/缂丝,缂丝,Kesi Tapestry,玩「缂丝」的同好圈。,缂丝|Kesi|Tapestry|织物与编织|非西方织绣材料,https://en.wikipedia.org/wiki/Kesi_(tapestry)
手作与工艺/蜡蛋香与绒花/乌克兰蜡绘蛋,乌克兰蜡绘蛋,Pysanky,做「乌克兰蜡绘蛋」（Pysanky）。,乌克兰蜡绘蛋|Pysanky|蜡蛋香与绒花,https://en.wikipedia.org/wiki/Pysanka
手作与工艺/蜡蛋香与绒花/绒花Ronghua,绒花Ronghua,Ronghua Silk Floss Flowers,做「绒花Ronghua」的同好圈。,绒花Ronghua|Ronghua|Silk|Floss|Flowers|蜡蛋香与绒花,https://en.wikipedia.org/wiki/Ronghua
手作与工艺/行会残存与乡土工艺/加州印第安篮编协会,加州印第安篮编协会,California Indian Basketweavers Association,做「加州印第安篮编协会」的同好圈。,加州印第安篮编协会|California|Indian|Basketweavers|Association|行会残存与乡土工艺,https://ciba.org/
手作与工艺/行会残存与乡土工艺/法国工艺旅伴会Compagnons,法国工艺旅伴会Compagnons,Compagnons du Devoir,做「法国工艺旅伴会Compagnons」的同好圈。,法国工艺旅伴会Compagnons|Compagnons|du|Devoir|行会残存与乡土工艺,https://compagnons-du-devoir.com/
手作与工艺/行会残存与乡土工艺/纽约钟表学会工坊,纽约钟表学会工坊,Horological Society of New York,做「纽约钟表学会工坊」的同好圈。,纽约钟表学会工坊|Horological|Society|of|New|York|行会残存与乡土工艺,https://hs-ny.org/
手作与工艺/行会残存与乡土工艺/美国彩绘玻璃协会,美国彩绘玻璃协会,Stained Glass Association of America,做「美国彩绘玻璃协会」的同好圈。,美国彩绘玻璃协会|Stained|Glass|Association|of|America|行会残存与乡土工艺,https://stainedglass.org/
手作与工艺/行会残存与乡土工艺/英国彩绘玻璃大师协会,英国彩绘玻璃大师协会,British Society of Master Glass Painters,做「英国彩绘玻璃大师协会」的同好圈。,英国彩绘玻璃大师协会|British|Society|of|Master|Glass|Painters|行会残存与乡土工艺,https://www.bsmgp.org.uk/
手作与工艺/行会残存与乡土工艺/英国装帧协会SoB,英国装帧协会SoB,Society of Bookbinders,做「英国装帧协会SoB」的同好圈。,英国装帧协会SoB|SoB|Society|of|Bookbinders|行会残存与乡土工艺,https://www.societyofbookbinders.com/
手作与工艺/行会残存与乡土工艺/英国钟表学院修表实践,英国钟表学院修表实践,British Horological Institute,做「英国钟表学院修表实践」的同好圈。,英国钟表学院修表实践|British|Horological|Institute|行会残存与乡土工艺,https://bhi.co.uk/
手作与工艺/行会残存与乡土工艺/西北原住民篮编协会,西北原住民篮编协会,Northwest Native American Basketweavers Association,做「西北原住民篮编协会」的同好圈。,西北原住民篮编协会|Northwest|Native|American|Basketweavers|Association|行会残存与乡土工艺,https://www.nnaba.net/
手作与工艺/角骨羽壳工艺/因纽特Kamik缝制,因纽特Kamik缝制,Inuit kamik / sealskin sewing,做「因纽特Kamik缝制」的同好圈。,因纽特Kamik缝制|Kamik|Inuit|kamik|sealskin|sewing|角骨羽壳工艺,https://ilitaqsiniq.ca/our-programs/program-catalogue/sewing-and-cultural-industries/
手作与工艺/角骨羽壳工艺/夏威夷羽作Hulu,夏威夷羽作Hulu,Hawaiian featherwork (hulu),做「夏威夷羽作Hulu」的同好圈。,夏威夷羽作Hulu|Hulu|Hawaiian|featherwork|hulu|角骨羽壳工艺,https://www.bishopmuseum.org/calendar/living-culture-workshop-series/
手作与工艺/角骨羽壳工艺/船民Scrimshaw,船民Scrimshaw,Scrimshaw craft practice,做「船民Scrimshaw」的同好圈。,船民Scrimshaw|Scrimshaw|craft|practice|角骨羽壳工艺,https://www.cshwhalingmuseum.org/adult-groups.html
手作与工艺/金属与刃物/历史复活金属/块炼铁复原炉,块炼铁复原炉,Bloomery Iron Revival Furnaces,做「块炼铁复原炉」的同好圈。,块炼铁复原炉|Bloomery|Iron|Revival|Furnaces|金属与刃物|历史复活金属,https://en.wikipedia.org/wiki/Bloomery
手作与工艺/金属与刃物/大马士革钢花纹焊业余,大马士革钢花纹焊业余,Damascus Pattern-weld Hobby,做「大马士革钢花纹焊业余」的同好圈。,大马士革钢花纹焊业余|Damascus|Pattern-weld|金属与刃物,
手作与工艺/金属与刃物/日本玉钢锻刀体验工坊,日本玉钢锻刀体验工坊,Japanese Tamahagane Forging Workshops,做「日本玉钢锻刀体验工坊」的同好圈。,日本玉钢锻刀体验工坊|Japanese|Tamahagane|Forging|Workshops|金属与刃物,
手作与工艺/金属与刃物/行会残存金属/乌银Niello镶嵌,乌银Niello镶嵌,Niello Inlay Metalwork,做「乌银Niello镶嵌」的同好圈。,乌银Niello镶嵌|Niello|Inlay|Metalwork|金属与刃物|行会残存金属,https://en.wikipedia.org/wiki/Niello
手作与工艺/金属与刃物/行会残存金属/日本玉钢tatara业余观摩,日本玉钢tatara业余观摩,Tatara Tamahagane Observation Circles,做「日本玉钢tatara业余观摩」的同好圈。,日本玉钢tatara业余观摩|tatara|Tatara|Tamahagane|Observation|Circles|金属与刃物|行会残存金属,https://en.wikipedia.org/wiki/Tatara_(furnace)
手作与工艺/金属与刃物/行会残存金属/景泰蓝掐丝珐琅,景泰蓝掐丝珐琅,Cloisonné Enamel Wirework,做「景泰蓝掐丝珐琅」的同好圈。,景泰蓝掐丝珐琅|Cloisonn|Enamel|Wirework|金属与刃物|行会残存金属,https://en.wikipedia.org/wiki/Cloisonn%C3%A9
手作与工艺/金属与刃物/行会残存金属/金工錾花Chasing,金工錾花Chasing,Chasing and Repoussé Metalwork,做「金工錾花Chasing」的同好圈。,金工錾花Chasing|Chasing|Repouss|Metalwork|金属与刃物|行会残存金属,https://en.wikipedia.org/wiki/Repouss%C3%A9_and_chasing
手作与工艺/金属与刃物/行会残存金属/锡镴Pewter旋压,锡镴Pewter旋压,Pewter Spinning and Casting,做「锡镴Pewter旋压」的同好圈。,锡镴Pewter旋压|Pewter|Spinning|Casting|金属与刃物|行会残存金属,https://en.wikipedia.org/wiki/Pewter
手作与工艺/金属与刃物/锻造与铁艺/ABS刀匠,ABS 刃匠 / 刀剑锻造,ABS Bladesmithing,做「ABS 刃匠 / 刀剑锻造」的同好圈。,ABS 刃匠 / 刀剑锻造|ABS|Bladesmithing|金属与刃物|锻造与铁艺,https://www.americanbladesmith.org/
手作与工艺/金属与刃物/锻造与铁艺/艺术铁匠,艺术铁匠 / 锻造雕塑,Artistic Blacksmithing,做「艺术铁匠 / 锻造雕塑」的同好圈。,艺术铁匠 / 锻造雕塑|Artistic|Blacksmithing|金属与刃物|锻造与铁艺,https://www.abana.org/
手作与工艺/金属与刃物/飞蝇绑饵,飞蝇绑饵（Fly Tying）,Fly Tying,做「飞蝇绑饵（Fly Tying）」（Fly Tying）。,飞蝇绑饵（Fly Tying）|Fly|Tying|金属与刃物|飞蝇绑饵,https://www.flyfishersinternational.org/
手作与工艺/金属丝/日本水引Mizuhiki,日本水引Mizuhiki,Mizuhiki Knotted Cord,做「日本水引Mizuhiki」的同好圈。,日本水引Mizuhiki|Mizuhiki|Knotted|Cord|金属丝,https://en.wikipedia.org/wiki/Mizuhiki
手作与工艺/金属丝/金银细丝Filigree,金银细丝Filigree,Filigree Metalwork,做「金银细丝Filigree」的同好圈。,金银细丝Filigree|Filigree|Metalwork|金属丝,https://en.wikipedia.org/wiki/Filigree
手作与工艺/金属镶嵌与木细工/寄木细工Yosegi,寄木细工Yosegi,Yosegi-zaiku,做「寄木细工Yosegi」（Yosegi-zaiku）。,寄木细工Yosegi|Yosegi|Yosegi-zaiku|金属镶嵌与木细工,https://en.wikipedia.org/wiki/Yosegi
手作与工艺/金属镶嵌与木细工/开窗珐琅Plique,开窗珐琅Plique,Plique-à-jour,做「开窗珐琅Plique」（Plique-à-jour）。,开窗珐琅Plique|Plique|Plique-|jour|金属镶嵌与木细工,https://en.wikipedia.org/wiki/Plique-%C3%A0-jour
手作与工艺/金属镶嵌与木细工/托莱多嵌金,托莱多嵌金,Toledo Damascening,做「托莱多嵌金」（Toledo Damascening）。,托莱多嵌金|Toledo|Damascening|金属镶嵌与木细工,https://en.wikipedia.org/wiki/Damascening
手作与工艺/金属镶嵌与木细工/木目金,木目金,Mokume-gane,做「木目金」（Mokume-gane）。,木目金|Mokume-gane|金属镶嵌与木细工,https://en.wikipedia.org/wiki/Mokume-gane
手作与工艺/金属镶嵌与木细工/比德里合金,比德里合金,Bidriware,做「比德里合金」（Bidriware）。,比德里合金|Bidriware|金属镶嵌与木细工,https://en.wikipedia.org/wiki/Bidriware
手作与工艺/金属镶嵌与木细工/江户切子,江户切子,Edo Kiriko,做「江户切子」（Edo Kiriko）。,江户切子|Edo|Kiriko|金属镶嵌与木细工,https://en.wikipedia.org/wiki/Edo_kiriko
手作与工艺/金属镶嵌与木细工/波斯细木嵌Khatam,波斯细木嵌Khatam,Khatamkari,做「波斯细木嵌Khatam」（Khatamkari）。,波斯细木嵌Khatam|Khatam|Khatamkari|金属镶嵌与木细工,https://en.wikipedia.org/wiki/Khatam
手作与工艺/金属镶嵌与木细工/组子Kumiko,组子Kumiko,Kumiko,做「组子Kumiko」（Kumiko）。,组子Kumiko|Kumiko|金属镶嵌与木细工,https://en.wikipedia.org/wiki/Kumiko_(woodworking)
手作与工艺/韧皮草编与树皮布/库巴拉菲亚织,库巴拉菲亚织,Kuba Raffia Textiles,做「库巴拉菲亚织」（Kuba Raffia Textiles）。,库巴拉菲亚织|Kuba|Raffia|Textiles|韧皮草编与树皮布,https://en.wikipedia.org/wiki/Kuba_textiles
手作与工艺/韧皮草编与树皮布/特纳拉克Tnalak,特纳拉克Tnalak,T'nalak Weaving,做「特纳拉克Tnalak」（T'nalak Weaving）。,特纳拉克Tnalak|Tnalak|nalak|Weaving|韧皮草编与树皮布,https://en.wikipedia.org/wiki/T%27nalak
手作与工艺/韧皮草编与树皮布/露兜叶编Lauhala,露兜叶编Lauhala,Lauhala Weaving,做「露兜叶编Lauhala」（Lauhala Weaving）。,露兜叶编Lauhala|Lauhala|Weaving|韧皮草编与树皮布,https://en.wikipedia.org/wiki/Lauhala
摄影影像/古典感光工艺/铁盐与银盐工艺/日影超长曝光,日影超长曝光,Solargraphy Pinhole Exposures,拍「日影超长曝光」的同好圈。,日影超长曝光|Solargraphy|Pinhole|Exposures|古典感光工艺|铁盐与银盐工艺,https://en.wikipedia.org/wiki/Solarigraphy
摄影影像/古典感光工艺/铁盐与银盐工艺/树胶重铬酸盐,树胶重铬酸盐,Gum Bichromate Printers,拍「树胶重铬酸盐」的同好圈。,树胶重铬酸盐|Gum|Bichromate|Printers|古典感光工艺|铁盐与银盐工艺,https://en.wikipedia.org/wiki/Gum_bichromate
摄影影像/古典感光工艺/铁盐与银盐工艺/溴油bromoil工艺,溴油bromoil工艺,Bromoil Process Printers,拍「溴油bromoil工艺」的同好圈。,溴油bromoil工艺|bromoil|Bromoil|Process|Printers|古典感光工艺|铁盐与银盐工艺,https://en.wikipedia.org/wiki/Bromoil_process
摄影影像/器材与技法/古典与针孔印相/针孔摄影日,针孔摄影日,Worldwide Pinhole Photography Day,拍「针孔摄影日」的同好圈。,针孔摄影日|Worldwide|Pinhole|Photography|Day|器材与技法|古典与针孔印相,https://pinholeday.org/
摄影影像/器材与技法/古典感光工艺/湿版火棉胶摄影,湿版火棉胶摄影,Wet Plate Collodion Photography,拍「湿版火棉胶摄影」的同好圈。,湿版火棉胶摄影|Wet|Plate|Collodion|Photography|器材与技法|古典感光工艺,https://collodion.com/
摄影影像/器材与技法/古典感光工艺/达盖尔银版摄影社群,达盖尔银版摄影社群,Daguerreotype Practice Community,拍「达盖尔银版摄影社群」的同好圈。,达盖尔银版摄影社群|Daguerreotype|Practice|Community|器材与技法|古典感光工艺,https://daguerre.org/
摄影影像/器材与技法/古典感光材料工艺/凡戴克棕印,凡戴克棕印,Van Dyke Brown,拍「凡戴克棕印」（Van Dyke Brown）。,凡戴克棕印|Van|Dyke|Brown|器材与技法|古典感光材料工艺,https://en.wikipedia.org/wiki/Van_Dyke_brown
摄影影像/器材与技法/古典感光材料工艺/植物显影Anthotype,植物显影Anthotype,Anthotype,拍「植物显影Anthotype」（Anthotype）。,植物显影Anthotype|Anthotype|器材与技法|古典感光材料工艺,https://en.wikipedia.org/wiki/Anthotype
摄影影像/器材与技法/古典感光材料工艺/盐纸印相,盐纸印相,Salt Print,拍「盐纸印相」（Salt Print）。,盐纸印相|Salt|Print|器材与技法|古典感光材料工艺,https://en.wikipedia.org/wiki/Salt_print
摄影影像/器材与技法/古典感光材料工艺/腐蚀漂白Mordancage,腐蚀漂白Mordancage,Mordançage,拍「腐蚀漂白Mordancage」（Mordançage）。,腐蚀漂白Mordancage|Mordancage|Mordan|age|器材与技法|古典感光材料工艺,https://en.wikipedia.org/wiki/Mordancage
摄影影像/器材与技法/古典感光材料工艺/铁版邻项Ferrotype化学,铁版邻项Ferrotype化学,Ferrotype Plate Chemistry,拍「铁版邻项Ferrotype化学」的同好圈。,铁版邻项Ferrotype化学|Ferrotype|Plate|Chemistry|器材与技法|古典感光材料工艺,https://en.wikipedia.org/wiki/Ferrotype
摄影影像/器材与技法/古典感光材料工艺/锡版照相Tintype,锡版照相Tintype,Tintype Ferrotype,拍「锡版照相Tintype」的同好圈。,锡版照相Tintype|Tintype|Ferrotype|器材与技法|古典感光材料工艺,https://en.wikipedia.org/wiki/Tintype
摄影影像/器材与技法/固定绳攀登摄影,固定绳攀登摄影,Fixed-rope climbing photography,拍「固定绳攀登摄影」的同好圈。,固定绳攀登摄影|Fixed-rope|climbing|photography|器材与技法,https://americanalpineclub.org/news/2024/5/2/connect-inside-the-life-of-a-climbing-photographer
摄影影像/器材与技法/夜间定向摄影记录,夜间定向摄影记录,Night-orienteering photography,拍「夜间定向摄影记录」的同好圈。,夜间定向摄影记录|Night-orienteering|photography|器材与技法,https://orienteering.sport/
摄影影像/器材与技法/摄影协会月赛点评夜,摄影协会月赛点评夜,Camera Club Monthly Critique Night,拍「摄影协会月赛点评夜」的同好圈。,摄影协会月赛点评夜|Camera|Monthly|Critique|Night|器材与技法,https://en.wikipedia.org/wiki/Camera_club
摄影影像/器材与技法/材料感光反/蛋白印相业余,蛋白印相业余,Albumen Print Practice,拍「蛋白印相业余」的同好圈。,蛋白印相业余|Albumen|Print|Practice|器材与技法|材料感光反,https://en.wikipedia.org/wiki/Albumen_print
摄影影像/器材与技法/材料感光实验/树胶油画感光,树胶油画感光,Oil-print Photographic Process,拍「树胶油画感光」的同好圈。,树胶油画感光|Oil-print|Photographic|Process|器材与技法|材料感光实验,https://en.wikipedia.org/wiki/Oil_print_process
摄影影像/器材与技法/材料感光实验/碳印CarbonTransfer,碳印CarbonTransfer,Carbon Transfer Printing,拍「碳印CarbonTransfer」的同好圈。,碳印CarbonTransfer|CarbonTransfer|Carbon|Transfer|Printing|器材与技法|材料感光实验,https://en.wikipedia.org/wiki/Carbon_print
摄影影像/器材与技法/欧美摄影学会/美国摄影学会PSA,美国摄影学会PSA,Photographic Society of America,拍「美国摄影学会PSA」的同好圈。,美国摄影学会PSA|PSA|Photographic|Society|of|America|器材与技法|欧美摄影学会,https://psa-photo.org/
摄影影像/器材与技法/欧美摄影学会/英国摄影收藏家俱乐部,英国摄影收藏家俱乐部,Photographic Collectors Club of GB,拍「英国摄影收藏家俱乐部」的同好圈。,英国摄影收藏家俱乐部|Photographic|Collectors|of|GB|器材与技法|欧美摄影学会,https://www.pccgb.com/
摄影影像/器材与技法/测光传习/区域曝光ZoneSystem,区域曝光ZoneSystem,Zone System Exposure Circles,拍「区域曝光ZoneSystem」的同好圈。,区域曝光ZoneSystem|ZoneSystem|Zone|System|Exposure|Circles|器材与技法|测光传习,https://en.wikipedia.org/wiki/Zone_System
摄影影像/器材与技法/立体与乐模光学/NSA立体摄影,NSA立体摄影,NSA Stereoscopy,拍「NSA立体摄影」（NSA Stereoscopy）。,NSA立体摄影|NSA|Stereoscopy|器材与技法|立体与乐模光学,https://stereoworld.org/
摄影影像/器材与技法/红外胶片摄影实践,红外胶片摄影实践,Infrared Film Photography,拍「红外胶片摄影实践」的同好圈。,红外胶片摄影实践|Infrared|Film|Photography|器材与技法,https://en.wikipedia.org/wiki/Infrared_photography
摄影影像/器材与技法/被误认为实验室/针孔相机自制,针孔相机自制,Pinhole Camera Building Clubs,拍「针孔相机自制」的同好圈。,针孔相机自制|Pinhole|Camera|Building|Clubs|器材与技法|被误认为实验室,https://en.wikipedia.org/wiki/Pinhole_camera
摄影影像/器材与技法/认证路径影/RPS皇家摄影协会勋衔,RPS皇家摄影协会勋衔,RPS Distinction Pathway,拍「RPS皇家摄影协会勋衔」的同好圈。,RPS皇家摄影协会勋衔|RPS|Distinction|Pathway|器材与技法|认证路径影,https://en.wikipedia.org/wiki/Royal_Photographic_Society
摄影影像/器材与技法/针孔摄影鞋盒社,针孔摄影鞋盒社,Shoebox Pinhole Camera Clubs,拍「针孔摄影鞋盒社」的同好圈。,针孔摄影鞋盒社|Shoebox|Pinhole|Camera|Clubs|器材与技法,
摄影影像/器材与技法/高角度绳索摄影,高角度绳索摄影,High-angle Rope Access Photography,拍「高角度绳索摄影」的同好圈。,高角度绳索摄影|High-angle|Rope|Access|Photography|器材与技法,https://www.theuiaa.org/safety/
摄影影像/地方摄影社与替代工艺/加拿大摄影史学会,加拿大摄影史学会PHSC,Photographic Historical Society of Canada,拍「加拿大摄影史学会PHSC」的同好圈。,加拿大摄影史学会PHSC|PHSC|Photographic|Historical|Society|of|Canada|地方摄影社与替代工艺,https://phsc.ca/
摄影影像/地方摄影社与替代工艺/英国幻灯学会,英国幻灯学会,The Magic Lantern Society,拍「英国幻灯学会」的同好圈。,英国幻灯学会|Magic|Lantern|Society|地方摄影社与替代工艺,https://www.magiclantern.org.uk/
摄影影像/地方摄影社与替代工艺/风筝航拍KAP,风筝航拍KAP实践,Kite Aerial Photography,拍「风筝航拍KAP实践」的同好圈。,风筝航拍KAP实践|KAP|Kite|Aerial|Photography|地方摄影社与替代工艺|风筝航拍KAP,https://en.wikipedia.org/wiki/Kite_aerial_photography
摄影影像/极限题材摄影/UIS洞穴影像交流,UIS洞穴影像交流,UIS Speleo Imaging Exchange,拍「UIS洞穴影像交流」的同好圈。,UIS洞穴影像交流|UIS|Speleo|Imaging|Exchange|极限题材摄影,https://www.uis-speleo.org/
摄影影像/极限题材摄影/航空运动摄影,航空运动摄影,Air Sports Photography,拍「航空运动摄影」的同好圈。,航空运动摄影|Air|Sports|Photography|极限题材摄影,https://www.fai.org/commission/civa
摄影影像/社群影像与传统工艺/蓝晒Cyanotype实践圈,蓝晒Cyanotype实践圈,Cyanotype Practice Circles,拍「蓝晒Cyanotype实践圈」的同好圈。,蓝晒Cyanotype实践圈|Cyanotype|Practice|Circles|社群影像与传统工艺,https://en.wikipedia.org/wiki/Cyanotype
摄影影像/社群影像与传统工艺/铂钯印相工作室社群,铂钯印相工作室社群,Platinum Palladium Print Workshops,拍「铂钯印相工作室社群」的同好圈。,铂钯印相工作室社群|Platinum|Palladium|Print|Workshops|社群影像与传统工艺,https://en.wikipedia.org/wiki/Platinum_print
摄影影像/社群身份影像实践/Autograph黑人影像社群,Autograph黑人影像社群,Autograph ABP,拍「Autograph黑人影像社群」的同好圈。,Autograph黑人影像社群|Autograph|ABP|社群身份影像实践,https://autograph.org.uk/
摄影影像/社群身份影像实践/En Foco拉丁裔摄影社群,En Foco拉丁裔摄影社群,En Foco Latino Photography Community,拍「En Foco拉丁裔摄影社群」的同好圈。,En Foco拉丁裔摄影社群|En|Foco|Latino|Photography|Community|社群身份影像实践,https://enfoco.org/
摄影影像/社群身份影像实践/Film Shooters Collective胶片社,Film Shooters Collective胶片社,Film Shooters Collective,拍「Film Shooters Collective胶片社」的同好圈。,Film Shooters Collective胶片社|Film|Shooters|Collective|社群身份影像实践,https://filmshooterscollective.com/
摄影影像/社群身份影像实践/Kamoinge黑人摄影工作坊,Kamoinge黑人摄影工作坊,Kamoinge Workshop,拍「Kamoinge黑人摄影工作坊」的同好圈。,Kamoinge黑人摄影工作坊|Kamoinge|Workshop|社群身份影像实践,https://www.kamoinge.com/
摄影影像/视频与剪辑/攀岩纪录片制作工艺,攀岩纪录片制作工艺,Climbing Documentary Craft,拍「攀岩纪录片制作工艺」的同好圈。,攀岩纪录片制作工艺|Climbing|Documentary|Craft|视频与剪辑,https://www.senderfilms.com/about
摄影影像/视频与剪辑/胶片冲洗暗房,胶片冲洗暗房,Film Developing & Darkroom,拍「胶片冲洗暗房」的同好圈。,胶片冲洗暗房|Film|Developing|Darkroom|视频与剪辑,https://en.wikipedia.org/wiki/Darkroom
摄影影像/视频与剪辑/节庆纪录片志愿摄制组,节庆纪录片志愿摄制组,Community Festival Doc Volunteer Crew,拍「节庆纪录片志愿摄制组」的同好圈。,节庆纪录片志愿摄制组|Community|Festival|Doc|Volunteer|Crew|视频与剪辑,https://en.wikipedia.org/wiki/Documentary_film
摄影影像/过时工艺/安布罗版Ambrotype,安布罗版Ambrotype,Ambrotype Wet-collodion Positives,拍「安布罗版Ambrotype」的同好圈。,安布罗版Ambrotype|Ambrotype|Wet-collodion|Positives|过时工艺,https://en.wikipedia.org/wiki/Ambrotype
摄影影像/题材专项/CMAS水下摄影竞赛,CMAS水下摄影竞赛,CMAS underwater photography competition,拍「CMAS水下摄影竞赛」的同好圈。,CMAS水下摄影竞赛|CMAS|underwater|photography|competition|题材专项,https://www.cmas.org/visual/how-to-regulations.html
摄影影像/题材专项/Chobi Mela摄影节参与,Chobi Mela摄影节参与,Chobi Mela Photography Festival Participation,拍「Chobi Mela摄影节参与」的同好圈。,Chobi Mela摄影节参与|Chobi|Mela|Photography|Festival|Participation|题材专项,https://chobimela.org/
摄影影像/题材专项/FIAP摄影双年展参赛,FIAP摄影双年展参赛,FIAP Biennials Participation,拍「FIAP摄影双年展参赛」的同好圈。,FIAP摄影双年展参赛|FIAP|Biennials|Participation|题材专项,https://www.fiap.net/en/biennials
摄影影像/题材专项/LagosPhoto摄影节参与,LagosPhoto摄影节参与,LagosPhoto Festival Participation,拍「LagosPhoto摄影节参与」的同好圈。,LagosPhoto摄影节参与|LagosPhoto|Festival|Participation|题材专项,https://www.lagosphotofestival.com/
摄影影像/题材专项/NSS洞穴摄影沙龙,NSS洞穴摄影沙龙,NSS Photo Salon,拍「NSS洞穴摄影沙龙」（NSS Photo Salon）。,NSS洞穴摄影沙龙|NSS|Photo|Salon|题材专项,https://caves.org/salons/
摄影影像/题材专项/PSA摄影节交流,PSA摄影节交流,PSA Photo Festival Participation,拍「PSA摄影节交流」的同好圈。,PSA摄影节交流|PSA|Photo|Festival|Participation|题材专项,https://psa-photo.org/page/photo-festival
摄影影像/题材专项/Photo Kathmandu影像节参与,Photo Kathmandu影像节参与,Photo Kathmandu Festival Participation,拍「Photo Kathmandu影像节参与」的同好圈。,Photo Kathmandu影像节参与|Photo|Kathmandu|Festival|Participation|题材专项,https://photoktm.com/
摄影影像/题材专项/Rencontres de Bamako摄影双年展参与,Rencontres de Bamako摄影双年展参与,Bamako Encounters Biennale Participation,拍「Rencontres de Bamako摄影双年展参与」的同好圈。,Rencontres de Bamako摄影双年展参与|Rencontres|de|Bamako|Encounters|Biennale|Participation|题材专项,https://rencontresbamakophoto.org/en/pages/presentation/
摄影影像/题材专项/Wiki Loves Africa仪式摄影赛,Wiki Loves Africa仪式摄影赛,Wiki Loves Africa Rites and Rituals Contest,拍「Wiki Loves Africa仪式摄影赛」的同好圈。,Wiki Loves Africa仪式摄影赛|Wiki|Loves|Africa|Rites|Rituals|Contest|题材专项,https://commons.wikimedia.org/wiki/Commons:Wiki_Loves_Africa_2026
摄影影像/题材专项/Wiki Loves Earth自然遗产摄影赛,Wiki Loves Earth自然遗产摄影赛,Wiki Loves Earth Photography Contest,拍「Wiki Loves Earth自然遗产摄影赛」的同好圈。,Wiki Loves Earth自然遗产摄影赛|Wiki|Loves|Earth|Photography|Contest|题材专项,https://commons.wikimedia.org/wiki/Commons:Wiki_Loves_Earth_2026/en
摄影影像/题材专项/Wiki Loves Folklore民俗摄影赛,Wiki Loves Folklore民俗摄影赛,Wiki Loves Folklore Photography Contest,拍「Wiki Loves Folklore民俗摄影赛」的同好圈。,Wiki Loves Folklore民俗摄影赛|Wiki|Loves|Folklore|Photography|Contest|题材专项,https://commons.wikimedia.org/wiki/Commons:Wiki_Loves_Folklore_2026
摄影影像/题材专项/Wiki Loves Food食俗摄影赛,Wiki Loves Food食俗摄影赛,Wiki Loves Food Photography Contest,拍「Wiki Loves Food食俗摄影赛」的同好圈。,Wiki Loves Food食俗摄影赛|Wiki|Loves|Food|Photography|Contest|题材专项,https://commons.wikimedia.org/wiki/Commons:Wiki_Loves_Food_2026
摄影影像/题材专项/Wiki Loves Monuments遗产摄影赛,Wiki Loves Monuments遗产摄影赛,Wiki Loves Monuments Photography Contest,拍「Wiki Loves Monuments遗产摄影赛」的同好圈。,Wiki Loves Monuments遗产摄影赛|Wiki|Loves|Monuments|Photography|Contest|题材专项,https://commons.wikimedia.org/wiki/Commons:Wiki_Loves_Monuments_2026
摄影影像/题材专项/Wiki Loves Ramadan节俗摄影赛,Wiki Loves Ramadan节俗摄影赛,Wiki Loves Ramadan Photography Contest,拍「Wiki Loves Ramadan节俗摄影赛」的同好圈。,Wiki Loves Ramadan节俗摄影赛|Wiki|Loves|Ramadan|Photography|Contest|题材专项,https://meta.wikimedia.org/wiki/Wiki_Loves_Ramadan_2026
摄影影像/题材专项/世界摄影日同题快闪,世界摄影日同题快闪,World Photography Day Global Shootouts,拍「世界摄影日同题快闪」的同好圈。,世界摄影日同题快闪|World|Photography|Day|Global|Shootouts|题材专项,https://www.worldphotographyday.com/
摄影影像/题材专项/亡灵节祭坛纪实摄影社,亡灵节祭坛纪实摄影社,Dia de Muertos Ofrenda Photo Collective,拍「亡灵节祭坛纪实摄影社」的同好圈。,亡灵节祭坛纪实摄影社|Dia|de|Muertos|Ofrenda|Photo|Collective|题材专项,https://en.wikipedia.org/wiki/Day_of_the_Dead
摄影影像/题材专项/光绘摄影节社群,光绘摄影节社群,Light Painting Night Festival Communities,拍「光绘摄影节社群」的同好圈。,光绘摄影节社群|Light|Painting|Night|Festival|Communities|题材专项,https://en.wikipedia.org/wiki/Light_painting
摄影影像/题材专项/冰攀摄影,冰攀摄影,Ice-climbing photography,拍「冰攀摄影」的同好圈。,冰攀摄影|Ice-climbing|photography|题材专项,https://iceclimbing.sport/
摄影影像/题材专项/冲浪水中摄影,冲浪水中摄影,Surf water photography,拍「冲浪水中摄影」的同好圈。,冲浪水中摄影|Surf|water|photography|题材专项,https://www.isasurf.org/
摄影影像/题材专项/北美自然摄影师协会NANPA,北美自然摄影师协会NANPA,North American Nature Photography Association,拍「北美自然摄影师协会NANPA」的同好圈。,北美自然摄影师协会NANPA|NANPA|North|American|Nature|Photography|Association|题材专项,https://www.nanpa.org/
摄影影像/题材专项/吴哥摄影节工作坊参与,吴哥摄影节工作坊参与,Angkor Photo Festival Participation,拍「吴哥摄影节工作坊参与」的同好圈。,吴哥摄影节工作坊参与|Angkor|Photo|Festival|Participation|题材专项,https://angkor-photo.com/
摄影影像/题材专项/山地探险静物摄影,山地探险静物摄影,Alpine Adventure Still Photography,拍「山地探险静物摄影」的同好圈。,山地探险静物摄影|Alpine|Adventure|Still|Photography|题材专项,https://americanalpineclub.org/
摄影影像/题材专项/新加坡国际摄影节参与,新加坡国际摄影节参与,Singapore International Photography Festival Participation,拍「新加坡国际摄影节参与」的同好圈。,新加坡国际摄影节参与|Singapore|International|Photography|Festival|Participation|题材专项,https://sipf.sg/
摄影影像/题材专项/极光季节追逐摄影团,极光季节追逐摄影团,Aurora Chasing Seasonal Photo Clubs,拍「极光季节追逐摄影团」的同好圈。,极光季节追逐摄影团|Aurora|Chasing|Seasonal|Photo|Clubs|题材专项,https://en.wikipedia.org/wiki/Aurora
摄影影像/题材专项/极限运动静物摄影,极限运动静物摄影,Red Bull Illume,拍「极限运动静物摄影」（Red Bull Illume）。,极限运动静物摄影|Red|Bull|Illume|题材专项,https://www.redbullillume.com/
摄影影像/题材专项/水下与洞穴影像/水下摄影社群,水下摄影社群,Underwater Photography,拍「水下摄影社群」的同好圈。,水下摄影社群|Underwater|Photography|题材专项|水下与洞穴影像,https://www.uwphotographyguide.com/
摄影影像/题材专项/浪区水中摄影,浪区水中摄影,In-water surf photography,拍「浪区水中摄影」的同好圈。,浪区水中摄影|In-water|surf|photography|题材专项,https://isasurf.org/through-their-lens-get-to-know-3-photographers-behind-isa-imagery/
摄影影像/题材专项/深水抱石摄影,深水抱石摄影,Deep-water solo photography,拍「深水抱石摄影」的同好圈。,深水抱石摄影|Deep-water|solo|photography|题材专项,https://en.wikipedia.org/wiki/Deep-water_soloing
摄影影像/题材专项/翼装与跳伞摄影,翼装与跳伞摄影,Skydiving and wingsuit photography,拍「翼装与跳伞摄影」的同好圈。,翼装与跳伞摄影|Skydiving|wingsuit|photography|题材专项,https://www.fai.org/commission/isc
摄影影像/题材专项/胶片实验与替代工艺/乐摩LOMO实践,乐摩LOMO实践,Lomography,拍「乐摩LOMO实践」（Lomography）。,乐摩LOMO实践|LOMO|Lomography|题材专项|胶片实验与替代工艺,https://www.lomography.com/
摄影影像/题材专项/自由潜水摄影,自由潜水摄影,Freediving photography,拍「自由潜水摄影」的同好圈。,自由潜水摄影|Freediving|photography|题材专项,https://www.cmas.org/visual-events.html
摄影影像/题材专项/节庆摄影节志愿导引,节庆摄影节志愿导引,Festival of Photography Volunteer Guiding,拍「节庆摄影节志愿导引」的同好圈。,节庆摄影节志愿导引|Festival|of|Photography|Volunteer|Guiding|题材专项,https://en.wikipedia.org/wiki/Photography_festival
摄影影像/题材专项/花灯节夜间纪实队,花灯节夜间纪实队,Lantern Festival Night Documentary Crews,拍「花灯节夜间纪实队」的同好圈。,花灯节夜间纪实队|Lantern|Festival|Night|Documentary|Crews|题材专项,https://en.wikipedia.org/wiki/Lantern_Festival
摄影影像/题材专项/荧光矿物紫外摄影,荧光矿物紫外摄影,Fluorescent Mineral UV Photography,拍「荧光矿物紫外摄影」的同好圈。,荧光矿物紫外摄影|Fluorescent|Mineral|UV|Photography|题材专项,https://uvminerals.org/publications/
摄影影像/题材专项/被误认为侦探的光/基尔利安电晕摄影,基尔利安电晕摄影,Kirlian Corona Photography,拍「基尔利安电晕摄影」的同好圈。,基尔利安电晕摄影|Kirlian|Corona|Photography|题材专项|被误认为侦探的光,https://en.wikipedia.org/wiki/Kirlian_photography
摄影影像/题材专项/被误认为侦探的光/施利伦气流摄影,施利伦气流摄影,Schlieren Airflow Photography,拍「施利伦气流摄影」的同好圈。,施利伦气流摄影|Schlieren|Airflow|Photography|题材专项|被误认为侦探的光,https://en.wikipedia.org/wiki/Schlieren_photography
摄影影像/题材专项/野生动物田野录音,野生动物田野录音,Wildlife field recording,拍「野生动物田野录音」的同好圈。,野生动物田野录音|Wildlife|field|recording|题材专项,https://www.wildlife-sound.org/
收藏/交通机械/加拿大古董雪地摩托俱乐部,加拿大古董雪地摩托修复圈,Antique & Classic Snowmobile Club of Canada,藏「加拿大古董雪地摩托修复圈」的同好圈。,加拿大古董雪地摩托修复圈|Antique|Classic|Snowmobile|of|Canada|交通机械|加拿大古董雪地摩托俱乐部,https://ised-isde.canada.ca/cc/lgcy/fdrlCrpDtls.html?corpId=2853183
收藏/卡牌与周边/实体介质与周边收藏/卡带收藏,卡带与磁带交易圈,Cassette Tape Collecting,藏「卡带与磁带交易圈」的同好圈。,卡带与磁带交易圈|Cassette|Tape|Collecting|卡牌与周边|实体介质与周边收藏,https://en.wikipedia.org/wiki/Cassette_culture
收藏/卡牌与周边/实体介质与周边收藏/变形金刚玩具考据,变形金刚玩具考据收藏,Transformers Toy Collecting,藏「变形金刚玩具考据收藏」的同好圈。,变形金刚玩具考据收藏|Transformers|Toy|Collecting|卡牌与周边|实体介质与周边收藏,https://tfwiki.net/
收藏/卡牌与周边/实体介质与周边收藏/同人音声CD,同人音声与广播剧CD收藏,Doujin Drama CD Collecting,藏「同人音声与广播剧CD收藏」的同好圈。,同人音声与广播剧CD收藏|CD|Doujin|Drama|Collecting|卡牌与周边|实体介质与周边收藏,https://www.melonbooks.co.jp/
收藏/卡牌与周边/实体介质与周边收藏/绝版CD,绝版CD收藏,Out-of-print CD Collecting,藏「绝版CD收藏」的同好圈。,绝版CD收藏|CD|Out-of-print|Collecting|卡牌与周边|实体介质与周边收藏,https://www.discogs.com/
收藏/卡牌与周边/实体介质与周边收藏/黑胶Discogs,黑胶唱片Discogs编目,Vinyl Collecting via Discogs,藏「黑胶唱片Discogs编目」的同好圈。,黑胶唱片Discogs编目|Discogs|Vinyl|Collecting|via|卡牌与周边|实体介质与周边收藏,https://www.discogs.com/
收藏/卡牌与周边/展会徽章交换典礼,展会徽章交换典礼,Convention Pin Trading Ceremony Circles,藏「展会徽章交换典礼」的同好圈。,展会徽章交换典礼|Convention|Pin|Trading|Ceremony|Circles|卡牌与周边,https://en.wikipedia.org/wiki/Pin_trading
收藏/卡牌与周边/竞技卡牌收藏/万智牌旧框收藏,万智牌旧框收藏,MTG Reserved List Collecting,藏「万智牌旧框收藏」的同好圈。,万智牌旧框收藏|MTG|Reserved|List|Collecting|卡牌与周边|竞技卡牌收藏,https://magic.wizards.com/
收藏/卡牌与周边/纸品专项/火柴盒贴标,火柴盒贴标,Phillumeny Matchbox-label Collecting,藏「火柴盒贴标」的同好圈。,火柴盒贴标|Phillumeny|Matchbox-label|Collecting|卡牌与周边|纸品专项,https://en.wikipedia.org/wiki/Phillumeny
收藏/广播史/无线电解码QSL卡片收藏,无线电解码QSL卡片收藏,QSL Card Collecting,藏「无线电解码QSL卡片收藏」的同好圈。,无线电解码QSL卡片收藏|QSL|Card|Collecting|广播史,https://en.wikipedia.org/wiki/QSL_card
收藏/广播史/矿石收音机自制与收藏,矿石收音机自制与收藏,Crystal Radio Building,藏「矿石收音机自制与收藏」的同好圈。,矿石收音机自制与收藏|Crystal|Radio|Building|广播史,https://en.wikipedia.org/wiki/Crystal_radio
收藏/文玩古董/书写与文具收藏/钢笔收藏论坛,钢笔收藏与评测论坛,Fountain Pen Collecting,藏「钢笔收藏与评测论坛」的同好圈。,钢笔收藏与评测论坛|Fountain|Pen|Collecting|文玩古董|书写与文具收藏,https://www.fountainpennetwork.com/
收藏/文玩古董/全球南器物与纺织收藏/加勒比嘉年华服装配件收藏,加勒比嘉年华服装配件收藏,Caribbean Carnival Costume Collecting,藏「加勒比嘉年华服装配件收藏」的同好圈。,加勒比嘉年华服装配件收藏|Caribbean|Carnival|Costume|Collecting|文玩古董|全球南器物与纺织收藏,https://en.wikipedia.org/wiki/Caribbean_Carnival
收藏/文玩古董/全球南器物与纺织收藏/印尼Batik布收藏考据,印尼Batik布收藏考据,Indonesian Batik Cloth Collecting,藏「印尼Batik布收藏考据」的同好圈。,印尼Batik布收藏考据|Batik|Indonesian|Cloth|Collecting|文玩古董|全球南器物与纺织收藏,https://ich.unesco.org/en/RL/indonesian-batik-00170
收藏/文玩古董/全球南器物与纺织收藏/印度细密画复制品与版画收藏,印度细密画版画收藏,Indian Miniature & Print Collecting,藏「印度细密画版画收藏」的同好圈。,印度细密画版画收藏|Indian|Miniature|Print|Collecting|文玩古董|全球南器物与纺织收藏,https://en.wikipedia.org/wiki/Mughal_painting
收藏/文玩古董/全球南器物与纺织收藏/安第斯纺织品收藏,安第斯纺织品收藏,Andean Textile Collecting,藏「安第斯纺织品收藏」的同好圈。,安第斯纺织品收藏|Andean|Textile|Collecting|文玩古董|全球南器物与纺织收藏,https://en.wikipedia.org/wiki/Andean_textiles
收藏/文玩古董/全球南器物与纺织收藏/非洲货币刀与铜棒收藏,非洲传统货币器物收藏,African Traditional Currency Object Collecting,藏「非洲传统货币器物收藏」的同好圈。,非洲传统货币器物收藏|African|Traditional|Currency|Object|Collecting|文玩古董|全球南器物与纺织收藏,https://en.wikipedia.org/wiki/Manilla_(money)
收藏/文玩古董/加拿大老式摩托车保存,加拿大老式摩托车保存,Canadian Vintage Motorcycle Group,藏「加拿大老式摩托车保存」的同好圈。,加拿大老式摩托车保存|Canadian|Vintage|Motorcycle|Group|文玩古董,https://www.cvmg.ca/AboutUs
收藏/文玩古董/历史复活器用/幻灯魔术灯操作,幻灯魔术灯操作,Magic-lantern Revival Projection,藏「幻灯魔术灯操作」的同好圈。,幻灯魔术灯操作|Magic-lantern|Revival|Projection|文玩古董|历史复活器用,https://en.wikipedia.org/wiki/Magic_lantern
收藏/文玩古董/历史复活器用/机械计算器复原操作,机械计算器复原操作,Mechanical-calculator Revival Ops,藏「机械计算器复原操作」的同好圈。,机械计算器复原操作|Mechanical-calculator|Revival|Ops|文玩古董|历史复活器用,https://en.wikipedia.org/wiki/Mechanical_calculator
收藏/文玩古董/古玩集市开市敲锣礼,古玩集市开市敲锣礼,Antiques Fair Opening Gong Ritual,藏「古玩集市开市敲锣礼」的同好圈。,古玩集市开市敲锣礼|Antiques|Fair|Opening|Gong|Ritual|文玩古董,https://en.wikipedia.org/wiki/Antiques_fair
收藏/文玩古董/嗅觉器物收藏/烟斗石楠根收藏,烟斗石楠根收藏,Briar Pipe Collecting,藏「烟斗石楠根收藏」的同好圈。,烟斗石楠根收藏|Briar|Pipe|Collecting|文玩古董|嗅觉器物收藏,https://en.wikipedia.org/wiki/Tobacco_pipe
收藏/文玩古董/嗅觉器物收藏/鼻烟壶收藏鉴赏,鼻烟壶收藏鉴赏,Snuff Bottle Collecting,藏「鼻烟壶收藏鉴赏」的同好圈。,鼻烟壶收藏鉴赏|Snuff|Bottle|Collecting|文玩古董|嗅觉器物收藏,https://en.wikipedia.org/wiki/Snuff_bottle
收藏/文玩古董/嗅觉器物收藏/鼻烟盒与鼻烟,鼻烟盒与鼻烟,Snuffbox and Snuff Collecting,藏「鼻烟盒与鼻烟」的同好圈。,鼻烟盒与鼻烟|Snuffbox|Snuff|Collecting|文玩古董|嗅觉器物收藏,https://en.wikipedia.org/wiki/Snuff_(tobacco)
收藏/文玩古董/器物与民俗小品收藏/Zippo收藏,Zippo打火机专项收藏,Zippo Collecting,藏「Zippo打火机专项收藏」的同好圈。,Zippo打火机专项收藏|Zippo|Collecting|文玩古董|器物与民俗小品收藏,https://www.zippo.com/pages/collectors-club
收藏/文玩古董/器物与民俗小品收藏/打字机收藏,打字机收藏与维修,Typewriter Collecting,藏「打字机收藏与维修」的同好圈。,打字机收藏与维修|Typewriter|Collecting|文玩古董|器物与民俗小品收藏,https://en.wikipedia.org/wiki/Typewriter
收藏/文玩古董/器物与民俗小品收藏/根付收藏,根付收藏,Netsuke Collecting,藏「根付收藏」（Netsuke Collecting）。,根付收藏|Netsuke|Collecting|文玩古董|器物与民俗小品收藏,https://en.wikipedia.org/wiki/Netsuke
收藏/文玩古董/欧美器物/舒格拉斯Shaker家具研究,舒格拉斯Shaker家具研究,Shaker Furniture Study Circles,藏「舒格拉斯Shaker家具研究」的同好圈。,舒格拉斯Shaker家具研究|Shaker|Furniture|Study|Circles|文玩古董|欧美器物,https://en.wikipedia.org/wiki/Shaker_furniture
收藏/文玩古董/欧美器物/艺术与手工艺运动家具,艺术与手工艺运动家具,Arts-and-Crafts Furniture Collectors,藏「艺术与手工艺运动家具」的同好圈。,艺术与手工艺运动家具|Arts-and-Crafts|Furniture|Collectors|文玩古董|欧美器物,https://en.wikipedia.org/wiki/Arts_and_Crafts_movement
收藏/文玩古董/经典车摩托车俱乐部/MG车主俱乐部,MG车主俱乐部,MG Car Club,藏「MG车主俱乐部」（MG Car Club）。,MG车主俱乐部|MG|Car|文玩古董|经典车摩托车俱乐部,https://www.mgcc.co.uk/
收藏/文玩古董/经典车摩托车俱乐部/英国古董运动车俱乐部,英国古董运动车俱乐部,Vintage Sports-Car Club,藏「英国古董运动车俱乐部」的同好圈。,英国古董运动车俱乐部|Vintage|Sports-Car|文玩古董|经典车摩托车俱乐部,https://www.vscc.co.uk/
收藏/文玩古董/美国纸品协会,美国纸品收藏协会,Ephemera Society of America,藏「美国纸品收藏协会」的同好圈。,美国纸品收藏协会|Ephemera|Society|of|America|文玩古董|美国纸品协会,https://www.ephemerasociety.org/
收藏/文玩古董/面具与民俗器物收藏/墨西哥自由式摔角面具,自由式摔角面具收藏,Lucha Libre Mask Collecting,藏「自由式摔角面具收藏」的同好圈。,自由式摔角面具收藏|Lucha|Libre|Mask|Collecting|文玩古董|面具与民俗器物收藏,https://en.wikipedia.org/wiki/Lucha_libre
收藏/文玩古董/香木与陨石矿物/伽罗香木收藏,伽罗香木收藏,Kyara Agarwood Collecting,藏「伽罗香木收藏」的同好圈。,伽罗香木收藏|Kyara|Agarwood|Collecting|文玩古董|香木与陨石矿物,https://en.wikipedia.org/wiki/Agarwood
收藏/服饰扣件/美国国家纽扣学会,美国国家纽扣学会,National Button Society,藏「美国国家纽扣学会」的同好圈。,美国国家纽扣学会|National|Button|Society|服饰扣件,https://nationalbuttonsociety.org/
收藏/服饰扣件/英国纽扣收藏俱乐部,英国纽扣收藏俱乐部,British Button Society,藏「英国纽扣收藏俱乐部」的同好圈。,英国纽扣收藏俱乐部|British|Button|Society|服饰扣件,https://en.wikipedia.org/wiki/Button_collecting
收藏/机械声响/八音盒滚筒打孔自制,八音盒滚筒打孔自制,Music-box Disc Punching Hobby,藏「八音盒滚筒打孔自制」的同好圈。,八音盒滚筒打孔自制|Music-box|Disc|Punching|机械声响,
收藏/机械声响/法国机械音乐器协会AAIMM,法国机械音乐器协会AAIMM,AAIMM Mechanical Music,藏「法国机械音乐器协会AAIMM」的同好圈。,法国机械音乐器协会AAIMM|AAIMM|Mechanical|Music|机械声响,https://www.aaimm.org/
收藏/机械声响/自动乐器滚筒修复,自动乐器滚筒修复实践,Mechanical Music Restoration Practice,藏「自动乐器滚筒修复实践」的同好圈。,自动乐器滚筒修复实践|Mechanical|Music|Restoration|Practice|机械声响|自动乐器滚筒修复,https://musicmecalesgets.org/en/
收藏/机械声响/自动钢琴滚筒修复,自动钢琴滚筒修复,Player Piano Roll Restoration,藏「自动钢琴滚筒修复」的同好圈。,自动钢琴滚筒修复|Player|Piano|Roll|Restoration|机械声响,https://en.wikipedia.org/wiki/Piano_roll
收藏/机械计算器/Curta计算器收藏圈,Curta计算器收藏圈,Curta Calculator Collectors,藏「Curta计算器收藏圈」的同好圈。,Curta计算器收藏圈|Curta|Calculator|Collectors|机械计算器,https://en.wikipedia.org/wiki/Curta
收藏/机械计算器/计算尺收藏会Oughtred,计算尺收藏会Oughtred,Oughtred Society Slide Rules,藏「计算尺收藏会Oughtred」的同好圈。,计算尺收藏会Oughtred|Oughtred|Society|Slide|Rules|机械计算器,https://en.wikipedia.org/wiki/Oughtred_Society
收藏/机电古董/古董缝纫机收藏修复,古董缝纫机收藏修复,Antique Sewing Machine Collecting,藏「古董缝纫机收藏修复」的同好圈。,古董缝纫机收藏修复|Antique|Sewing|Machine|Collecting|机电古董,https://en.wikipedia.org/wiki/Sewing_machine
收藏/机电古董/美国古董收音机俱乐部,美国古董收音机俱乐部,Antique Radio Club Networks USA,藏「美国古董收音机俱乐部」的同好圈。,美国古董收音机俱乐部|Antique|Radio|Networks|USA|机电古董,https://en.wikipedia.org/wiki/Antique_radio
收藏/机电古董/美国古董电扇协会AFCA,美国古董电扇协会AFCA,Antique Fan Collectors Association,藏「美国古董电扇协会AFCA」的同好圈。,美国古董电扇协会AFCA|AFCA|Antique|Fan|Collectors|Association|机电古董,https://antiquefancollectors.com/
收藏/热金属排铸/手拣铅字与字柜,手拣铅字与字柜,Hand Typesetting California Job Case,藏「手拣铅字与字柜」的同好圈。,手拣铅字与字柜|Hand|Typesetting|California|Job|Case|热金属排铸,https://en.wikipedia.org/wiki/Job_case
收藏/热金属排铸/热金属排铸机操作,热金属排铸机操作,Hot Metal Typesetting Operation,藏「热金属排铸机操作」的同好圈。,热金属排铸机操作|Hot|Metal|Typesetting|Operation|热金属排铸,https://en.wikipedia.org/wiki/Linotype_machine
收藏/矿物宝石与雅石/IMCA陨石收藏伦理实践,IMCA陨石收藏伦理实践,IMCA Meteorite Collecting,藏「IMCA陨石收藏伦理实践」的同好圈。,IMCA陨石收藏伦理实践|IMCA|Meteorite|Collecting|矿物宝石与雅石,https://imca.co/home/
收藏/矿物宝石与雅石/中国观赏石协会雅石鉴赏,中国观赏石协会雅石鉴赏,Chinese Viewing-Stone Appreciation,藏「中国观赏石协会雅石鉴赏」的同好圈。,中国观赏石协会雅石鉴赏|Chinese|Viewing-Stone|Appreciation|矿物宝石与雅石,http://www.gss.org.cn/
收藏/矿物宝石与雅石/图森宝石矿物展社群,图森宝石矿物展社群,Tucson Gem and Mineral Show Community,藏「图森宝石矿物展社群」的同好圈。,图森宝石矿物展社群|Tucson|Gem|Mineral|Show|Community|矿物宝石与雅石,https://www.tgms.org/
收藏/矿物宝石与雅石/日本水石鉴赏,日本水石鉴赏,Japanese Suiseki Appreciation,藏「日本水石鉴赏」的同好圈。,日本水石鉴赏|Japanese|Suiseki|Appreciation|矿物宝石与雅石,http://www.suiseki-assn.gr.jp/en/index.html
收藏/矿物宝石与雅石/欧洲水石协会鉴赏,欧洲水石协会鉴赏,European Suiseki Association,藏「欧洲水石协会鉴赏」的同好圈。,欧洲水石协会鉴赏|European|Suiseki|Association|矿物宝石与雅石,https://www.esasuiseki.com/
收藏/矿物宝石与雅石/美国切磨师公会宝石切面,美国切磨师公会宝石切面,US Faceters Guild Faceting,藏「美国切磨师公会宝石切面」的同好圈。,美国切磨师公会宝石切面|US|Faceters|Guild|Faceting|矿物宝石与雅石,https://usfacetersguild.org/about-us/
收藏/矿物宝石与雅石/雨花石鉴赏收藏,雨花石鉴赏收藏,Yuhua Stone Appreciation,藏「雨花石鉴赏收藏」的同好圈。,雨花石鉴赏收藏|Yuhua|Stone|Appreciation|矿物宝石与雅石,http://www.gss.org.cn/
收藏/科学仪器/航海六分仪使用俱乐部,航海六分仪使用俱乐部,Sextant Celestial Navigation Clubs,藏「航海六分仪使用俱乐部」的同好圈。,航海六分仪使用俱乐部|Sextant|Celestial|Navigation|Clubs|科学仪器,https://en.wikipedia.org/wiki/Sextant
收藏/观赏石与水石/北美雅石协会VSANA,北美雅石鉴赏,North American Viewing Stone Appreciation,藏「北美雅石鉴赏」的同好圈。,北美雅石鉴赏|North|American|Viewing|Stone|Appreciation|观赏石与水石|北美雅石协会VSANA,https://www.vsana.org/
收藏/观赏石与水石/意大利水石爱好者协会,欧洲水石爱好者实践,European Suiseki Hobby Practice,藏「欧洲水石爱好者实践」的同好圈。,欧洲水石爱好者实践|European|Suiseki|Practice|观赏石与水石|意大利水石爱好者协会,https://www.aias-suiseki.eu/
收藏/钱币邮票与徽章/专项钱币/代用币Token专社,代用币Token专社,Exonumia Token Societies,藏「代用币Token专社」的同好圈。,代用币Token专社|Token|Exonumia|Societies|钱币邮票与徽章|专项钱币,https://en.wikipedia.org/wiki/Exonumia
收藏/钱币邮票与徽章/专项钱币/紧急货币Notgeld,紧急货币Notgeld,Notgeld Emergency-money Collecting,藏「紧急货币Notgeld」的同好圈。,紧急货币Notgeld|Notgeld|Emergency-money|Collecting|钱币邮票与徽章|专项钱币,https://en.wikipedia.org/wiki/Notgeld
收藏/钱币邮票与徽章/历史复活通信/气动邮管爱好操作,气动邮管爱好操作,Pneumatic-tube Mail Hobby Ops,藏「气动邮管爱好操作」的同好圈。,气动邮管爱好操作|Pneumatic-tube|Mail|Ops|钱币邮票与徽章|历史复活通信,https://en.wikipedia.org/wiki/Pneumatic_tube
收藏/钱币邮票与徽章/地铁票卡收藏交换会,地铁票卡收藏交换会,Transit Ticket & Card Swap Meets,藏「地铁票卡收藏交换会」的同好圈。,地铁票卡收藏交换会|Transit|Ticket|Card|Swap|Meets|钱币邮票与徽章,
收藏/钱币邮票与徽章/欧美徽章会/美国军团纪念章,美国军团纪念章,American Legion Badge Collectors,藏「美国军团纪念章」的同好圈。,美国军团纪念章|American|Legion|Badge|Collectors|钱币邮票与徽章|欧美徽章会,
收藏/钱币邮票与徽章/被误认为邮局/税票Fiscal集邮,税票Fiscal集邮,Fiscal Stamp Collecting,藏「税票Fiscal集邮」的同好圈。,税票Fiscal集邮|Fiscal|Stamp|Collecting|钱币邮票与徽章|被误认为邮局,https://en.wikipedia.org/wiki/Revenue_stamp
收藏/钱币邮票与徽章/通信与票证收藏/珐琅徽章交易,珐琅徽章交易,Enamel Pin Trading,藏「珐琅徽章交易」（Enamel Pin Trading）。,珐琅徽章交易|Enamel|Pin|Trading|钱币邮票与徽章|通信与票证收藏,https://en.wikipedia.org/wiki/Pin_trading
收藏/钱币邮票与徽章/通信与票证收藏/电话卡收藏,电话卡收藏,Phonecard Collecting,藏「电话卡收藏」（Phonecard Collecting）。,电话卡收藏|Phonecard|Collecting|钱币邮票与徽章|通信与票证收藏,https://www.telephonecardcollector.com/collectors-guide.htm
收藏/钱币邮票与徽章/通信与票证收藏/电话卡藏家会,国际电话卡藏家会,WPC Club,藏「国际电话卡藏家会」（WPC Club）。,国际电话卡藏家会|WPC|钱币邮票与徽章|通信与票证收藏,https://phonecardscollectorsclub.com/
收藏/钱币邮票与徽章/通信与票证收藏/铁路票证,铁路票证与Railwayana,Railwayana,藏「铁路票证与Railwayana」（Railwayana）。,铁路票证与Railwayana|Railwayana|钱币邮票与徽章|通信与票证收藏,https://en.wikipedia.org/wiki/Railwayana
收藏/钱币邮票与徽章/非洲独立题材邮票专题收藏,非洲独立题材邮票专题收藏,African Independence Thematic Philately,藏「非洲独立题材邮票专题收藏」的同好圈。,非洲独立题材邮票专题收藏|African|Independence|Thematic|Philately|钱币邮票与徽章,https://en.wikipedia.org/wiki/Postage_stamps_and_postal_history_of_Africa
旅行探索/交通工具旅行/人力长途/人力车环球记录圈,人力车环球记录圈,Human-powered Circumnavigation Circles,走访「人力车环球记录圈」的同好圈。,人力车环球记录圈|Human-powered|Circumnavigation|Circles|交通工具旅行|人力长途,
旅行探索/交通工具旅行/房车实验飞机与青年旅舍/北美房车俱乐部FMCA,北美房车俱乐部FMCA,Family Motor Coach Association,走访「北美房车俱乐部FMCA」的同好圈。,北美房车俱乐部FMCA|FMCA|Family|Motor|Coach|Association|交通工具旅行|房车实验飞机与青年旅舍,https://www.fmca.com/
旅行探索/交通工具旅行/激流水橇漂流,激流水橇漂流,Hydrospeed river travel,走访「激流水橇漂流」的同好圈。,激流水橇漂流|Hydrospeed|river|travel|交通工具旅行,https://en.wikipedia.org/wiki/Riverboarding
旅行探索/交通工具旅行/火车旅与铁路迷/洲际火车通票旅行,洲际火车通票旅行,Eurail Interrail Travel,走访「洲际火车通票旅行」的同好圈。,洲际火车通票旅行|Eurail|Interrail|Travel|交通工具旅行|火车旅与铁路迷,https://www.interrail.eu/
旅行探索/交通工具旅行/瓦阿独木舟航行,瓦阿独木舟航行,Va’a voyaging,走访「瓦阿独木舟航行」（Va’a voyaging）。,瓦阿独木舟航行|Va|voyaging|交通工具旅行,https://www.ivfiv.org/
旅行探索/交通工具旅行/皇家地理学会田野旅行传统,皇家地理学会田野旅行传统,RGS Field Travel Tradition,走访「皇家地理学会田野旅行传统」的同好圈。,皇家地理学会田野旅行传统|RGS|Field|Travel|Tradition|交通工具旅行,https://www.rgs.org/
旅行探索/交通工具旅行/蒸汽火车志愿者值乘日,蒸汽火车志愿者值乘日,Heritage Railway Volunteer Roster Day,走访「蒸汽火车志愿者值乘日」的同好圈。,蒸汽火车志愿者值乘日|Heritage|Railway|Volunteer|Roster|Day|交通工具旅行,https://en.wikipedia.org/wiki/Heritage_railway
旅行探索/交通工具旅行/运河与朝圣步行/四国お遍路,四国お遍路,Shikoku Henro Pilgrimage,走访「四国お遍路」的同好圈。,四国お遍路|Shikoku|Henro|Pilgrimage|交通工具旅行|运河与朝圣步行,https://en.wikipedia.org/wiki/Shikoku_Pilgrimage
旅行探索/交通工具旅行/运河与朝圣步行/运河窄船IWA,运河窄船IWA,IWA Narrowboat Canal Cruising,走访「运河窄船IWA」的同好圈。,运河窄船IWA|IWA|Narrowboat|Canal|Cruising|交通工具旅行|运河与朝圣步行,https://waterways.org.uk/
旅行探索/交通工具旅行/雪地风筝远征,雪地风筝远征,Snowkite expedition travel,走访「雪地风筝远征」的同好圈。,雪地风筝远征|Snowkite|expedition|travel|交通工具旅行,https://en.wikipedia.org/wiki/Snowkiting
旅行探索/城市探索与遗产/世界遗产志愿讲解,世界遗产志愿讲解,World Heritage Volunteering,走访「世界遗产志愿讲解」的同好圈。,世界遗产志愿讲解|World|Heritage|Volunteering|城市探索与遗产,https://whc.unesco.org/
旅行探索/城市探索与遗产/墓碑与灯塔/墓碑研究AGS,墓碑研究AGS,Association for Gravestone Studies,走访「墓碑研究AGS」的同好圈。,墓碑研究AGS|AGS|Association|Gravestone|Studies|城市探索与遗产|墓碑与灯塔,https://www.gravestonestudies.org/welcome/about
旅行探索/城市探索与遗产/墓碑与灯塔/灯塔打卡ALK,灯塔打卡ALK,Lighthouse Bagging ALK,走访「灯塔打卡ALK」的同好圈。,灯塔打卡ALK|ALK|Lighthouse|Bagging|城市探索与遗产|墓碑与灯塔,https://alk.org.uk/
旅行探索/城市探索与遗产/废弃与工业遗产探访/工业考古,工业考古业余记录,Industrial Archaeology Hobby,走访「工业考古业余记录」的同好圈。,工业考古业余记录|Industrial|Archaeology|城市探索与遗产|废弃与工业遗产探访,https://en.wikipedia.org/wiki/Industrial_archaeology
旅行探索/城市探索与遗产/开放古迹日志愿讲解,开放古迹日志愿讲解,Heritage Open Days Volunteer Guiding,走访「开放古迹日志愿讲解」的同好圈。,开放古迹日志愿讲解|Heritage|Open|Days|Volunteer|Guiding|城市探索与遗产,https://www.heritageopendays.org.uk/
旅行探索/城市探索与遗产/英国工业考古协会AIA,英国工业考古协会AIA,Association for Industrial Archaeology,走访「英国工业考古协会AIA」的同好圈。,英国工业考古协会AIA|AIA|Association|Industrial|Archaeology|城市探索与遗产,https://industrial-archaeology.org/
旅行探索/寻点/大地基准点Benchmark hunting,大地基准点Benchmark hunting,Benchmark Hunting,走访「大地基准点Benchmark hunting」的同好圈。,大地基准点Benchmark hunting|Benchmark|hunting|Hunting|寻点,https://en.wikipedia.org/wiki/Benchmark_(surveying)
旅行探索/寻点/经纬度会合点Degree confluence,经纬度会合点Degree confluence,Degree Confluence Project,走访「经纬度会合点Degree confluence」的同好圈。,经纬度会合点Degree confluence|Degree|confluence|Confluence|Project|寻点,https://en.wikipedia.org/wiki/Degree_Confluence_Project
旅行探索/工艺产地探访/香料产地嗅觉旅行,香料产地嗅觉旅行,Fragrance Material Origin Travel,走访「香料产地嗅觉旅行」的同好圈。,香料产地嗅觉旅行|Fragrance|Material|Origin|Travel|工艺产地探访,https://www.osmotheque.fr/en/visits/
旅行探索/文化线路旅行/香料之路嗅觉旅行,香料之路嗅觉旅行,Spice Route Olfactory Travel,走访「香料之路嗅觉旅行」的同好圈。,香料之路嗅觉旅行|Spice|Route|Olfactory|Travel|文化线路旅行,https://en.wikipedia.org/wiki/Kannauj_Perfume
旅行探索/朝圣步道/西国三十三所观音巡礼,西国三十三所观音巡礼,Saigoku Kannon Pilgrimage,走访「西国三十三所观音巡礼」的同好圈。,西国三十三所观音巡礼|Saigoku|Kannon|Pilgrimage|朝圣步道,https://en.wikipedia.org/wiki/Saigoku_Kannon_Pilgrimage
旅行探索/深度目的地/修验道大峰奥駈,修验道大峰奥駈,Shugendō Ōmine okugake,走访「修验道大峰奥駈」的同好圈。,修验道大峰奥駈|Shugend|mine|okugake|深度目的地,https://en.wikipedia.org/wiki/Shugend%C5%8D
旅行探索/深度目的地/克罗帕特里克山朝圣,克罗帕特里克山朝圣,Croagh Patrick pilgrimage,走访「克罗帕特里克山朝圣」的同好圈。,克罗帕特里克山朝圣|Croagh|Patrick|pilgrimage|深度目的地,https://en.wikipedia.org/wiki/Croagh_Patrick
旅行探索/深度目的地/冈仁波齐转山,冈仁波齐转山,Kailash kora,走访「冈仁波齐转山」（Kailash kora）。,冈仁波齐转山|Kailash|kora|深度目的地,https://en.wikipedia.org/wiki/Kailash_Mansarovar_Yatra
旅行探索/深度目的地/出羽三山修验,出羽三山修验,Dewa Sanzan yamabushi,走访「出羽三山修验」（Dewa Sanzan yamabushi）。,出羽三山修验|Dewa|Sanzan|yamabushi|深度目的地,https://en.wikipedia.org/wiki/Three_Mountains_of_Dewa
旅行探索/深度目的地/副朝朝觐互助团,副朝朝觐互助团,Umrah and Hajj Mutual-aid Travel Circles,走访「副朝朝觐互助团」的同好圈。,副朝朝觐互助团|Umrah|Hajj|Mutual-aid|Travel|Circles|深度目的地,https://en.wikipedia.org/wiki/Umrah
旅行探索/深度目的地/加尔各答杜尔迦普迦观礼,加尔各答杜尔迦普迦观礼,Durga Puja Cultural Visit,走访「加尔各答杜尔迦普迦观礼」的同好圈。,加尔各答杜尔迦普迦观礼|Durga|Puja|Cultural|Visit|深度目的地,https://ich.unesco.org/en/RL/durga-puja-in-kolkata-00703
旅行探索/深度目的地/古巴帕兰达斯巡游参与,古巴帕兰达斯巡游参与,Las Parrandas Cultural Participation,走访「古巴帕兰达斯巡游参与」的同好圈。,古巴帕兰达斯巡游参与|Las|Parrandas|Cultural|Participation|深度目的地,https://ich.unesco.org/en/RL/las-parrandas-festivities-in-the-centre-of-cuba-01405
旅行探索/深度目的地/四国遍路徒步,四国遍路徒步,Shikoku Henro walking pilgrimage,走访「四国遍路徒步」的同好圈。,四国遍路徒步|Shikoku|Henro|walking|pilgrimage|深度目的地,https://shikoku-tourism.com/en/shikoku-henro
旅行探索/深度目的地/国民信托庄园探访,国民信托庄园探访,National Trust House Visiting,走访「国民信托庄园探访」的同好圈。,国民信托庄园探访|National|Trust|House|Visiting|深度目的地,https://www.nationaltrust.org.uk/
旅行探索/深度目的地/圣地亚哥之路徒步朝圣,圣地亚哥之路徒步朝圣,Camino de Santiago walking pilgrimage,走访「圣地亚哥之路徒步朝圣」的同好圈。,圣地亚哥之路徒步朝圣|Camino|de|Santiago|walking|pilgrimage|深度目的地,https://whc.unesco.org/en/list/669/
旅行探索/深度目的地/埃尔卡亚俄狂欢节参与,埃尔卡亚俄狂欢节参与,El Callao Carnival Participation,走访「埃尔卡亚俄狂欢节参与」的同好圈。,埃尔卡亚俄狂欢节参与|El|Callao|Carnival|Participation|深度目的地,https://ich.unesco.org/en/RL/carnival-of-el-callao-a-festive-representation-of-a-memory-and-cultural-identity-01198
旅行探索/深度目的地/太平洋山脊步道全程徒步,太平洋山脊步道全程徒步,Pacific Crest Trail thru-hiking,走访「太平洋山脊步道全程徒步」的同好圈。,太平洋山脊步道全程徒步|Pacific|Crest|Trail|thru-hiking|深度目的地,https://www.pcta.org/discover-the-trail/thru-hiking-long-distance-hiking/
旅行探索/深度目的地/季节朝圣/雨季寺院壁画临摹旅,雨季寺院壁画临摹旅,Monsoon Mural-copying Travel,走访「雨季寺院壁画临摹旅」的同好圈。,雨季寺院壁画临摹旅|Monsoon|Mural-copying|Travel|深度目的地|季节朝圣,
旅行探索/深度目的地/安第斯高原火车与遗产旅,安第斯高原火车与遗产旅,Andean Highland Rail & Heritage Travel,走访「安第斯高原火车与遗产旅」的同好圈。,安第斯高原火车与遗产旅|Andean|Highland|Rail|Heritage|Travel|深度目的地,https://en.wikipedia.org/wiki/Ferrocarril_Central_Andino
旅行探索/深度目的地/宋干节泼水文化参与,宋干节泼水文化参与,Songkran Water Festival Participation,走访「宋干节泼水文化参与」的同好圈。,宋干节泼水文化参与|Songkran|Water|Festival|Participation|深度目的地,https://ich.unesco.org/en/RL/songkran-in-thailand-traditional-thai-new-year-festival-01719
旅行探索/深度目的地/富士讲登山巡礼,富士讲登山巡礼,Fuji-kō mountain pilgrimage,走访「富士讲登山巡礼」的同好圈。,富士讲登山巡礼|Fuji-k|mountain|pilgrimage|深度目的地,https://en.wikipedia.org/wiki/Fujiko_(religion)
旅行探索/深度目的地/巴兰基亚狂欢节文化参与,巴兰基亚狂欢节文化参与,Barranquilla Carnival Participation,走访「巴兰基亚狂欢节文化参与」的同好圈。,巴兰基亚狂欢节文化参与|Barranquilla|Carnival|Participation|深度目的地,https://ich.unesco.org/en/RL/carnival-of-barranquilla-00051
旅行探索/深度目的地/库姆布梅拉文化观礼旅行,库姆布梅拉文化观礼旅行,Kumbh Mela Cultural Visit,走访「库姆布梅拉文化观礼旅行」的同好圈。,库姆布梅拉文化观礼旅行|Kumbh|Mela|Cultural|Visit|深度目的地,https://ich.unesco.org/en/RL/kumbh-mela-01258
旅行探索/深度目的地/庙会志愿向导轮值,庙会志愿向导轮值,Temple Fair Volunteer Guide Rota,走访「庙会志愿向导轮值」的同好圈。,庙会志愿向导轮值|Temple|Fair|Volunteer|Guide|Rota|深度目的地,https://en.wikipedia.org/wiki/Temple_fair
旅行探索/深度目的地/弗兰奇杰纳之路,弗兰奇杰纳之路,Via Francigena,走访「弗兰奇杰纳之路」（Via Francigena）。,弗兰奇杰纳之路|Via|Francigena|深度目的地,https://en.wikipedia.org/wiki/Via_Francigena
旅行探索/深度目的地/探险家俱乐部式远征旅行,探险家俱乐部式远征旅行,Explorers Club Expedition Travel,走访「探险家俱乐部式远征旅行」的同好圈。,探险家俱乐部式远征旅行|Explorers|Expedition|Travel|深度目的地,https://www.explorers.org/
旅行探索/深度目的地/提姆卡特巡游观礼旅行,提姆卡特巡游观礼旅行,Timkat Procession Cultural Visit,走访「提姆卡特巡游观礼旅行」的同好圈。,提姆卡特巡游观礼旅行|Timkat|Procession|Cultural|Visit|深度目的地,https://ich.unesco.org/en/RL/ethiopian-epiphany-01491
旅行探索/深度目的地/斯里帕达夜登,斯里帕达夜登,Adam's Peak night climb,走访「斯里帕达夜登」的同好圈。,斯里帕达夜登|Adam|Peak|night|climb|深度目的地,https://en.wikipedia.org/wiki/Adam%27s_Peak
旅行探索/深度目的地/梅斯克尔篝火节文化观礼,梅斯克尔篝火节文化观礼,Meskel Bonfire Cultural Visit,走访「梅斯克尔篝火节文化观礼」的同好圈。,梅斯克尔篝火节文化观礼|Meskel|Bonfire|Cultural|Visit|深度目的地,https://ich.unesco.org/en/RL/commemoration-feast-of-the-finding-of-the-true-holy-cross-of-christ-00858
旅行探索/深度目的地/梅西尔糖膏节文化旅行,梅西尔糖膏节文化旅行,Mesir Macunu Festival Travel,走访「梅西尔糖膏节文化旅行」的同好圈。,梅西尔糖膏节文化旅行|Mesir|Macunu|Festival|Travel|深度目的地,https://ich.unesco.org/en/RL/mesir-macunu-festival-00642
旅行探索/深度目的地/海岸穿越,海岸穿越,Coasteering,走访「海岸穿越」（Coasteering）。,海岸穿越|Coasteering|深度目的地,https://www.nationalcoasteeringcharter.org.uk/wp-content/uploads/Safety-Advice-for-Coasteering-Providers-V6-Dec-2025.pdf
旅行探索/深度目的地/熊野古道参诣步行会,熊野古道参诣步行会,Kumano Kodo Pilgrimage Walking Groups,走访「熊野古道参诣步行会」的同好圈。,熊野古道参诣步行会|Kumano|Kodo|Pilgrimage|Walking|Groups|深度目的地,https://en.wikipedia.org/wiki/Kumano_Kod%C5%8D
旅行探索/深度目的地/熊野古道徒步朝圣,熊野古道徒步朝圣,Kumano Kodo walking pilgrimage,走访「熊野古道徒步朝圣」的同好圈。,熊野古道徒步朝圣|Kumano|Kodo|walking|pilgrimage|深度目的地,https://www.tb-kumano.jp/en/kumano-kodo/dual-pilgrim/
旅行探索/深度目的地/科伊尤里蒂高地巡礼徒步,科伊尤里蒂高地巡礼徒步,Qoyllurit'i Pilgrimage Trek,走访「科伊尤里蒂高地巡礼徒步」的同好圈。,科伊尤里蒂高地巡礼徒步|Qoyllurit|Pilgrimage|Trek|深度目的地,https://ich.unesco.org/en/RL/pilgrimage-to-the-sanctuary-of-the-lord-of-qoyllurit-i-00567
旅行探索/深度目的地/纳扎雷圣烛巡游文化旅行,纳扎雷圣烛巡游文化旅行,Círio de Nazaré Cultural Visit,走访「纳扎雷圣烛巡游文化旅行」的同好圈。,纳扎雷圣烛巡游文化旅行|rio|de|Nazar|Cultural|Visit|深度目的地,https://ich.unesco.org/en/RL/cirio-de-nazare-the-taper-of-our-lady-of-nazareth-in-the-city-of-belem-para-00602
旅行探索/深度目的地/贾格纳特车节巡游参与,贾格纳特车节巡游参与,Rath Yatra Temple-car Procession Participation,走访「贾格纳特车节巡游参与」的同好圈。,贾格纳特车节巡游参与|Rath|Yatra|Temple-car|Procession|Participation|深度目的地,https://en.wikipedia.org/wiki/Ratha_Yatra
旅行探索/深度目的地/跨撒哈拉商路文化旅行,跨撒哈拉商路文化旅行,Trans-Saharan Cultural Route Travel,走访「跨撒哈拉商路文化旅行」的同好圈。,跨撒哈拉商路文化旅行|Trans-Saharan|Cultural|Route|Travel|深度目的地,https://en.wikipedia.org/wiki/Trans-Saharan_trade
旅行探索/深度目的地/阿巴拉契亚步道全程徒步,阿巴拉契亚步道全程徒步,Appalachian Trail thru-hiking,走访「阿巴拉契亚步道全程徒步」的同好圈。,阿巴拉契亚步道全程徒步|Appalachian|Trail|thru-hiking|深度目的地,https://appalachiantrail.org/explore/hike-the-a-t/thru-hiking/
旅行探索/深度目的地/阿鲁纳查拉转山,阿鲁纳查拉转山,Arunachala girivalam,走访「阿鲁纳查拉转山」（Arunachala girivalam）。,阿鲁纳查拉转山|Arunachala|girivalam|深度目的地,https://en.wikipedia.org/wiki/Arunachala
旅行探索/深度目的地/高野山巡礼,高野山巡礼,Kōyasan pilgrimage,走访「高野山巡礼」（Kōyasan pilgrimage）。,高野山巡礼|yasan|pilgrimage|深度目的地,https://www.koyasan.or.jp/en/
旅行探索/深度目的地与遗产/AIANTA部落目的地旅行,AIANTA部落目的地旅行,AIANTA American Indian Tourism,走访「AIANTA部落目的地旅行」的同好圈。,AIANTA部落目的地旅行|AIANTA|American|Indian|Tourism|深度目的地与遗产,https://www.aianta.org/
旅行探索/深度目的地与遗产/Gullah Geechee遗产走廊探访,Gullah Geechee遗产走廊探访,Gullah Geechee Cultural Heritage Corridor,走访「Gullah Geechee遗产走廊探访」的同好圈。,Gullah Geechee遗产走廊探访|Gullah|Geechee|Cultural|Heritage|Corridor|深度目的地与遗产,https://gullahgeecheecorridor.org/
旅行探索/深度目的地与遗产/加拿大原住民旅游路线,加拿大原住民旅游路线,Indigenous Tourism Association of Canada,走访「加拿大原住民旅游路线」的同好圈。,加拿大原住民旅游路线|Indigenous|Tourism|Association|of|Canada|深度目的地与遗产,https://indigenoustourism.ca/
旅行探索/深度目的地与遗产/工业遗产夜游讲解志愿,工业遗产夜游讲解志愿,Industrial-heritage Night Tour Docents,走访「工业遗产夜游讲解志愿」的同好圈。,工业遗产夜游讲解志愿|Industrial-heritage|Night|Tour|Docents|深度目的地与遗产,
旅行探索/深度目的地与遗产/新罕布什尔黑人遗产步道,新罕布什尔黑人遗产步道,Black Heritage Trail of New Hampshire,走访「新罕布什尔黑人遗产步道」的同好圈。,新罕布什尔黑人遗产步道|Black|Heritage|Trail|of|New|Hampshire|深度目的地与遗产,https://blackheritagetrailnh.org/
旅行探索/深度目的地与遗产/欧洲犹太遗产路线旅行,欧洲犹太遗产路线旅行,European Route of Jewish Heritage,走访「欧洲犹太遗产路线旅行」的同好圈。,欧洲犹太遗产路线旅行|European|Route|of|Jewish|Heritage|深度目的地与遗产,https://www.jewishheritage.org/
旅行探索/深度目的地与遗产/澳新遗产铁路志愿,澳新遗产铁路志愿,Heritage Railway Volunteering ANZ,走访「澳新遗产铁路志愿」的同好圈。,澳新遗产铁路志愿|Heritage|Railway|Volunteering|ANZ|深度目的地与遗产,https://en.wikipedia.org/wiki/Heritage_railway
旅行探索/深度目的地与遗产/美国国家公园护照盖章,美国国家公园护照盖章,National Park Passport Cancellation,走访「美国国家公园护照盖章」的同好圈。,美国国家公园护照盖章|National|Park|Passport|Cancellation|深度目的地与遗产,https://www.nps.gov/subjects/npscelebrates/passport.htm
旅行探索/登顶表/玛丽莲山峰袋Marilyns,玛丽莲山峰袋Marilyns,Marilyn Bagging,走访「玛丽莲山峰袋Marilyns」的同好圈。,玛丽莲山峰袋Marilyns|Marilyns|Marilyn|Bagging|登顶表,https://en.wikipedia.org/wiki/Marilyn_(hill)
旅行探索/登顶表/科罗拉多十四座,科罗拉多十四座,Colorado Fourteener Climbing,走访「科罗拉多十四座」的同好圈。,科罗拉多十四座|Colorado|Fourteener|Climbing|登顶表,https://en.wikipedia.org/wiki/Fourteener
旅行探索/身体朝圣与极地/极地滑雪远征,极地滑雪远征,Polar Ski Expedition Travel,走访「极地滑雪远征」的同好圈。,极地滑雪远征|Polar|Ski|Expedition|Travel|身体朝圣与极地,https://www.spri.cam.ac.uk/
旅行探索/身体朝圣与极地/火山实地旅行,火山实地旅行,Volcano Field Travel,走访「火山实地旅行」（Volcano Field Travel）。,火山实地旅行|Volcano|Field|Travel|身体朝圣与极地,https://www.iavcei.org/
旅行探索/遗产路线与工业探访/Camino Frances成年朝圣者,Camino Frances成年朝圣者,Camino de Santiago Pilgrims,走访「Camino Frances成年朝圣者」的同好圈。,Camino Frances成年朝圣者|Camino|Frances|de|Santiago|Pilgrims|遗产路线与工业探访,https://www.americanpilgrims.org/
旅行探索/遗产路线与工业探访/哈德良长城步道,哈德良长城国家步道,Hadrian's Wall Path,走访「哈德良长城国家步道」的同好圈。,哈德良长城国家步道|Hadrian|Wall|Path|遗产路线与工业探访|哈德良长城步道,https://www.nationaltrail.co.uk/en_GB/trails/hadrians-wall-path/
旅行探索/遗产路线与工业探访/塔利林铁路保存会,塔利林铁路保存会志愿,Talyllyn Railway Preservation Society,走访「塔利林铁路保存会志愿」的同好圈。,塔利林铁路保存会志愿|Talyllyn|Railway|Preservation|Society|遗产路线与工业探访|塔利林铁路保存会,https://www.talyllyn.co.uk/support/volunteer
旅行探索/遗产路线与工业探访/林肯公路协会,林肯公路协会探访,Lincoln Highway Association,走访「林肯公路协会探访」的同好圈。,林肯公路协会探访|Lincoln|Highway|Association|遗产路线与工业探访|林肯公路协会,https://www.lincolnhighwayassoc.org/
旅行探索/遗产路线与工业探访/比布鲁门步道,比布鲁门步道基金会徒步,Bibbulmun Track,走访「比布鲁门步道基金会徒步」（Bibbulmun Track）。,比布鲁门步道基金会徒步|Bibbulmun|Track|遗产路线与工业探访|比布鲁门步道,https://www.bibbulmuntrack.org.au/
棋牌桌游/传统棋类/北美竞赛拼字NASPA,北美竞赛拼字NASPA,NASPA Club Scrabble,玩「北美竞赛拼字NASPA」的同好圈。,北美竞赛拼字NASPA|NASPA|Scrabble|传统棋类,https://www.scrabbleplayers.org/
棋牌桌游/传统棋类/区域棋规/加拿大跳棋,加拿大跳棋,Canadian Draughts Circles,玩「加拿大跳棋」的同好圈。,加拿大跳棋|Canadian|Draughts|Circles|传统棋类|区域棋规,https://en.wikipedia.org/wiki/Canadian_checkers
棋牌桌游/传统棋类/区域棋规/北欧塔夫棋Hnefatafl,北欧塔夫棋Hnefatafl,Hnefatafl Tafl Revival Circles,玩「北欧塔夫棋Hnefatafl」的同好圈。,北欧塔夫棋Hnefatafl|Hnefatafl|Tafl|Revival|Circles|传统棋类|区域棋规,https://en.wikipedia.org/wiki/Tafl_games
棋牌桌游/传统棋类/区域棋规/土耳其跳棋Dama,土耳其跳棋Dama,Turkish Dama Draughts Circles,玩「土耳其跳棋Dama」的同好圈。,土耳其跳棋Dama|Dama|Turkish|Draughts|Circles|传统棋类|区域棋规,https://en.wikipedia.org/wiki/Turkish_draughts
棋牌桌游/传统棋类/区域棋规/埃塞俄比亚Senterej,埃塞俄比亚Senterej,Senterej Ethiopian Chess Circles,玩「埃塞俄比亚Senterej」的同好圈。,埃塞俄比亚Senterej|Senterej|Ethiopian|Chess|Circles|传统棋类|区域棋规,https://en.wikipedia.org/wiki/Senterej
棋牌桌游/传统棋类/区域棋规/泰国象棋Makruk,泰国象棋Makruk,Makruk Thai Chess Circles,玩「泰国象棋Makruk」的同好圈。,泰国象棋Makruk|Makruk|Thai|Chess|Circles|传统棋类|区域棋规,https://en.wikipedia.org/wiki/Makruk
棋牌桌游/传统棋类/区域棋规/缅甸象棋Sittuyin,缅甸象棋Sittuyin,Sittuyin Burmese Chess Circles,玩「缅甸象棋Sittuyin」的同好圈。,缅甸象棋Sittuyin|Sittuyin|Burmese|Chess|Circles|传统棋类|区域棋规,https://en.wikipedia.org/wiki/Sittuyin
棋牌桌游/传统棋类/区域棋规/蒙古象棋Shatar,蒙古象棋Shatar,Shatar Mongolian Chess Circles,玩「蒙古象棋Shatar」的同好圈。,蒙古象棋Shatar|Shatar|Mongolian|Chess|Circles|传统棋类|区域棋规,https://en.wikipedia.org/wiki/Shatar
棋牌桌游/传统棋类/历史复活棋/乌尔王族棋复原,乌尔王族棋复原,Royal Game of Ur Revival,玩「乌尔王族棋复原」的同好圈。,乌尔王族棋复原|Royal|Game|of|Ur|Revival|传统棋类|历史复活棋,https://en.wikipedia.org/wiki/Royal_Game_of_Ur
棋牌桌游/传统棋类/历史复活棋/塞尼特棋复原,塞尼特棋复原,Senet Reconstruction Play,玩「塞尼特棋复原」的同好圈。,塞尼特棋复原|Senet|Reconstruction|Play|传统棋类|历史复活棋,https://en.wikipedia.org/wiki/Senet
棋牌桌游/传统棋类/反主流规则/原子棋Atomic,原子棋Atomic,Atomic Chess Circles,玩「原子棋Atomic」的同好圈。,原子棋Atomic|Atomic|Chess|Circles|传统棋类|反主流规则,https://en.wikipedia.org/wiki/Atomic_chess
棋牌桌游/传统棋类/反主流规则/棋盘旋转变体,棋盘旋转变体,Progressive Chess Circles,玩「棋盘旋转变体」的同好圈。,棋盘旋转变体|Progressive|Chess|Circles|传统棋类|反主流规则,https://en.wikipedia.org/wiki/Progressive_chess
棋牌桌游/传统棋类/将棋业余,将棋业余,Shogi amateur play,玩「将棋业余」（Shogi amateur play）。,将棋业余|Shogi|play|传统棋类,https://www.shogi.or.jp/
棋牌桌游/传统棋类/播棋与地区传统棋/中东双陆棋SheshBesh,双陆棋/舍什贝什,Backgammon / Shesh Besh,玩「双陆棋/舍什贝什」的同好圈。,双陆棋/舍什贝什|Backgammon|Shesh|Besh|传统棋类|播棋与地区传统棋,https://en.wikipedia.org/wiki/Backgammon
棋牌桌游/传统棋类/播棋与地区传统棋/南非莫拉巴拉巴,莫拉巴拉巴棋,Morabaraba,玩「莫拉巴拉巴棋」（Morabaraba）。,莫拉巴拉巴棋|Morabaraba|传统棋类|播棋与地区传统棋,https://en.wikipedia.org/wiki/Morabaraba
棋牌桌游/传统棋类/棋补/五子棋连珠,五子棋连珠,Renju Gomoku Clubs,玩「五子棋连珠」（Renju Gomoku Clubs）。,五子棋连珠|Renju|Gomoku|Clubs|传统棋类|棋补,https://en.wikipedia.org/wiki/Renju
棋牌桌游/传统棋类/棋补/黑白棋奥赛罗,黑白棋奥赛罗,Othello Reversi Clubs,玩「黑白棋奥赛罗」（Othello Reversi Clubs）。,黑白棋奥赛罗|Othello|Reversi|Clubs|传统棋类|棋补,https://en.wikipedia.org/wiki/Reversi
棋牌桌游/传统棋类/欧美棋社/通信国际象棋,通信国际象棋,Correspondence Chess ICCF,玩「通信国际象棋」的同好圈。,通信国际象棋|Correspondence|Chess|ICCF|传统棋类|欧美棋社,https://en.wikipedia.org/wiki/International_Correspondence_Chess_Federation
棋牌桌游/传统棋类/欧美棋社/问题象棋构图,问题象棋构图,Chess Problem Composition Circles,玩「问题象棋构图」的同好圈。,问题象棋构图|Chess|Problem|Composition|Circles|传统棋类|欧美棋社,https://en.wikipedia.org/wiki/Chess_problem
棋牌桌游/传统棋类/欧美魔方社/WCA地方魔方会,WCA地方魔方会,WCA Local Cube Meets,玩「WCA地方魔方会」的同好圈。,WCA地方魔方会|WCA|Local|Cube|Meets|传统棋类|欧美魔方社,
棋牌桌游/传统棋类/竞速魔方/少先拧法Roux,少先拧法Roux,Roux Method,玩「少先拧法Roux」（Roux Method）。,少先拧法Roux|Roux|Method|传统棋类|竞速魔方,https://en.wikipedia.org/wiki/Speedcubing
棋牌桌游/传统棋类/竞速魔方/盲拧魔方,盲拧魔方,Blindfolded Cubing,玩「盲拧魔方」（Blindfolded Cubing）。,盲拧魔方|Blindfolded|Cubing|传统棋类|竞速魔方,https://www.worldcubeassociation.org/regulations/
棋牌桌游/传统棋类/美国围棋协会AGA,美国围棋协会AGA,American Go Association,玩「美国围棋协会AGA」的同好圈。,美国围棋协会AGA|AGA|American|Go|Association|传统棋类,https://www.usgo.org/
棋牌桌游/传统棋类/蒙古鹿棋业余,蒙古鹿棋业余,Mongolian Deer Chess Hobby,玩「蒙古鹿棋业余」的同好圈。,蒙古鹿棋业余|Mongolian|Deer|Chess|传统棋类,
棋牌桌游/传统棋类/被误认为占卜的盘/韩国尤茨Yut,韩国尤茨Yut,Yut-nori Board Play,玩「韩国尤茨Yut」（Yut-nori Board Play）。,韩国尤茨Yut|Yut|Yut-nori|Board|Play|传统棋类|被误认为占卜的盘,https://en.wikipedia.org/wiki/Yut
棋牌桌游/传统棋类/认证路径魔方/WCA裁判认证,WCA裁判认证,WCA Delegate and Judge Path,玩「WCA裁判认证」的同好圈。,WCA裁判认证|WCA|Delegate|Judge|Path|传统棋类|认证路径魔方,https://en.wikipedia.org/wiki/World_Cube_Association
棋牌桌游/传统棋类/身体规则球类边缘/自由式飞盘,自由式飞盘,Freestyle Frisbee Jamming,玩「自由式飞盘」的同好圈。,自由式飞盘|Freestyle|Frisbee|Jamming|传统棋类|身体规则球类边缘,https://en.wikipedia.org/wiki/Freestyle_frisbee
棋牌桌游/传统棋类/非洲与亚洲传统棋局/东南亚Congklak康克拉克,东南亚Congklak康克拉克,Congklak / Congkak Mancala,玩「东南亚Congklak康克拉克」的同好圈。,东南亚Congklak康克拉克|Congklak|Congkak|Mancala|传统棋类|非洲与亚洲传统棋局,https://en.wikipedia.org/wiki/Southeast_Asian_mancala
棋牌桌游/传统棋类/非洲与亚洲传统棋局/东非Bao四行曼卡拉,东非Bao四行曼卡拉,Bao (East African Mancala),玩「东非Bao四行曼卡拉」的同好圈。,东非Bao四行曼卡拉|Bao|East|African|Mancala|传统棋类|非洲与亚洲传统棋局,https://en.wikipedia.org/wiki/Bao_(game)
棋牌桌游/传统棋类/非洲与亚洲传统棋局/印度Carrom卡罗姆弹棋,印度Carrom卡罗姆弹棋,Carrom,玩「印度Carrom卡罗姆弹棋」（Carrom）。,印度Carrom卡罗姆弹棋|Carrom|传统棋类|非洲与亚洲传统棋局,https://en.wikipedia.org/wiki/Carrom
棋牌桌游/传统棋类/非洲与亚洲传统棋局/埃塞俄比亚Gebeta曼卡拉,埃塞俄比亚Gebeta曼卡拉,Gebeta Ethiopian Mancala,玩「埃塞俄比亚Gebeta曼卡拉」的同好圈。,埃塞俄比亚Gebeta曼卡拉|Gebeta|Ethiopian|Mancala|传统棋类|非洲与亚洲传统棋局,https://en.wikipedia.org/wiki/Gebet%27a
棋牌桌游/传统棋类/非洲与亚洲传统棋局/斯里兰卡与南亚Pachisi帕奇西,斯里兰卡与南亚Pachisi帕奇西,Pachisi / Ludo Ancestral Play,玩「斯里兰卡与南亚Pachisi帕奇西」的同好圈。,斯里兰卡与南亚Pachisi帕奇西|Pachisi|Ludo|Ancestral|Play|传统棋类|非洲与亚洲传统棋局,https://en.wikipedia.org/wiki/Pachisi
棋牌桌游/传统棋类/非洲与亚洲传统棋局/蒙古Shagai羊踝骨游戏,蒙古Shagai羊踝骨游戏,Shagai Ankle-Bone Games,玩「蒙古Shagai羊踝骨游戏」的同好圈。,蒙古Shagai羊踝骨游戏|Shagai|Ankle-Bone|Games|传统棋类|非洲与亚洲传统棋局,https://en.wikipedia.org/wiki/Shagai
棋牌桌游/传统棋类/非洲与亚洲传统棋局/西非Oware曼卡拉,西非Oware曼卡拉,Oware Mancala,玩「西非Oware曼卡拉」（Oware Mancala）。,西非Oware曼卡拉|Oware|Mancala|传统棋类|非洲与亚洲传统棋局,https://en.wikipedia.org/wiki/Oware
棋牌桌游/传统棋类/非洲与亚洲传统棋局/越南Cờ_tướng越南象棋圈,越南象棋Cờ tướng业余圈,Vietnamese Xiangqi (Cờ tướng),玩「越南象棋Cờ tướng业余圈」的同好圈。,越南象棋Cờ tướng业余圈|ng|Vietnamese|Xiangqi|传统棋类|非洲与亚洲传统棋局,https://en.wikipedia.org/wiki/Xiangqi
棋牌桌游/传统棋类/非洲播棋Bao竞赛圈,非洲播棋Bao竞赛圈,East African Bao Mancala Circles,玩「非洲播棋Bao竞赛圈」的同好圈。,非洲播棋Bao竞赛圈|Bao|East|African|Mancala|Circles|传统棋类,
棋牌桌游/传统棋类/非西方盘面棋/janggi朝鲜将棋,janggi朝鲜将棋,Janggi Korean Chess,玩「janggi朝鲜将棋」的同好圈。,janggi朝鲜将棋|janggi|Janggi|Korean|Chess|传统棋类|非西方盘面棋,https://en.wikipedia.org/wiki/Janggi
棋牌桌游/传统牌戏/Belgian Whist与欧洲哨子牌社,欧美Whist俱乐部传统,Whist Club Tradition,玩「欧美Whist俱乐部传统」的同好圈。,欧美Whist俱乐部传统|Whist|Tradition|传统牌戏,https://www.pagat.com/nhc/whist.html
棋牌桌游/传统牌戏/威斯康星Sheepshead,威斯康星Sheepshead牌戏,Sheepshead,玩「威斯康星Sheepshead牌戏」（Sheepshead）。,威斯康星Sheepshead牌戏|Sheepshead|传统牌戏,https://en.wikipedia.org/wiki/Sheepshead
棋牌桌游/传统牌戏/瑞士Jass,瑞士Jass牌戏,Swiss Jass,玩「瑞士Jass牌戏」（Swiss Jass）。,瑞士Jass牌戏|Jass|Swiss|传统牌戏|瑞士Jass,https://en.wikipedia.org/wiki/Jass
棋牌桌游/冷门传统/板凳球Bat and trap,板凳球Bat and trap,Bat and Trap,玩「板凳球Bat and trap」（Bat and Trap）。,板凳球Bat and trap|Bat|trap|Trap|冷门传统,https://en.wikipedia.org/wiki/Bat_and_trap
棋牌桌游/冷门传统/瑞典Kubb,瑞典Kubb,Kubb,玩「瑞典Kubb」（Kubb）。,瑞典Kubb|Kubb|冷门传统,https://en.wikipedia.org/wiki/Kubb
棋牌桌游/冷门传统/英国Shove ha'penny,英国Shove ha'penny,Shove Ha'penny,玩「英国Shove ha'penny」的同好圈。,英国Shove ha'penny|Shove|ha|penny|Ha|冷门传统,https://en.wikipedia.org/wiki/Shove_ha%27penny
棋牌桌游/冷门传统/荷兰Sjoelen沙狐木,荷兰Sjoelen沙狐木,Sjoelen,玩「荷兰Sjoelen沙狐木」（Sjoelen）。,荷兰Sjoelen沙狐木|Sjoelen|冷门传统,https://en.wikipedia.org/wiki/Sjoelen
棋牌桌游/冷门传统/诺乌斯Novuss,诺乌斯Novuss,Novuss,玩「诺乌斯Novuss」（Novuss）。,诺乌斯Novuss|Novuss|冷门传统,https://en.wikipedia.org/wiki/Novuss
棋牌桌游/厅堂与侨民棋戏/北美Mah Jongg联盟牌局,北美Mah Jongg联盟牌局,National Mah Jongg League Play,玩「北美Mah Jongg联盟牌局」的同好圈。,北美Mah Jongg联盟牌局|Mah|Jongg|National|League|Play|厅堂与侨民棋戏,https://www.nationalmahjonggleague.org/
棋牌桌游/厅堂与侨民棋戏/国际桌上冰球联合会赛,国际桌上冰球联合会赛,International Table Hockey Federation,玩「国际桌上冰球联合会赛」的同好圈。,国际桌上冰球联合会赛|International|Table|Hockey|Federation|厅堂与侨民棋戏,https://www.ithf.info/
棋牌桌游/厅堂与侨民棋戏/欧洲围棋联合会赛事,欧洲围棋联合会赛事,European Go Federation Tournaments,玩「欧洲围棋联合会赛事」的同好圈。,欧洲围棋联合会赛事|European|Go|Federation|Tournaments|厅堂与侨民棋戏,https://www.eurogofed.org/
棋牌桌游/厅堂与侨民棋戏/芬兰Mölkky木柱世锦赛,芬兰Mölkky木柱世锦赛,Mölkky World Championship,玩「芬兰Mölkky木柱世锦赛」的同好圈。,芬兰Mölkky木柱世锦赛|lkky|World|Championship|厅堂与侨民棋戏,https://www.molkky.com/
棋牌桌游/厅堂与侨民棋戏/英国Carrom弹棋联赛,英国Carrom弹棋联赛,UK Carrom Federation League,玩「英国Carrom弹棋联赛」的同好圈。,英国Carrom弹棋联赛|Carrom|UK|Federation|League|厅堂与侨民棋戏,https://en.wikipedia.org/wiki/Carrom
棋牌桌游/厅堂与侨民棋戏/英美Tiddlywinks翻片赛,英美Tiddlywinks翻片赛,English Tiddlywinks Association,玩「英美Tiddlywinks翻片赛」的同好圈。,英美Tiddlywinks翻片赛|Tiddlywinks|English|Association|厅堂与侨民棋戏,https://www.etwa.org/
棋牌桌游/地方牌戏联赛/德国Skat地方联赛,德国Skat地方联赛,German Skat Local Leagues,玩「德国Skat地方联赛」的同好圈。,德国Skat地方联赛|Skat|German|Local|Leagues|地方牌戏联赛,https://en.wikipedia.org/wiki/Skat_(card_game)
棋牌桌游/地方牌戏联赛/法国Belote俱乐部,法国Belote俱乐部,French Belote Club Play,玩「法国Belote俱乐部」的同好圈。,法国Belote俱乐部|Belote|French|Play|地方牌戏联赛,https://en.wikipedia.org/wiki/Belote
棋牌桌游/地方牌戏联赛/荷兰Klaverjas牌局,荷兰Klaverjas牌局,Klaverjas Dutch Card Clubs,玩「荷兰Klaverjas牌局」的同好圈。,荷兰Klaverjas牌局|Klaverjas|Dutch|Card|Clubs|地方牌戏联赛,https://en.wikipedia.org/wiki/Klaverjas
棋牌桌游/场地投掷/美国蹄铁投掷NHPA,美国蹄铁投掷NHPA,NHPA Horseshoe Pitching,玩「美国蹄铁投掷NHPA」的同好圈。,美国蹄铁投掷NHPA|NHPA|Horseshoe|Pitching|场地投掷,https://www.horseshoepitching.com/
棋牌桌游/感官盲品游戏/香水盲测品鉴局,香水盲测品鉴局,Blind Perfume Tasting Games,玩「香水盲测品鉴局」的同好圈。,香水盲测品鉴局|Blind|Perfume|Tasting|Games|感官盲品游戏,https://basenotes.com/forums/
棋牌桌游/播棋与传统桌面/南亚与桌面/克罗基诺Crokinole,克罗基诺Crokinole,Crokinole Board Clubs,玩「克罗基诺Crokinole」的同好圈。,克罗基诺Crokinole|Crokinole|Board|Clubs|播棋与传统桌面|南亚与桌面,https://en.wikipedia.org/wiki/Crokinole
棋牌桌游/播棋与传统桌面/南亚与桌面/双陆棋Nard复兴,双陆棋Nard复兴,Nard Backgammon Revival Circles,玩「双陆棋Nard复兴」的同好圈。,双陆棋Nard复兴|Nard|Backgammon|Revival|Circles|播棋与传统桌面|南亚与桌面,https://en.wikipedia.org/wiki/Nard_(game)
棋牌桌游/播棋与传统桌面/南亚与桌面/沙盘足球Subbuteo,沙盘足球Subbuteo,Subbuteo Table-soccer Clubs,玩「沙盘足球Subbuteo」的同好圈。,沙盘足球Subbuteo|Subbuteo|Table-soccer|Clubs|播棋与传统桌面|南亚与桌面,https://en.wikipedia.org/wiki/Subbuteo
棋牌桌游/播棋与传统桌面/历史复活盘/九人莫里斯复原,九人莫里斯复原,Nine-mens-morris Revival Clubs,玩「九人莫里斯复原」的同好圈。,九人莫里斯复原|Nine-mens-morris|Revival|Clubs|播棋与传统桌面|历史复活盘,https://en.wikipedia.org/wiki/Nine_men%27s_morris
棋牌桌游/现代桌游与卡牌/历史微缩战棋/HMGS历史微缩兵棋,HMGS历史微缩兵棋,Historical Miniatures Gaming Society,玩「HMGS历史微缩兵棋」的同好圈。,HMGS历史微缩兵棋|HMGS|Historical|Miniatures|Gaming|Society|现代桌游与卡牌|历史微缩战棋,https://hmgs.org/
棋牌桌游/现代桌游与卡牌/德式桌游重度玩家,德式桌游重度玩家,Eurogame Enthusiasts,玩「德式桌游重度玩家」的同好圈。,德式桌游重度玩家|Eurogame|Enthusiasts|现代桌游与卡牌,https://boardgamegeek.com/
棋牌桌游/现代桌游与卡牌/桌游馆赛季联赛执裁,桌游馆赛季联赛执裁,Board Game Cafe Seasonal League Judging,玩「桌游馆赛季联赛执裁」的同好圈。,桌游馆赛季联赛执裁|Board|Game|Cafe|Seasonal|League|Judging|现代桌游与卡牌,https://en.wikipedia.org/wiki/Board_game_caf%C3%A9
棋牌桌游/现代桌游与卡牌/欧美桌游社/战棋六角棋社,战棋六角棋社,Hex-and-counter Wargame Clubs,玩「战棋六角棋社」的同好圈。,战棋六角棋社|Hex-and-counter|Wargame|Clubs|现代桌游与卡牌|欧美桌游社,https://en.wikipedia.org/wiki/Wargaming
棋牌桌游/现代桌游与卡牌/滚轮与冰上规则/芬兰棒球Pesapallo,芬兰棒球Pesapallo,Pesäpallo Finnish Baseball,玩「芬兰棒球Pesapallo」的同好圈。,芬兰棒球Pesapallo|Pesapallo|Pes|pallo|Finnish|Baseball|现代桌游与卡牌|滚轮与冰上规则,https://en.wikipedia.org/wiki/Pes%C3%A4pallo
棋牌桌游/角色扮演跑团/Call of Cthulhu跑团,Call of Cthulhu跑团,Call of Cthulhu TTRPG,玩「Call of Cthulhu跑团」的同好圈。,Call of Cthulhu跑团|Call|of|Cthulhu|TTRPG|角色扮演跑团,https://www.chaosium.com/call-of-cthulhu-rpg/
棋牌桌游/角色扮演跑团/LARP与变体/现场角色扮演LARP社,现场角色扮演LARP社,LARP Crew and Play Circles,玩「现场角色扮演LARP社」的同好圈。,现场角色扮演LARP社|LARP|Crew|Play|Circles|角色扮演跑团|LARP与变体,https://en.wikipedia.org/wiki/Live_action_role-playing_game
棋牌桌游/角色扮演跑团/规则书与设定书同人/OSR,OSR旧学派复兴圈,Old School Renaissance,玩「OSR旧学派复兴圈」的同好圈。,OSR旧学派复兴圈|OSR|Old|School|Renaissance|角色扮演跑团|规则书与设定书同人,https://en.wikipedia.org/wiki/Old_School_Renaissance
棋牌桌游/角色扮演跑团/规则书与设定书同人/独立TRPG,独立TRPG规则自制,Indie TTRPG Design,玩「独立TRPG规则自制」的同好圈。,独立TRPG规则自制|TRPG|Indie|TTRPG|Design|角色扮演跑团|规则书与设定书同人,https://www.drivethrurpg.com/
棋牌桌游/角色扮演跑团/规则变体/PoweredbyApocalypse变体,PoweredbyApocalypse变体,PbtA Hack Circles,玩「PoweredbyApocalypse变体」的同好圈。,PoweredbyApocalypse变体|PoweredbyApocalypse|PbtA|Hack|Circles|角色扮演跑团|规则变体,
气候塑造的玩耍/冬末火节/刘易斯篝火会游行,刘易斯篝火会游行,Lewes Bonfire Society Processions,季节玩「刘易斯篝火会游行」的同好圈。,刘易斯篝火会游行|Lewes|Bonfire|Society|Processions|冬末火节,https://en.wikipedia.org/wiki/Lewes_Bonfire
气候塑造的玩耍/冬末火节/设得兰火节UpHellyAa,设得兰火节UpHellyAa,Up Helly Aa Fire Festival,季节玩「设得兰火节UpHellyAa」的同好圈。,设得兰火节UpHellyAa|UpHellyAa|Up|Helly|Aa|Fire|Festival|冬末火节,https://en.wikipedia.org/wiki/Up_Helly_Aa
气候塑造的玩耍/冬至火与光节/布莱顿烧钟节,布莱顿烧钟节,Burning the Clocks Brighton,季节玩「布莱顿烧钟节」的同好圈。,布莱顿烧钟节|Burning|Clocks|Brighton|冬至火与光节,https://en.wikipedia.org/wiki/Burning_the_Clocks
气候塑造的玩耍/冰上无滑冰/国际扫帚球联赛圈,国际扫帚球联赛圈,International Broomball,季节玩「国际扫帚球联赛圈」的同好圈。,国际扫帚球联赛圈|International|Broomball|冰上无滑冰,https://en.wikipedia.org/wiki/Broomball
气候塑造的玩耍/冰上木瓶/冰上木瓶Eisstock,冰上木瓶Eisstock,Ice Stock Sport,季节玩「冰上木瓶Eisstock」（Ice Stock Sport）。,冰上木瓶Eisstock|Eisstock|Ice|Stock|Sport|冰上木瓶,https://en.wikipedia.org/wiki/Ice_stock_sport
气候塑造的玩耍/冰壶变体/Crokicurl冰上克罗克诺,Crokicurl冰上克罗克诺,Crokicurl,季节玩「Crokicurl冰上克罗克诺」（Crokicurl）。,Crokicurl冰上克罗克诺|Crokicurl|冰壶变体,https://en.wikipedia.org/wiki/Crokicurl
气候塑造的玩耍/冰帆/DN级冰帆竞速,DN级冰帆竞速,DN Ice Yacht Racing,季节玩「DN级冰帆竞速」（DN Ice Yacht Racing）。,DN级冰帆竞速|DN|Ice|Yacht|Racing|冰帆,https://en.wikipedia.org/wiki/Iceboat
气候塑造的玩耍/冰水/芬兰冰洞冬泳Avanto,芬兰冰洞冬泳Avanto,Finnish Avanto Ice-hole Swimming,季节玩「芬兰冰洞冬泳Avanto」的同好圈。,芬兰冰洞冬泳Avanto|Avanto|Finnish|Ice-hole|Swimming|冰水,https://en.wikipedia.org/wiki/Winter_swimming
气候塑造的玩耍/冰雪季/冰上钓鱼社群,冰上钓鱼社群,Ice Fishing Clubs,季节玩「冰上钓鱼社群」（Ice Fishing Clubs）。,冰上钓鱼社群|Ice|Fishing|Clubs|冰雪季,
气候塑造的玩耍/冰雪季/冰上风筝滑雪,冰上风筝滑雪,Snowkiting on Frozen Lakes,季节玩「冰上风筝滑雪」的同好圈。,冰上风筝滑雪|Snowkiting|on|Frozen|Lakes|冰雪季,
气候塑造的玩耍/冰雪季/冰灯与雪雕街区赛,冰灯与雪雕街区赛,Neighborhood Ice-lantern & Snow Sculpture,季节玩「冰灯与雪雕街区赛」的同好圈。,冰灯与雪雕街区赛|Neighborhood|Ice-lantern|Snow|Sculpture|冰雪季,
气候塑造的玩耍/冰雪季/加拿大冰屋构筑周末,加拿大冰屋构筑周末,Igloo-building Weekend Clubs,季节玩「加拿大冰屋构筑周末」的同好圈。,加拿大冰屋构筑周末|Igloo-building|Weekend|Clubs|冰雪季,
气候塑造的玩耍/冰雪季/芬兰烧桑拿滚雪,芬兰烧桑拿滚雪,Sauna-to-Snow Rolling Ritual,季节玩「芬兰烧桑拿滚雪」的同好圈。,芬兰烧桑拿滚雪|Sauna-to-Snow|Rolling|Ritual|冰雪季,
气候塑造的玩耍/冰雪季/雪地高尔夫趣味赛,雪地高尔夫趣味赛,Snow Golf Novelty Meets,季节玩「雪地高尔夫趣味赛」的同好圈。,雪地高尔夫趣味赛|Snow|Golf|Novelty|Meets|冰雪季,
气候塑造的玩耍/季节民俗/仲夏花环河灯夜,仲夏花环河灯夜,Midsummer Wreath River-lantern Nights,季节玩「仲夏花环河灯夜」的同好圈。,仲夏花环河灯夜|Midsummer|Wreath|River-lantern|Nights|季节民俗,
气候塑造的玩耍/季节民俗/收获季草垛迷宫夜游,收获季草垛迷宫夜游,Harvest Hay-maze Night Walks,季节玩「收获季草垛迷宫夜游」的同好圈。,收获季草垛迷宫夜游|Harvest|Hay-maze|Night|Walks|季节民俗,
气候塑造的玩耍/季节民俗/春分蛋立挑战聚会,春分蛋立挑战聚会,Equinox Egg-balancing Meetups,季节玩「春分蛋立挑战聚会」的同好圈。,春分蛋立挑战聚会|Equinox|Egg-balancing|Meetups|季节民俗,
气候塑造的玩耍/季节民俗/霜降柿子晒架志愿,霜降柿子晒架志愿,Frost-descent Persimmon Drying Racks,季节玩「霜降柿子晒架志愿」的同好圈。,霜降柿子晒架志愿|Frost-descent|Persimmon|Drying|Racks|季节民俗,
气候塑造的玩耍/季节民俗游行/五月柱舞社群,五月柱舞社群,Maypole Dance Village Troupes,季节玩「五月柱舞社群」的同好圈。,五月柱舞社群|Maypole|Dance|Village|Troupes|季节民俗游行,https://en.wikipedia.org/wiki/Maypole_dance
气候塑造的玩耍/季节民俗游行/井饰WellDressing节,井饰WellDressing节,Well Dressing Festival Circuits,季节玩「井饰WellDressing节」的同好圈。,井饰WellDressing节|WellDressing|Well|Dressing|Festival|Circuits|季节民俗游行,https://en.wikipedia.org/wiki/Well_dressing
气候塑造的玩耍/季节民俗游行/帕德斯托Hobby马节,帕德斯托Hobby马节,Padstow Obby Oss Festival,季节玩「帕德斯托Hobby马节」的同好圈。,帕德斯托Hobby马节|Padstow|Obby|Oss|Festival|季节民俗游行,https://en.wikipedia.org/wiki/%27Obby_%27Oss_festival
气候塑造的玩耍/季节民俗游行/阿博茨布罗姆利角舞,阿博茨布罗姆利角舞,Abbots Bromley Horn Dance,季节玩「阿博茨布罗姆利角舞」的同好圈。,阿博茨布罗姆利角舞|Abbots|Bromley|Horn|Dance|季节民俗游行,https://en.wikipedia.org/wiki/Abbots_Bromley_Horn_Dance
气候塑造的玩耍/季风与旱季/旱季盐沼结晶观赏徒步,旱季盐沼结晶观赏徒步,Dry-season Salt-pan Crystal Walks,季节玩「旱季盐沼结晶观赏徒步」的同好圈。,旱季盐沼结晶观赏徒步|Dry-season|Salt-pan|Crystal|Walks|季风与旱季,
气候塑造的玩耍/季风与旱季/沙尘暴摄影安全小队,沙尘暴摄影安全小队,Dust-storm Photography Safety Teams,季节玩「沙尘暴摄影安全小队」的同好圈。,沙尘暴摄影安全小队|Dust-storm|Photography|Safety|Teams|季风与旱季,
气候塑造的玩耍/季风与旱季/沙漠星空季露营观星,沙漠星空季露营观星,Desert Dry-season Stargazing Camps,季节玩「沙漠星空季露营观星」的同好圈。,沙漠星空季露营观星|Desert|Dry-season|Stargazing|Camps|季风与旱季,
气候塑造的玩耍/季风与旱季/雨季蛙声识别夜巡,雨季蛙声识别夜巡,Monsoon Frog-call Night Walks,季节玩「雨季蛙声识别夜巡」的同好圈。,雨季蛙声识别夜巡|Monsoon|Frog-call|Night|Walks|季风与旱季,
气候塑造的玩耍/山地滑板/山地滑板Mountainboarding,山地滑板Mountainboarding,Mountainboarding,季节玩「山地滑板Mountainboarding」的同好圈。,山地滑板Mountainboarding|Mountainboarding|山地滑板,https://en.wikipedia.org/wiki/Mountainboarding
气候塑造的玩耍/山地越野气候赛/人马越野对决赛,人马越野对决赛,Man versus Horse Marathon,季节玩「人马越野对决赛」的同好圈。,人马越野对决赛|Man|versus|Horse|Marathon|山地越野气候赛,https://en.wikipedia.org/wiki/Man_versus_Horse_Marathon
气候塑造的玩耍/水汽与雾/云海观景季登山社,云海观景季登山社,Sea-of-clouds Seasonal Hiking Clubs,季节玩「云海观景季登山社」的同好圈。,云海观景季登山社|Sea-of-clouds|Seasonal|Hiking|Clubs|水汽与雾,
气候塑造的玩耍/水汽与雾/晨露蛛网微距巡线,晨露蛛网微距巡线,Dawn Dew Spiderweb Macro Routes,季节玩「晨露蛛网微距巡线」的同好圈。,晨露蛛网微距巡线|Dawn|Dew|Spiderweb|Macro|Routes|水汽与雾,
气候塑造的玩耍/水汽与雾/温泉雾气摄影散步,温泉雾气摄影散步,Hot-spring Fog Photo Strolls,季节玩「温泉雾气摄影散步」的同好圈。,温泉雾气摄影散步|Hot-spring|Fog|Photo|Strolls|水汽与雾,
气候塑造的玩耍/池塘冰球/池塘冰球Pond hockey,池塘冰球Pond hockey,Pond Hockey,季节玩「池塘冰球Pond hockey」（Pond Hockey）。,池塘冰球Pond hockey|Pond|hockey|Hockey|池塘冰球,https://en.wikipedia.org/wiki/Pond_hockey
气候塑造的玩耍/滚轮滑雪/滚轮滑雪Roller skiing,滚轮滑雪Roller skiing,Roller Skiing,季节玩「滚轮滑雪Roller skiing」的同好圈。,滚轮滑雪Roller skiing|Roller|skiing|Skiing|滚轮滑雪,https://en.wikipedia.org/wiki/Roller_skiing
气候塑造的玩耍/潮汐与河岸/月光低潮夜行拾潮,月光低潮夜行拾潮,Moonlit Low-tide Night Forays,季节玩「月光低潮夜行拾潮」的同好圈。,月光低潮夜行拾潮|Moonlit|Low-tide|Night|Forays|潮汐与河岸,
气候塑造的玩耍/潮汐与河岸/河口泥滩观鸟驿站志愿,河口泥滩观鸟驿站志愿,Estuary Mudflat Birding Stewards,季节玩「河口泥滩观鸟驿站志愿」的同好圈。,河口泥滩观鸟驿站志愿|Estuary|Mudflat|Birding|Stewards|潮汐与河岸,
气候塑造的玩耍/潮汐与河岸/泰晤士河泥滩寻宝Mudlarking,泰晤士河泥滩寻宝Mudlarking,Thames Mudlarking,季节玩「泰晤士河泥滩寻宝Mudlarking」的同好圈。,泰晤士河泥滩寻宝Mudlarking|Mudlarking|Thames|潮汐与河岸,https://en.wikipedia.org/wiki/Mudlark
气候塑造的玩耍/潮汐与河岸/潮间带拾贝与潮汐表游戏,潮间带拾贝与潮汐表游戏,Tide-table Foraging Games,季节玩「潮间带拾贝与潮汐表游戏」的同好圈。,潮间带拾贝与潮汐表游戏|Tide-table|Foraging|Games|潮汐与河岸,
气候塑造的玩耍/潮汐与河岸/风暴潮后海滩净滩捡塑,风暴潮后海滩净滩捡塑,Post-storm Beach Plastic Picking,季节玩「风暴潮后海滩净滩捡塑」的同好圈。,风暴潮后海滩净滩捡塑|Post-storm|Beach|Plastic|Picking|潮汐与河岸,
气候塑造的玩耍/潮间带/潮间带定向拾趣,潮间带定向拾趣,Tidepool Orienteering Play,季节玩「潮间带定向拾趣」的同好圈。,潮间带定向拾趣|Tidepool|Orienteering|Play|潮间带,https://en.wikipedia.org/wiki/Rock_pooling
气候塑造的玩耍/热湿微气候/芬兰桑拿协会传统浴礼,芬兰桑拿协会传统浴礼,Finnish Sauna Society,季节玩「芬兰桑拿协会传统浴礼」的同好圈。,芬兰桑拿协会传统浴礼|Finnish|Sauna|Society|热湿微气候,https://www.sauna.fi/in-english/
气候塑造的玩耍/班迪/班迪球Bandy,班迪球Bandy,Bandy,季节玩「班迪球Bandy」（Bandy）。,班迪球Bandy|Bandy|班迪,https://en.wikipedia.org/wiki/Bandy
气候塑造的玩耍/草地滑雪/草地滑雪Grass skiing,草地滑雪Grass skiing,Grass Skiing,季节玩「草地滑雪Grass skiing」的同好圈。,草地滑雪Grass skiing|Grass|skiing|Skiing|草地滑雪,https://en.wikipedia.org/wiki/Grass_skiing
气候塑造的玩耍/铃纳特/铃纳特Ringette,铃纳特Ringette,Ringette,季节玩「铃纳特Ringette」（Ringette）。,铃纳特Ringette|Ringette|铃纳特,https://en.wikipedia.org/wiki/Ringette
气候塑造的玩耍/雨季风筝/雨季战斗风筝,雨季战斗风筝,Monsoon Fighter Kite Contests,季节玩「雨季战斗风筝」的同好圈。,雨季战斗风筝|Monsoon|Fighter|Kite|Contests|雨季风筝,https://en.wikipedia.org/wiki/Fighter_kite
气候塑造的玩耍/雪地坡面玩耍/雪地铲滑竞速,雪地铲滑竞速,Shovel Racing,季节玩「雪地铲滑竞速」（Shovel Racing）。,雪地铲滑竞速|Shovel|Racing|雪地坡面玩耍,https://en.wikipedia.org/wiki/Shovel_racing
气候塑造的玩耍/雪蛇/雪蛇Snow Snake投掷,雪蛇Snow Snake投掷,Snow Snake,季节玩「雪蛇Snow Snake投掷」（Snow Snake）。,雪蛇Snow Snake投掷|Snow|Snake|雪蛇,https://en.wikipedia.org/wiki/Snow_snake
气候塑造的玩耍/雪鞋/雪鞋竞速WSSF,雪鞋竞速WSSF,Snowshoe Racing WSSF,季节玩「雪鞋竞速WSSF」的同好圈。,雪鞋竞速WSSF|WSSF|Snowshoe|Racing|雪鞋,https://en.wikipedia.org/wiki/Snowshoe_running
气候塑造的玩耍/雾与水汽/FogQuest雾气收集志愿观测,FogQuest雾气收集志愿观测,FogQuest,季节玩「FogQuest雾气收集志愿观测」（FogQuest）。,FogQuest雾气收集志愿观测|FogQuest|雾与水汽,https://www.fogquest.org/
气候塑造的玩耍/风与热/城市热岛夜间凉台棋会,城市热岛夜间凉台棋会,Heat-island Night Rooftop Board Nights,季节玩「城市热岛夜间凉台棋会」的同好圈。,城市热岛夜间凉台棋会|Heat-island|Night|Rooftop|Board|Nights|风与热,
气候塑造的玩耍/风与热/沙漠热风风筝冲浪,沙漠热风风筝冲浪,Desert Thermal Wind Kite Sessions,季节玩「沙漠热风风筝冲浪」的同好圈。,沙漠热风风筝冲浪|Desert|Thermal|Wind|Kite|Sessions|风与热,
气候塑造的玩耍/风与热/焚风日徒步微气候记录,焚风日徒步微气候记录,Föhn-day Microclimate Hiking Logs,季节玩「焚风日徒步微气候记录」的同好圈。,焚风日徒步微气候记录|hn-day|Microclimate|Hiking|Logs|风与热,
社群志愿/修复与再用社群/物品图书馆,物品图书馆,Library of Things,志愿做「物品图书馆」（Library of Things）。,物品图书馆|Library|of|Things|修复与再用社群,https://en.wikipedia.org/wiki/Library_of_Things
社群志愿/修复与再用社群/织补Darning,织补Darning,Darning Communities,志愿做「织补Darning」的同好圈。,织补Darning|Darning|Communities|修复与再用社群,https://en.wikipedia.org/wiki/Darning
社群志愿/修复与再用社群/缝补互助社群,缝补互助社群,Mending Mutual-Aid Circles,志愿做「缝补互助社群」的同好圈。,缝补互助社群|Mending|Mutual-Aid|Circles|修复与再用社群,https://en.wikipedia.org/wiki/Mending
社群志愿/公益与救助/AAA雪崩安全训练,AAA雪崩安全训练,AAA avalanche training,志愿做「AAA雪崩安全训练」的同好圈。,AAA雪崩安全训练|AAA|avalanche|training|公益与救助,https://avtraining.org/
社群志愿/公益与救助/DAN潜水急救训练,DAN潜水急救训练,DAN diving first aid,志愿做「DAN潜水急救训练」的同好圈。,DAN潜水急救训练|DAN|diving|first|aid|公益与救助,https://dan.org/
社群志愿/公益与救助/ILS国际救生训练,ILS国际救生训练,ILS lifesaving training,志愿做「ILS国际救生训练」的同好圈。,ILS国际救生训练|ILS|lifesaving|training|公益与救助,https://www.ilsf.org/
社群志愿/公益与救助/NASAR搜救训练,NASAR搜救训练,NASAR search and rescue training,志愿做「NASAR搜救训练」的同好圈。,NASAR搜救训练|NASAR|search|rescue|training|公益与救助,https://nasar.org/
社群志愿/公益与救助/NCRC洞穴救援训练,NCRC洞穴救援训练,NCRC cave rescue training,志愿做「NCRC洞穴救援训练」的同好圈。,NCRC洞穴救援训练|NCRC|cave|rescue|training|公益与救助,https://caves.org/ncrc/
社群志愿/公益与救助/Rescue3激流救援,Rescue3激流救援,Rescue 3 swiftwater training,志愿做「Rescue3激流救援」的同好圈。,Rescue3激流救援|Rescue3|Rescue|swiftwater|training|公益与救助,https://rescue3europe.com/
社群志愿/公益与救助/WMS荒野医学,WMS荒野医学,Wilderness Medical Society,志愿做「WMS荒野医学」的同好圈。,WMS荒野医学|WMS|Wilderness|Medical|Society|公益与救助,https://wms.org/home
社群志愿/公益与救助/公民观测与共享物/Little Free Library管家,Little Free Library管家,Little Free Library Stewardship,志愿做「Little Free Library管家」的同好圈。,Little Free Library管家|Little|Free|Library|Stewardship|公益与救助|公民观测与共享物,https://littlefreelibrary.org/
社群志愿/公益与救助/公民观测与共享物/气象志愿观测WOW,气象志愿观测WOW,Met Office WOW Weather Observers,志愿做「气象志愿观测WOW」的同好圈。,气象志愿观测WOW|WOW|Met|Office|Weather|Observers|公益与救助|公民观测与共享物,https://wow.metoffice.gov.uk/
社群志愿/公益与救助/圣城救济厨房斋月志愿,圣城救济厨房斋月志愿,Iftar Community Kitchen Ramadan Volunteering,志愿做「圣城救济厨房斋月志愿」的同好圈。,圣城救济厨房斋月志愿|Iftar|Community|Kitchen|Ramadan|Volunteering|公益与救助,https://en.wikipedia.org/wiki/Iftar
社群志愿/公益与救助/山地失踪人员搜索志愿,山地失踪人员搜索志愿,Mountain Missing-person Search Volunteers,志愿做「山地失踪人员搜索志愿」的同好圈。,山地失踪人员搜索志愿|Mountain|Missing-person|Search|Volunteers|公益与救助,
社群志愿/公益与救助/山地救援训练,山地救援训练,Mountain rescue training,志愿做「山地救援训练」的同好圈。,山地救援训练|Mountain|rescue|training|公益与救助,https://www.alpine-rescue.org/articles/132--training-of-mountain-rescuers
社群志愿/公益与救助/搜救救护与信托志愿/皇家救生艇RNLI志愿,皇家救生艇RNLI志愿,RNLI Volunteering,志愿做「皇家救生艇RNLI志愿」的同好圈。,皇家救生艇RNLI志愿|RNLI|Volunteering|公益与救助|搜救救护与信托志愿,https://rnli.org/
社群志愿/公益与救助/搜救救护与信托志愿/英格兰威尔士山地救援,英格兰威尔士山地救援,Mountain Rescue England and Wales,志愿做「英格兰威尔士山地救援」的同好圈。,英格兰威尔士山地救援|Mountain|Rescue|England|Wales|公益与救助|搜救救护与信托志愿,https://www.mountain.rescue.org.uk/
社群志愿/公益与救助/搜救救护与信托志愿/阿巴拉契亚步道维护志愿,阿巴拉契亚步道维护志愿,Appalachian Trail Conservancy Volunteers,志愿做「阿巴拉契亚步道维护志愿」的同好圈。,阿巴拉契亚步道维护志愿|Appalachian|Trail|Conservancy|Volunteers|公益与救助|搜救救护与信托志愿,https://appalachiantrail.org/
社群志愿/公益与救助/水域救生员技能复训,水域救生员技能复训,Lifesaving recertification practice,志愿做「水域救生员技能复训」的同好圈。,水域救生员技能复训|Lifesaving|recertification|practice|公益与救助,https://www.ilsf.org/lifesaving-sport/disciplines/
社群志愿/公益与救助/激流水域救援训练,激流水域救援训练,Swiftwater rescue,志愿做「激流水域救援训练」（Swiftwater rescue）。,激流水域救援训练|Swiftwater|rescue|公益与救助,https://ipsqa.com/swift/
社群志愿/公益与救助/英国洞穴救援训练,英国洞穴救援训练,British cave rescue training,志愿做「英国洞穴救援训练」的同好圈。,英国洞穴救援训练|British|cave|rescue|training|公益与救助,https://www.caverescue.org.uk/
社群志愿/公益与救助/荒野第一响应员训练,荒野第一响应员训练,Wilderness First Responder,志愿做「荒野第一响应员训练」的同好圈。,荒野第一响应员训练|Wilderness|First|Responder|公益与救助,https://www.wildmededucationcollaborative.org/certification-standards.html
社群志愿/公益与救助/认证路径救/搜救志愿认证,搜救志愿认证,SAR Volunteer Credential Paths,志愿做「搜救志愿认证」的同好圈。,搜救志愿认证|SAR|Volunteer|Credential|Paths|公益与救助|认证路径救,https://en.wikipedia.org/wiki/Search_and_rescue
社群志愿/公益与救助/锡克庙朗加尔公共厨房志愿,锡克庙朗加尔公共厨房志愿,Sikh Langar Community Kitchen Volunteering,志愿做「锡克庙朗加尔公共厨房志愿」的同好圈。,锡克庙朗加尔公共厨房志愿|Sikh|Langar|Community|Kitchen|Volunteering|公益与救助,https://en.wikipedia.org/wiki/Langar_(Sikhism)
社群志愿/公益与救助/雪崩搜救训练,雪崩搜救训练,Avalanche rescue training,志愿做「雪崩搜救训练」的同好圈。,雪崩搜救训练|Avalanche|rescue|training|公益与救助,https://www.alpine-rescue.org/articles/88--avalanche-rescue-commission
社群志愿/公益与救助/高空扁带救援演练,高空扁带救援演练,Highline rescue practice,志愿做「高空扁带救援演练」的同好圈。,高空扁带救援演练|Highline|rescue|practice|公益与救助,https://www.slacklineinternational.org/resources/safety/
社群志愿/公益与救助/高角度绳索救援训练,高角度绳索救援训练,High-angle rope rescue training,志愿做「高角度绳索救援训练」的同好圈。,高角度绳索救援训练|High-angle|rope|rescue|training|公益与救助,https://itra.international/
社群志愿/地方互助与移民飞地/Order of the Sons of Italy,Order of the Sons of Italy,Order Sons and Daughters of Italy in America,志愿做「Order of the Sons of Italy」的同好圈。,Order of the Sons of Italy|Order|of|Sons|Italy|Daughters|in|America,https://www.osia.org/
社群志愿/地方互助与移民飞地/Pasifika Festival奥克兰志愿,Pasifika Festival奥克兰志愿,Pasifika Festival,志愿做「Pasifika Festival奥克兰志愿」的同好圈。,Pasifika Festival奥克兰志愿|Pasifika|Festival|地方互助与移民飞地,https://www.aucklandnz.com/pasifika
社群志愿/地方互助与移民飞地/Toronto Caribbean Carnival乐队,Toronto Caribbean Carnival乐队,Toronto Caribbean Carnival,志愿做「Toronto Caribbean Carnival乐队」的同好圈。,Toronto Caribbean Carnival乐队|Toronto|Caribbean|Carnival|地方互助与移民飞地,https://toronto-carnival.com/
社群志愿/地方互助与移民飞地/北美巴斯克中心NABO,北美巴斯克中心NABO,North American Basque Organizations,志愿做「北美巴斯克中心NABO」的同好圈。,北美巴斯克中心NABO|NABO|North|American|Basque|Organizations|地方互助与移民飞地,https://nabasque.eus/
社群志愿/地方互助与移民飞地/南澳康沃尔协会,南澳康沃尔侨民协会,Cornish Association of South Australia,志愿做「南澳康沃尔侨民协会」的同好圈。,南澳康沃尔侨民协会|Cornish|Association|of|South|Australia|地方互助与移民飞地|南澳康沃尔协会,https://cornishsa.org.au/
社群志愿/地方互助与移民飞地/国家海岸瞭望NCI,国家海岸瞭望NCI志愿,National Coastwatch Institution,志愿做「国家海岸瞭望NCI志愿」的同好圈。,国家海岸瞭望NCI志愿|NCI|National|Coastwatch|Institution|地方互助与移民飞地|国家海岸瞭望NCI,https://www.nci.org.uk/
社群志愿/地方互助与移民飞地/挪威之子会所,挪威之子会所Sons of Norway,Sons of Norway,志愿做「挪威之子会所Sons of Norway」的同好圈。,挪威之子会所Sons of Norway|Sons|of|Norway|地方互助与移民飞地|挪威之子会所,https://www.sofn.com/
社群志愿/地方互助与移民飞地/新南威尔士乡村消防,新南威尔士乡村消防志愿,NSW Rural Fire Service Volunteers,志愿做「新南威尔士乡村消防志愿」的同好圈。,新南威尔士乡村消防志愿|NSW|Rural|Fire|Service|Volunteers|地方互助与移民飞地|新南威尔士乡村消防,https://www.rfs.nsw.gov.au/
社群志愿/地方互助与移民飞地/波兰猎鹰会,波兰猎鹰会Polish Falcons,Polish Falcons of America,志愿做「波兰猎鹰会Polish Falcons」的同好圈。,波兰猎鹰会Polish Falcons|Polish|Falcons|of|America|地方互助与移民飞地|波兰猎鹰会,https://polishfalcons.org/
社群志愿/地方互助与移民飞地/瓦萨会所瑞典裔,瓦萨会所瑞典裔互助,Vasa Order of America,志愿做「瓦萨会所瑞典裔互助」的同好圈。,瓦萨会所瑞典裔互助|Vasa|Order|of|America|地方互助与移民飞地|瓦萨会所瑞典裔,https://www.vasaorder.com/legacy/
社群志愿/地方互助与移民飞地/运河河流信托志愿,运河河流信托船闸志愿,Canal & River Trust Volunteering,志愿做「运河河流信托船闸志愿」的同好圈。,运河河流信托船闸志愿|Canal|River|Trust|Volunteering|地方互助与移民飞地|运河河流信托志愿,https://canalrivertrust.org.uk/
社群志愿/地方志愿网络/圣约翰救护成人志愿,圣约翰救护成人志愿,St John Ambulance Adult Volunteers,志愿做「圣约翰救护成人志愿」的同好圈。,圣约翰救护成人志愿|St|John|Ambulance|Adult|Volunteers|地方志愿网络,https://www.sja.org.uk/
社群志愿/地方志愿网络/澳洲男子工棚协会,澳洲男子工棚协会,Australian Men's Shed Association,志愿做「澳洲男子工棚协会」的同好圈。,澳洲男子工棚协会|Australian|Men|Shed|Association|地方志愿网络,https://mensshed.org/
社群志愿/应急通信志愿/ARES业余无线电应急通信,ARES业余无线电应急通信,ARES Emergency Communications,志愿做「ARES业余无线电应急通信」的同好圈。,ARES业余无线电应急通信|ARES|Emergency|Communications|应急通信志愿,https://www.arrl.org/ares
社群志愿/应急通信志愿/RACES民防业余电台志愿,RACES民防业余电台志愿,RACES Civil Defense Radio Volunteering,志愿做「RACES民防业余电台志愿」的同好圈。,RACES民防业余电台志愿|RACES|Civil|Defense|Radio|Volunteering|应急通信志愿,https://www.arrl.org/races
社群志愿/应急通信志愿/应急补/天气网SKYWARN,天气网SKYWARN,SKYWARN Spotter Volunteers,志愿做「天气网SKYWARN」的同好圈。,天气网SKYWARN|SKYWARN|Spotter|Volunteers|应急通信志愿|应急补,https://en.wikipedia.org/wiki/SKYWARN
社群志愿/开源与知识共享/匿名蜂群/分布式校对蜂群,分布式校对蜂群,Distributed Proofreaders Swarms,志愿做「分布式校对蜂群」的同好圈。,分布式校对蜂群|Distributed|Proofreaders|Swarms|开源与知识共享|匿名蜂群,https://en.wikipedia.org/wiki/Distributed_Proofreaders
社群志愿/开源与知识共享/匿名蜂群/星系动物园分类蜂群,星系动物园分类蜂群,Galaxy Zoo Classification Swarms,志愿做「星系动物园分类蜂群」的同好圈。,星系动物园分类蜂群|Galaxy|Zoo|Classification|Swarms|开源与知识共享|匿名蜂群,https://en.wikipedia.org/wiki/Galaxy_Zoo
社群志愿/开源与知识共享/开放街道地图/Humanitarian OSM,Humanitarian OSM,HOT OSM,志愿做「Humanitarian OSM」（HOT OSM）。,Humanitarian OSM|Humanitarian|OSM|HOT|开源与知识共享|开放街道地图,https://www.hotosm.org/
社群志愿/开源与知识共享/开放街道地图/OSM实地测绘,OSM实地测绘,OSM Field Mapping,志愿做「OSM实地测绘」（OSM Field Mapping）。,OSM实地测绘|OSM|Field|Mapping|开源与知识共享|开放街道地图,https://www.openstreetmap.org/
社群志愿/开源与知识共享/文档传习/维基数据结构化编辑,维基数据结构化编辑,Wikidata Structured Editing Circles,志愿做「维基数据结构化编辑」的同好圈。,维基数据结构化编辑|Wikidata|Structured|Editing|Circles|开源与知识共享|文档传习,https://en.wikipedia.org/wiki/Wikidata
社群志愿/开源与知识共享/维基马拉松遗产编辑夜,维基马拉松遗产编辑夜,Heritage Edit-a-thon Marathon Night,志愿做「维基马拉松遗产编辑夜」的同好圈。,维基马拉松遗产编辑夜|Heritage|Edit-a-thon|Marathon|Night|开源与知识共享,https://en.wikipedia.org/wiki/Edit-a-thon
社群志愿/开源知识/古腾堡计划校对,古腾堡计划校对,Distributed Proofreaders Gutenberg,志愿做「古腾堡计划校对」的同好圈。,古腾堡计划校对|Distributed|Proofreaders|Gutenberg|开源知识,https://en.wikipedia.org/wiki/Distributed_Proofreaders
社群志愿/开源知识/维基媒体GLAM志愿,维基媒体GLAM志愿,Wikimedia GLAM Volunteers,志愿做「维基媒体GLAM志愿」的同好圈。,维基媒体GLAM志愿|GLAM|Wikimedia|Volunteers|开源知识,https://en.wikipedia.org/wiki/Wikipedia:GLAM
社群志愿/开源硬件/志愿气象站维护,志愿气象站维护,Volunteer Weather Station Keepers,志愿做「志愿气象站维护」的同好圈。,志愿气象站维护|Volunteer|Weather|Station|Keepers|开源硬件,https://en.wikipedia.org/wiki/Citizen_Weather_Observer_Program
社群志愿/开源硬件/社区生物实验室DIYbio,社区生物实验室DIYbio,Community Biohackerspace Biosafety,志愿做「社区生物实验室DIYbio」的同好圈。,社区生物实验室DIYbio|DIYbio|Community|Biohackerspace|Biosafety|开源硬件,https://en.wikipedia.org/wiki/Do-it-yourself_biology
社群志愿/本地兴趣俱乐部/伊斯塔帕拉帕受难剧社区筹办,伊斯塔帕拉帕受难剧社区筹办,Iztapalapa Passion Play Community Organizing,志愿做「伊斯塔帕拉帕受难剧社区筹办」的同好圈。,伊斯塔帕拉帕受难剧社区筹办|Iztapalapa|Passion|Play|Community|Organizing|本地兴趣俱乐部,https://ich.unesco.org/en/RL/representation-of-the-passion-death-and-resurrection-of-christ-in-iztapalapa-02237
社群志愿/本地兴趣俱乐部/全球南节庆与社群实践/印度Rangoli地面彩绘社群,印度Rangoli地面彩绘社群,Rangoli / Kolam Floor Art Circles,志愿做「印度Rangoli地面彩绘社群」的同好圈。,印度Rangoli地面彩绘社群|Rangoli|Kolam|Floor|Art|Circles|本地兴趣俱乐部|全球南节庆与社群实践,https://en.wikipedia.org/wiki/Rangoli
社群志愿/本地兴趣俱乐部/全球南节庆与社群实践/墨西哥亡灵节祭坛布置爱好,墨西哥亡灵节祭坛布置爱好,Día de Muertos Ofrenda Making,志愿做「墨西哥亡灵节祭坛布置爱好」的同好圈。,墨西哥亡灵节祭坛布置爱好|de|Muertos|Ofrenda|Making|本地兴趣俱乐部|全球南节庆与社群实践,https://ich.unesco.org/en/RL/indigenous-festivity-dedicated-to-the-dead-00054
社群志愿/本地兴趣俱乐部/全球南节庆与社群实践/特立尼达嘉年华Mas营地,特立尼达嘉年华Mas营地,Trinidad Carnival Mas Camps,志愿做「特立尼达嘉年华Mas营地」的同好圈。,特立尼达嘉年华Mas营地|Mas|Trinidad|Carnival|Camps|本地兴趣俱乐部|全球南节庆与社群实践,https://en.wikipedia.org/wiki/Carnival_in_Trinidad_and_Tobago
社群志愿/本地兴趣俱乐部/全球南节庆与社群实践/西非Kente节与织布市集志愿,加纳织布节庆市集志愿,Ghana Textile Festival Market Volunteering,志愿做「加纳织布节庆市集志愿」的同好圈。,加纳织布节庆市集志愿|Ghana|Textile|Festival|Market|Volunteering|本地兴趣俱乐部|全球南节庆与社群实践,https://ich.unesco.org/en/RL/craftsmanship-of-traditional-woven-textile-kente-02130
社群志愿/本地兴趣俱乐部/全球南节庆与社群实践/里约Samba学校嘉年华排练,里约Samba学校嘉年华排练,Rio Samba School Carnival Rehearsal,志愿做「里约Samba学校嘉年华排练」的同好圈。,里约Samba学校嘉年华排练|Samba|Rio|School|Carnival|Rehearsal|本地兴趣俱乐部|全球南节庆与社群实践,https://en.wikipedia.org/wiki/Samba_school
社群志愿/本地兴趣俱乐部/八户三社大祭山车组参与,八户三社大祭山车组参与,Hachinohe Sansha Taisai Float Groups,志愿做「八户三社大祭山车组参与」的同好圈。,八户三社大祭山车组参与|Hachinohe|Sansha|Taisai|Float|Groups|本地兴趣俱乐部,https://ich.unesco.org/en/RL/yama-hoko-yatai-float-festivals-in-japan-02292
社群志愿/本地兴趣俱乐部/利穆赞七年展圣遗物志愿,利穆赞七年展圣遗物志愿,Limousin Septennial Ostensions Volunteering,志愿做「利穆赞七年展圣遗物志愿」的同好圈。,利穆赞七年展圣遗物志愿|Limousin|Septennial|Ostensions|Volunteering|本地兴趣俱乐部,https://ich.unesco.org/en/RL/limousin-septennial-ostensions-00885
社群志愿/本地兴趣俱乐部/博多祇园山笠流舁参与,博多祇园山笠流舁参与,Hakata Gion Yamakasa Nagare Teams,志愿做「博多祇园山笠流舁参与」的同好圈。,博多祇园山笠流舁参与|Hakata|Gion|Yamakasa|Nagare|Teams|本地兴趣俱乐部,https://ich.unesco.org/en/RL/yama-hoko-yatai-float-festivals-in-japan-02292
社群志愿/本地兴趣俱乐部/印度庙会志愿疏导队,印度庙会志愿疏导队,Indian Temple Festival Volunteer Stewarding,志愿做「印度庙会志愿疏导队」的同好圈。,印度庙会志愿疏导队|Indian|Temple|Festival|Volunteer|Stewarding|本地兴趣俱乐部,https://en.wikipedia.org/wiki/Temple_festival
社群志愿/本地兴趣俱乐部/危地马拉圣周花毯志愿铺设,危地马拉圣周花毯志愿铺设,Guatemala Holy Week Alfombra Volunteering,志愿做「危地马拉圣周花毯志愿铺设」的同好圈。,危地马拉圣周花毯志愿铺设|Guatemala|Holy|Week|Alfombra|Volunteering|本地兴趣俱乐部,https://ich.unesco.org/en/RL/holy-week-in-guatemala-01854
社群志愿/本地兴趣俱乐部/圣周苦路兄弟会抬轿,圣周苦路兄弟会抬轿,Holy Week Nazarenos Paso Bearing,志愿做「圣周苦路兄弟会抬轿」的同好圈。,圣周苦路兄弟会抬轿|Holy|Week|Nazarenos|Paso|Bearing|本地兴趣俱乐部,https://en.wikipedia.org/wiki/Holy_Week_in_Spain
社群志愿/本地兴趣俱乐部/坦坦牧民庙会志愿协办,坦坦牧民庙会志愿协办,Tan-Tan Moussem Nomad Gathering Volunteering,志愿做「坦坦牧民庙会志愿协办」的同好圈。,坦坦牧民庙会志愿协办|Tan-Tan|Moussem|Nomad|Gathering|Volunteering|本地兴趣俱乐部,https://ich.unesco.org/en/RL/cultural-space-of-the-moussem-of-tan-tan-00161
社群志愿/本地兴趣俱乐部/塞维利亚圣周兄弟会协作,塞维利亚圣周兄弟会协作,Seville Holy Week Brotherhood Participation,志愿做「塞维利亚圣周兄弟会协作」的同好圈。,塞维利亚圣周兄弟会协作|Seville|Holy|Week|Brotherhood|Participation|本地兴趣俱乐部,https://www.hermandades-de-sevilla.org/
社群志愿/本地兴趣俱乐部/委内瑞拉圣体节舞魔兄弟会,委内瑞拉圣体节舞魔兄弟会,Venezuela Corpus Christi Dancing Devils Confraternity,志愿做「委内瑞拉圣体节舞魔兄弟会」的同好圈。,委内瑞拉圣体节舞魔兄弟会|Venezuela|Corpus|Christi|Dancing|Devils|Confraternity|本地兴趣俱乐部,https://ich.unesco.org/en/RL/venezuela-s-dancing-devils-of-corpus-christi-00639
社群志愿/本地兴趣俱乐部/威尼斯狂欢节面具工社,威尼斯狂欢节面具工社,Venice Carnival Mask Workshops,志愿做「威尼斯狂欢节面具工社」的同好圈。,威尼斯狂欢节面具工社|Venice|Carnival|Mask|Workshops|本地兴趣俱乐部,https://en.wikipedia.org/wiki/Carnival_of_Venice
社群志愿/本地兴趣俱乐部/山鉾屋台町众协作,山鉾屋台町众协作,Yama Hoko Yatai Community Crewing,志愿做「山鉾屋台町众协作」的同好圈。,山鉾屋台町众协作|Yama|Hoko|Yatai|Community|Crewing|本地兴趣俱乐部,https://ich.unesco.org/en/RL/yama-hoko-yatai-float-festivals-in-japan-02292
社群志愿/本地兴趣俱乐部/巴兰基亚狂欢比较萨协作,巴兰基亚狂欢比较萨协作,Barranquilla Carnival Comparsa Participation,志愿做「巴兰基亚狂欢比较萨协作」的同好圈。,巴兰基亚狂欢比较萨协作|Barranquilla|Carnival|Comparsa|Participation|本地兴趣俱乐部,https://ich.unesco.org/en/RL/carnival-of-barranquilla-00051
社群志愿/本地兴趣俱乐部/巴哈马Junkanoo棚屋工坊,巴哈马Junkanoo棚屋工坊,Bahamas Junkanoo Shack Crew Participation,志愿做「巴哈马Junkanoo棚屋工坊」的同好圈。,巴哈马Junkanoo棚屋工坊|Junkanoo|Bahamas|Shack|Crew|Participation|本地兴趣俱乐部,https://ich.unesco.org/en/RL/junkanoo-01988
社群志愿/本地兴趣俱乐部/巴斯狂欢节花车协会,巴斯狂欢节花车协会,Bath Carnival Float Associations,志愿做「巴斯狂欢节花车协会」的同好圈。,巴斯狂欢节花车协会|Bath|Carnival|Float|Associations|本地兴趣俱乐部,https://en.wikipedia.org/wiki/Bath_Carnival
社群志愿/本地兴趣俱乐部/布鲁日圣血游行兄弟会参与,布鲁日圣血游行兄弟会参与,Bruges Holy Blood Procession Brotherhood,志愿做「布鲁日圣血游行兄弟会参与」的同好圈。,布鲁日圣血游行兄弟会参与|Bruges|Holy|Blood|Procession|Brotherhood|本地兴趣俱乐部,https://ich.unesco.org/en/RL/procession-of-the-holy-blood-in-bruges-00263
社群志愿/本地兴趣俱乐部/拉巴斯大能节舞蹈兄弟会,拉巴斯大能节舞蹈兄弟会,La Paz Gran Poder Dance Fraternity,志愿做「拉巴斯大能节舞蹈兄弟会」的同好圈。,拉巴斯大能节舞蹈兄弟会|La|Paz|Gran|Poder|Dance|Fraternity|本地兴趣俱乐部,https://ich.unesco.org/en/RL/the-festival-of-the-santisma-trinidad-del-senor-jesus-del-gran-poder-in-the-city-of-la-paz-01389
社群志愿/本地兴趣俱乐部/拉斯帕兰达斯街区队协作,拉斯帕兰达斯街区队协作,Las Parrandas Neighbourhood Team Participation,志愿做「拉斯帕兰达斯街区队协作」的同好圈。,拉斯帕兰达斯街区队协作|Las|Parrandas|Neighbourhood|Team|Participation|本地兴趣俱乐部,https://ich.unesco.org/en/RL/festivity-of-las-parrandas-in-the-centre-of-cuba-01405
社群志愿/本地兴趣俱乐部/欧美互助会/工人教育协会WEA,工人教育协会WEA,WEA Adult Learning Circles,志愿做「工人教育协会WEA」的同好圈。,工人教育协会WEA|WEA|Adult|Learning|Circles|本地兴趣俱乐部|欧美互助会,https://en.wikipedia.org/wiki/Workers%27_Educational_Association
社群志愿/本地兴趣俱乐部/欧美互助会/机械研究所MechanicsInstitute,机械研究所MechanicsInstitute,Mechanics Institute Lecture Circles,志愿做「机械研究所MechanicsInstitute」的同好圈。,机械研究所MechanicsInstitute|MechanicsInstitute|Mechanics|Institute|Lecture|Circles|本地兴趣俱乐部|欧美互助会,https://en.wikipedia.org/wiki/Mechanics%27_Institute
社群志愿/本地兴趣俱乐部/气味互助交换/菌种与香材交换会,菌种与香材交换会,Culture and Incense Material Swaps,志愿做「菌种与香材交换会」的同好圈。,菌种与香材交换会|Culture|Incense|Material|Swaps|本地兴趣俱乐部|气味互助交换,
社群志愿/本地兴趣俱乐部/法雅节街区委员会参与,法雅节街区委员会参与,Fallas Neighborhood Commission Participation,志愿做「法雅节街区委员会参与」的同好圈。,法雅节街区委员会参与|Fallas|Neighborhood|Commission|Participation|本地兴趣俱乐部,https://ich.unesco.org/en/RL/valencia-fallas-festivity-00859
社群志愿/本地兴趣俱乐部/波帕扬圣周祭台花车协作,波帕扬圣周祭台花车协作,Popayan Holy Week Paso Crewing,志愿做「波帕扬圣周祭台花车协作」的同好圈。,波帕扬圣周祭台花车协作|Popayan|Holy|Week|Paso|Crewing|本地兴趣俱乐部,https://ich.unesco.org/en/RL/holy-week-processions-in-popayan-00259
社群志愿/本地兴趣俱乐部/潘奇马尔科花棕榈兄弟会,潘奇马尔科花棕榈兄弟会,Panchimalco Flowers and Palms Confraternity,志愿做「潘奇马尔科花棕榈兄弟会」的同好圈。,潘奇马尔科花棕榈兄弟会|Panchimalco|Flowers|Palms|Confraternity|本地兴趣俱乐部,https://ich.unesco.org/en/RL/the-confraternity-of-flowers-and-palms-02240
社群志愿/本地兴趣俱乐部/燃灯会灯笼巡游志愿,燃灯会灯笼巡游志愿,Yeondeunghoe Lantern Parade Volunteering,志愿做「燃灯会灯笼巡游志愿」的同好圈。,燃灯会灯笼巡游志愿|Yeondeunghoe|Lantern|Parade|Volunteering|本地兴趣俱乐部,https://ich.unesco.org/en/RL/yeondeunghoe-lantern-lighting-festival-in-the-republic-of-korea-00882
社群志愿/本地兴趣俱乐部/班什吉勒社团参与,班什吉勒社团参与,Binche Gilles Society Participation,志愿做「班什吉勒社团参与」的同好圈。,班什吉勒社团参与|Binche|Gilles|Society|Participation|本地兴趣俱乐部,https://ich.unesco.org/en/RL/carnival-of-binche-00033
社群志愿/本地兴趣俱乐部/祇园祭山鉾町会参与,祇园祭山鉾町会参与,Gion Matsuri Yamahoko Neighborhood Participation,志愿做「祇园祭山鉾町会参与」的同好圈。,祇园祭山鉾町会参与|Gion|Matsuri|Yamahoko|Neighborhood|Participation|本地兴趣俱乐部,https://ich.unesco.org/en/RL/yama-hoko-yatai-float-festivals-in-japan-02292
社群志愿/本地兴趣俱乐部/科隆狂欢节仪式卫队,科隆狂欢节仪式卫队,Cologne Carnival Guard Societies,志愿做「科隆狂欢节仪式卫队」的同好圈。,科隆狂欢节仪式卫队|Cologne|Carnival|Guard|Societies|本地兴趣俱乐部,https://en.wikipedia.org/wiki/Cologne_Carnival
社群志愿/本地兴趣俱乐部/秩父祭屋台町会参与,秩父祭屋台町会参与,Chichibu Festival Float Neighborhood Groups,志愿做「秩父祭屋台町会参与」的同好圈。,秩父祭屋台町会参与|Chichibu|Festival|Float|Neighborhood|Groups|本地兴趣俱乐部,https://ich.unesco.org/en/RL/yama-hoko-yatai-float-festivals-in-japan-02292
社群志愿/本地兴趣俱乐部/航标与种子共享/志愿灯塔看护,志愿灯塔看护,Volunteer Lighthouse Keeping,志愿做「志愿灯塔看护」的同好圈。,志愿灯塔看护|Volunteer|Lighthouse|Keeping|本地兴趣俱乐部|航标与种子共享,https://uslhs.org/
社群志愿/本地兴趣俱乐部/表演艺术与文化俱乐部/毛利卡帕哈卡,卡帕哈卡表演艺术,Kapa Haka / Māori Performing Arts,志愿做「卡帕哈卡表演艺术」的同好圈。,卡帕哈卡表演艺术|Kapa|Haka|ori|Performing|Arts|本地兴趣俱乐部|表演艺术与文化俱乐部,https://en.wikipedia.org/wiki/Kapa_haka
社群志愿/本地兴趣俱乐部/谱系研究社团/英国家族史联合会,英国家族史联合会,Federation of Family History Societies,志愿做「英国家族史联合会」的同好圈。,英国家族史联合会|Federation|of|Family|History|Societies|本地兴趣俱乐部|谱系研究社团,https://www.familyhistoryfederation.com/
社群志愿/本地兴趣俱乐部/赫瓦尔跟十字夜巡志愿,赫瓦尔跟十字夜巡志愿,Hvar Za Krizen Cross Procession Participation,志愿做「赫瓦尔跟十字夜巡志愿」的同好圈。,赫瓦尔跟十字夜巡志愿|Hvar|Za|Krizen|Cross|Procession|Participation|本地兴趣俱乐部,https://ich.unesco.org/en/RL/procession-za-krizen-following-the-cross-on-the-island-of-hvar-00242
社群志愿/本地兴趣俱乐部/门德里西奥圣周透明画巡游志愿,门德里西奥圣周透明画巡游志愿,Mendrisio Holy Week Trasparenti Volunteering,志愿做「门德里西奥圣周透明画巡游志愿」的同好圈。,门德里西奥圣周透明画巡游志愿|Mendrisio|Holy|Week|Trasparenti|Volunteering|本地兴趣俱乐部,https://ich.unesco.org/en/RL/holy-week-processions-in-mendrisio-01460
社群志愿/本地兴趣俱乐部/阿尔拜因朝访服务站志愿,阿尔拜因朝访服务站志愿,Arba'in Pilgrimage Hospitality Volunteering,志愿做「阿尔拜因朝访服务站志愿」的同好圈。,阿尔拜因朝访服务站志愿|Arba|in|Pilgrimage|Hospitality|Volunteering|本地兴趣俱乐部,https://ich.unesco.org/en/RL/provision-of-services-and-hospitality-during-the-arba-in-visitation-01474
社群志愿/本地兴趣俱乐部/非洲面具社团季节巡演,非洲面具社团季节巡演,West African Mask Society Seasonal Tour,志愿做「非洲面具社团季节巡演」的同好圈。,非洲面具社团季节巡演|West|African|Mask|Society|Seasonal|Tour|本地兴趣俱乐部,https://en.wikipedia.org/wiki/African_mask
社群志愿/本地兴趣俱乐部/马拉尼昂牛舞团体参与,马拉尼昂牛舞团体参与,Bumba-meu-boi Community Group Participation,志愿做「马拉尼昂牛舞团体参与」的同好圈。,马拉尼昂牛舞团体参与|Bumba-meu-boi|Community|Group|Participation|本地兴趣俱乐部,https://ich.unesco.org/en/RL/cultural-complex-of-bumba-meu-boi-from-maranhao-01510
社群志愿/本地兴趣俱乐部/马耳他村庄节志愿会,马耳他村庄节志愿会,Maltese Village Festa Volunteering,志愿做「马耳他村庄节志愿会」的同好圈。,马耳他村庄节志愿会|Maltese|Village|Festa|Volunteering|本地兴趣俱乐部,https://ich.unesco.org/en/RL/maltese-village-festa-an-annual-community-celebration-01871
社群志愿/本地兴趣俱乐部/马辅助治疗侧行志愿,马辅助治疗侧行志愿,Therapeutic Riding Side-walker Volunteers,志愿做「马辅助治疗侧行志愿」的同好圈。,马辅助治疗侧行志愿|Therapeutic|Riding|Side-walker|Volunteers|本地兴趣俱乐部,https://en.wikipedia.org/wiki/Therapeutic_horseback_riding
社群志愿/本地兴趣俱乐部/高山祭屋台保存会参与,高山祭屋台保存会参与,Takayama Festival Yatai Preservation Groups,志愿做「高山祭屋台保存会参与」的同好圈。,高山祭屋台保存会参与|Takayama|Festival|Yatai|Preservation|Groups|本地兴趣俱乐部,https://ich.unesco.org/en/RL/yama-hoko-yatai-float-festivals-in-japan-02292
社群志愿/本地兴趣俱乐部/魁北克冬季节冰雕队,魁北克冬季节冰雕队,Quebec Winter Carnival Ice Sculpture Teams,志愿做「魁北克冬季节冰雕队」的同好圈。,魁北克冬季节冰雕队|Quebec|Winter|Carnival|Ice|Sculpture|Teams|本地兴趣俱乐部,https://en.wikipedia.org/wiki/Quebec_Winter_Carnival
社群志愿/遗产技能/活史村庄解释员,活史村庄解释员,Living History Interpreters,志愿做「活史村庄解释员」的同好圈。,活史村庄解释员|Living|History|Interpreters|遗产技能,https://en.wikipedia.org/wiki/Living_history
社群志愿/遗产档案与口述/Densho日裔口述史志愿,Densho日裔口述史志愿,Densho Japanese American Oral History Volunteers,志愿做「Densho日裔口述史志愿」的同好圈。,Densho日裔口述史志愿|Densho|Japanese|American|Oral|History|Volunteers|遗产档案与口述,https://densho.org/
社群志愿/遗产档案与口述/FirstVoices原住民语言归档,FirstVoices原住民语言归档,FirstVoices Language Archiving,志愿做「FirstVoices原住民语言归档」的同好圈。,FirstVoices原住民语言归档|FirstVoices|Language|Archiving|遗产档案与口述,https://www.firstvoices.com/
社群志愿/遗产档案与口述/NARA公民档案员转录,NARA公民档案员转录,NARA Citizen Archivist,志愿做「NARA公民档案员转录」的同好圈。,NARA公民档案员转录|NARA|Citizen|Archivist|遗产档案与口述,https://www.archives.gov/citizen-archivist
社群志愿/遗产档案与口述/SAADA南亚裔社区档案志愿,SAADA南亚裔社区档案志愿,SAADA South Asian American Digital Archive,志愿做「SAADA南亚裔社区档案志愿」的同好圈。,SAADA南亚裔社区档案志愿|SAADA|South|Asian|American|Digital|Archive|遗产档案与口述,https://www.saada.org/
社群志愿/遗产档案与口述/StoryCorps口述史采访志愿,StoryCorps口述史采访志愿,StoryCorps Facilitator Volunteering,志愿做「StoryCorps口述史采访志愿」的同好圈。,StoryCorps口述史采访志愿|StoryCorps|Facilitator|Volunteering|遗产档案与口述,https://storycorps.org/
社群志愿/遗产档案与口述/苏格兰Adopt-a-Monument遗产志愿,苏格兰Adopt-a-Monument遗产志愿,Adopt-a-Monument Scotland,志愿做「苏格兰Adopt-a-Monument遗产志愿」的同好圈。,苏格兰Adopt-a-Monument遗产志愿|Adopt-a-Monument|Scotland|遗产档案与口述,https://archaeologyscotland.org.uk/
社群志愿/风险伦理与认证/国家滑雪巡逻,国家滑雪巡逻,National Ski Patrol,志愿做「国家滑雪巡逻」（National Ski Patrol）。,国家滑雪巡逻|National|Ski|Patrol|风险伦理与认证,https://www.nsp.org/
社群志愿/风险伦理与认证/国际登山向导认证,国际登山向导认证,IFMGA Mountain Guide Practice,志愿做「国际登山向导认证」的同好圈。,国际登山向导认证|IFMGA|Mountain|Guide|Practice|风险伦理与认证,https://www.ifmga.net/
种间共生实践/人犬气味协作/AKC气味工作人犬队,AKC气味工作人犬队,AKC Scent Work Handler–Dog Teams,协作练「AKC气味工作人犬队」的同好圈。,AKC气味工作人犬队|AKC|Scent|Work|Handler|Dog|Teams|人犬气味协作,https://www.akc.org/sports/akc-scent-work/
种间共生实践/人犬牧畜协作/Treibball犬牧球训圈,Treibball犬牧球训圈,Treibball Herding-Ball Clubs,协作练「Treibball犬牧球训圈」的同好圈。,Treibball犬牧球训圈|Treibball|Herding-Ball|Clubs|人犬牧畜协作,https://en.wikipedia.org/wiki/Treibball
种间共生实践/人犬牧畜协作/牧羊犬试验裁判学徒,牧羊犬试验裁判学徒,Sheepdog Trial Judge Apprenticeship,协作练「牧羊犬试验裁判学徒」的同好圈。,牧羊犬试验裁判学徒|Sheepdog|Trial|Judge|Apprenticeship|人犬牧畜协作,https://en.wikipedia.org/wiki/Sheepdog_trial
种间共生实践/人犬牵引运动/人犬越野跑Canicross,人犬越野跑Canicross,Canicross Club Racing,协作练「人犬越野跑Canicross」的同好圈。,人犬越野跑Canicross|Canicross|Racing|人犬牵引运动,https://en.wikipedia.org/wiki/Canicross
种间共生实践/人犬牵引运动/犬拉车Carting训圈,犬拉车Carting训圈,Dog Carting Draft Clubs,协作练「犬拉车Carting训圈」的同好圈。,犬拉车Carting训圈|Carting|Dog|Draft|Clubs|人犬牵引运动,https://en.wikipedia.org/wiki/Carting
种间共生实践/人犬牵引运动/狗拉滑板车Scootering,狗拉滑板车Scootering,Dog Scootering,协作练「狗拉滑板车Scootering」的同好圈。,狗拉滑板车Scootering|Scootering|Dog|人犬牵引运动,https://en.wikipedia.org/wiki/Dog_scootering
种间共生实践/人犬牵引运动/自行车牵引犬Bikejoring,自行车牵引犬Bikejoring,Bikejoring Dryland Mushing,协作练「自行车牵引犬Bikejoring」的同好圈。,自行车牵引犬Bikejoring|Bikejoring|Dryland|Mushing|人犬牵引运动,https://en.wikipedia.org/wiki/Bikejoring
种间共生实践/人犬运动/人犬飞盘Disc dog,人犬飞盘Disc dog,Disc Dog Freestyle,协作练「人犬飞盘Disc dog」的同好圈。,人犬飞盘Disc dog|Disc|dog|Dog|Freestyle|人犬运动,
种间共生实践/人犬运动/地犬Earthdog,地犬Earthdog,Earthdog Trials,协作练「地犬Earthdog」（Earthdog Trials）。,地犬Earthdog|Earthdog|Trials|人犬运动,https://en.wikipedia.org/wiki/Earthdog_trial
种间共生实践/人犬运动/服从服从Rally服从赛,服从服从Rally服从赛,Rally Obedience Hobby Trials,协作练「服从服从Rally服从赛」的同好圈。,服从服从Rally服从赛|Rally|Obedience|Trials|人犬运动,
种间共生实践/人犬运动/犬只水上救援训练志愿,犬只水上救援训练志愿,Canine Water-rescue Drill Volunteers,协作练「犬只水上救援训练志愿」的同好圈。,犬只水上救援训练志愿|Canine|Water-rescue|Drill|Volunteers|人犬运动,
种间共生实践/人犬运动/犬敏捷赛Agility业余,犬敏捷赛Agility业余,Dog Agility Amateur Rings,协作练「犬敏捷赛Agility业余」的同好圈。,犬敏捷赛Agility业余|Agility|Dog|Rings|人犬运动,
种间共生实践/人犬运动/犬鼻工作Nosework,犬鼻工作Nosework,Canine Nose Work NACSW,协作练「犬鼻工作Nosework」的同好圈。,犬鼻工作Nosework|Nosework|Canine|Nose|Work|NACSW|人犬运动,https://en.wikipedia.org/wiki/Nosework
种间共生实践/人犬运动/码头跳水Dock diving,码头跳水Dock diving,Dock Diving,协作练「码头跳水Dock diving」（Dock Diving）。,码头跳水Dock diving|Dock|diving|Diving|人犬运动,https://en.wikipedia.org/wiki/Dock_jumping
种间共生实践/人犬运动/诱捕追逐Lure coursing,诱捕追逐Lure coursing,Lure Coursing,协作练「诱捕追逐Lure coursing」的同好圈。,诱捕追逐Lure coursing|Lure|coursing|Coursing|人犬运动,https://en.wikipedia.org/wiki/Lure_coursing
种间共生实践/人犬运动/谷仓寻猎Barn hunt,谷仓寻猎Barn hunt,Barn Hunt,协作练「谷仓寻猎Barn hunt」（Barn Hunt）。,谷仓寻猎Barn hunt|Barn|hunt|Hunt|人犬运动,https://en.wikipedia.org/wiki/Barn_hunt
种间共生实践/人犬运动/飞球Flyball,飞球Flyball,Flyball,协作练「飞球Flyball」（Flyball）。,飞球Flyball|Flyball|人犬运动,https://en.wikipedia.org/wiki/Flyball
种间共生实践/人犬雪地协作/Mushing雪橇犬驾驭俱乐部,Mushing雪橇犬驾驭俱乐部,Dog Mushing Club Circuits,协作练「Mushing雪橇犬驾驭俱乐部」的同好圈。,Mushing雪橇犬驾驭俱乐部|Mushing|Dog|Circuits|人犬雪地协作,https://en.wikipedia.org/wiki/Mushing
种间共生实践/人马协作/工作马术WAWE,工作马术WAWE,Working Equitation WAWE,协作练「工作马术WAWE」的同好圈。,工作马术WAWE|WAWE|Working|Equitation|人马协作,https://www.wawe-workingequitation.com/
种间共生实践/人马协作/帐篷拔桩Tent pegging,帐篷拔桩Tent pegging,Tent Pegging,协作练「帐篷拔桩Tent pegging」的同好圈。,帐篷拔桩Tent pegging|Tent|pegging|Pegging|人马协作,https://en.wikipedia.org/wiki/Tent_pegging
种间共生实践/人马协作/耐力骑AERC,耐力骑AERC,Endurance Riding AERC,协作练「耐力骑AERC」的同好圈。,耐力骑AERC|AERC|Endurance|Riding|人马协作,https://en.wikipedia.org/wiki/Endurance_riding
种间共生实践/人马协作/蒙古博克马背摔跤观摩骑,蒙古博克马背摔跤观摩骑,Mongolian Bokh Mounted Wrestling Observation Rides,协作练「蒙古博克马背摔跤观摩骑」的同好圈。,蒙古博克马背摔跤观摩骑|Mongolian|Bokh|Mounted|Wrestling|Observation|Rides|人马协作,
种间共生实践/人马协作/西部马术再训业余,西部马术再训业余,Western Reining Amateur,协作练「西部马术再训业余」的同好圈。,西部马术再训业余|Western|Reining|人马协作,
种间共生实践/人马协作/阿根廷Pato,阿根廷Pato,Pato,协作练「阿根廷Pato」（Pato）。,阿根廷Pato|Pato|人马协作,https://en.wikipedia.org/wiki/Pato
种间共生实践/人马协作/障碍超越业余周末,障碍超越业余周末,Amateur Show-jumping Weekends,协作练「障碍超越业余周末」的同好圈。,障碍超越业余周末|Show-jumping|Weekends|人马协作,
种间共生实践/人马协作/马术体操Vaulting,马术体操Vaulting,Equestrian Vaulting,协作练「马术体操Vaulting」的同好圈。,马术体操Vaulting|Vaulting|Equestrian|人马协作,https://en.wikipedia.org/wiki/Equestrian_vaulting
种间共生实践/人马协作/马棒球Polocrosse,马棒球Polocrosse,Polocrosse,协作练「马棒球Polocrosse」（Polocrosse）。,马棒球Polocrosse|Polocrosse|人马协作,https://en.wikipedia.org/wiki/Polocrosse
种间共生实践/人马协作/马球式Horseball,马球式Horseball,Horseball,协作练「马球式Horseball」（Horseball）。,马球式Horseball|Horseball|人马协作,https://en.wikipedia.org/wiki/Horseball
种间共生实践/人马协作/马背射箭传统班,马背射箭传统班,Mounted Archery Traditional Classes,协作练「马背射箭传统班」的同好圈。,马背射箭传统班|Mounted|Archery|Traditional|Classes|人马协作,
种间共生实践/人马协作/马车综合驾驶,马车综合驾驶,Combined Driving,协作练「马车综合驾驶」（Combined Driving）。,马车综合驾驶|Combined|Driving|人马协作,https://en.wikipedia.org/wiki/Combined_driving
种间共生实践/人马协作/骑跑交替Ride and Tie,骑跑交替Ride and Tie,Ride and Tie,协作练「骑跑交替Ride and Tie」的同好圈。,骑跑交替Ride and Tie|Ride|Tie|人马协作,https://en.wikipedia.org/wiki/Ride_and_Tie
种间共生实践/人马协作马术/人马越野共跑社群,人马越野共跑社群,Man-versus-Horse Dual-entry Clubs,协作练「人马越野共跑社群」的同好圈。,人马越野共跑社群|Man-versus-Horse|Dual-entry|Clubs|人马协作马术,https://en.wikipedia.org/wiki/Man_versus_Horse_Marathon
种间共生实践/人马协作马术/自然马术学社,自然马术学社,Natural Horsemanship Study Circles,协作练「自然马术学社」的同好圈。,自然马术学社|Natural|Horsemanship|Study|Circles|人马协作马术,https://en.wikipedia.org/wiki/Natural_horsemanship
种间共生实践/人马协作马术/马辅助治疗骑乘志愿,马辅助治疗骑乘志愿,Equine-Assisted Therapy Volunteering,协作练「马辅助治疗骑乘志愿」的同好圈。,马辅助治疗骑乘志愿|Equine-Assisted|Therapy|Volunteering|人马协作马术,https://en.wikipedia.org/wiki/Equine-assisted_therapy
种间共生实践/其他伴侣物种/兔跳障碍赛业余,兔跳障碍赛业余,Rabbit Hopping Amateur Trials,协作练「兔跳障碍赛业余」的同好圈。,兔跳障碍赛业余|Rabbit|Hopping|Trials|其他伴侣物种,
种间共生实践/其他伴侣物种/雪貂管道钻探游戏,雪貂管道钻探游戏,Ferret Tube-agility Play,协作练「雪貂管道钻探游戏」的同好圈。,雪貂管道钻探游戏|Ferret|Tube-agility|Play|其他伴侣物种,
种间共生实践/微生物共生体/家庭酸奶菌种交换会,家庭酸奶菌种交换会,Yogurt Culture Swap Meets,协作练「家庭酸奶菌种交换会」的同好圈。,家庭酸奶菌种交换会|Yogurt|Culture|Swap|Meets|微生物共生体,
种间共生实践/微生物共生体/康普茶SCOBY分株社群,康普茶SCOBY分株社群,Kombucha SCOBY Sharing Circles,协作练「康普茶SCOBY分株社群」的同好圈。,康普茶SCOBY分株社群|SCOBY|Kombucha|Sharing|Circles|微生物共生体,
种间共生实践/微生物共生体/酸面包老面邮寄交换,酸面包老面邮寄交换,Sourdough Starter Mail Swaps,协作练「酸面包老面邮寄交换」的同好圈。,酸面包老面邮寄交换|Sourdough|Starter|Mail|Swaps|微生物共生体,
种间共生实践/昆虫共生/无刺蜂Meliponiculture,无刺蜂Meliponiculture,Stingless Bee Meliponiculture,协作练「无刺蜂Meliponiculture」的同好圈。,无刺蜂Meliponiculture|Meliponiculture|Stingless|Bee|昆虫共生,https://en.wikipedia.org/wiki/Meliponiculture
种间共生实践/昆虫共生/独居蜂Mason bee饲育,独居蜂Mason bee饲育,Mason Bee Keeping,协作练「独居蜂Mason bee饲育」的同好圈。,独居蜂Mason bee饲育|Mason|bee|Bee|Keeping|昆虫共生,https://en.wikipedia.org/wiki/Mason_bee
种间共生实践/昆虫共生/瓢虫越冬箱安装志愿,瓢虫越冬箱安装志愿,Ladybug Overwinter Box Volunteers,协作练「瓢虫越冬箱安装志愿」的同好圈。,瓢虫越冬箱安装志愿|Ladybug|Overwinter|Box|Volunteers|昆虫共生,
种间共生实践/昆虫共生/萤火虫栖地夜间护飞,萤火虫栖地夜间护飞,Firefly Habitat Night Stewardship,协作练「萤火虫栖地夜间护飞」的同好圈。,萤火虫栖地夜间护飞|Firefly|Habitat|Night|Stewardship|昆虫共生,
种间共生实践/昆虫共生/蚂蚁农场Formicarium社群,蚂蚁农场Formicarium社群,Formicarium Antkeeping Clubs,协作练「蚂蚁农场Formicarium社群」的同好圈。,蚂蚁农场Formicarium社群|Formicarium|Antkeeping|Clubs|昆虫共生,
种间共生实践/昆虫共生/蚕桑业余饲育,蚕桑业余饲育,Amateur Sericulture,协作练「蚕桑业余饲育」（Amateur Sericulture）。,蚕桑业余饲育|Sericulture|昆虫共生,https://en.wikipedia.org/wiki/Sericulture
种间共生实践/昆虫共生/蝴蝶园寄主植物种植,蝴蝶园寄主植物种植,Butterfly Host-plant Gardening,协作练「蝴蝶园寄主植物种植」的同好圈。,蝴蝶园寄主植物种植|Butterfly|Host-plant|Gardening|昆虫共生,
种间共生实践/昆虫共生/螳螂观察饲养记录,螳螂观察饲养记录,Praying-mantis Observation Keeping,协作练「螳螂观察饲养记录」的同好圈。,螳螂观察饲养记录|Praying-mantis|Observation|Keeping|昆虫共生,
种间共生实践/水生协作/海豚辅助疗愈志愿旁观伦理圈,海豚辅助疗愈志愿旁观伦理圈,Dolphin-therapy Ethics Observer Circles,协作练「海豚辅助疗愈志愿旁观伦理圈」的同好圈。,海豚辅助疗愈志愿旁观伦理圈|Dolphin-therapy|Ethics|Observer|Circles|水生协作,
种间共生实践/水生协作/牡蛎礁修复潜水志愿,牡蛎礁修复潜水志愿,Oyster-reef Restoration Dive Volunteers,协作练「牡蛎礁修复潜水志愿」的同好圈。,牡蛎礁修复潜水志愿|Oyster-reef|Restoration|Dive|Volunteers|水生协作,
种间共生实践/猛禽与工作兽/合法 falconry/国际猎鹰术组织学徒,国际猎鹰术组织学徒,IAF Falconry Apprentice Tracks,协作练「国际猎鹰术组织学徒」的同好圈。,国际猎鹰术组织学徒|IAF|Falconry|Apprentice|Tracks|猛禽与工作兽|合法 falconry,https://en.wikipedia.org/wiki/International_Association_for_Falconry_and_Conservation_of_Birds_of_Prey
种间共生实践/驮兽/山羊驮包Goat packing,山羊驮包Goat packing,Goat Packing,协作练「山羊驮包Goat packing」的同好圈。,山羊驮包Goat packing|Goat|packing|Packing|驮兽,https://en.wikipedia.org/wiki/Pack_goat
种间共生实践/驮兽/驴驮山径补给志愿,驴驮山径补给志愿,Pack-donkey Trail Resupply Volunteers,协作练「驴驮山径补给志愿」的同好圈。,驴驮山径补给志愿|Pack-donkey|Trail|Resupply|Volunteers|驮兽,
种间共生实践/驮兽/骆驼沙漠向导业余认证,骆驼沙漠向导业余认证,Desert Camel Guide Hobby Cert Tracks,协作练「骆驼沙漠向导业余认证」的同好圈。,骆驼沙漠向导业余认证|Desert|Camel|Guide|Cert|Tracks|驮兽,
种间共生实践/驮畜山径协作/羊驼驮运徒步社群,羊驼驮运徒步社群,Llama Packing Trek Clubs,协作练「羊驼驮运徒步社群」的同好圈。,羊驼驮运徒步社群|Llama|Packing|Trek|Clubs|驮畜山径协作,https://en.wikipedia.org/wiki/Llama
种间共生实践/驮畜山径协作/驮山羊北美协会徒步,驮山羊北美协会徒步,North American Packgoat Association Hiking,协作练「驮山羊北美协会徒步」的同好圈。,驮山羊北美协会徒步|North|American|Packgoat|Association|Hiking|驮畜山径协作,https://napga.org/
种间共生实践/鸟类协作/城市楼顶雨燕巢箱安装,城市楼顶雨燕巢箱安装,Urban Swift Nest-box Installation,协作练「城市楼顶雨燕巢箱安装」的同好圈。,城市楼顶雨燕巢箱安装|Urban|Swift|Nest-box|Installation|鸟类协作,
种间共生实践/鸟类协作/烟囱雨燕塔维护,烟囱雨燕塔维护,Chimney Swift Tower Stewardship,协作练「烟囱雨燕塔维护」的同好圈。,烟囱雨燕塔维护|Chimney|Swift|Tower|Stewardship|鸟类协作,https://en.wikipedia.org/wiki/Chimney_swift
种间共生实践/鸟类协作/猛禽康复中心喂食志愿,猛禽康复中心喂食志愿,Raptor Rehab Feeding Volunteers,协作练「猛禽康复中心喂食志愿」的同好圈。,猛禽康复中心喂食志愿|Raptor|Rehab|Feeding|Volunteers|鸟类协作,
种间共生实践/鸟类协作/紫崖燕房东实践,紫崖燕房东实践,Purple Martin Landlording,协作练「紫崖燕房东实践」的同好圈。,紫崖燕房东实践|Purple|Martin|Landlording|鸟类协作,https://en.wikipedia.org/wiki/Purple_martin
种间共生实践/鸟类协作/蓝鸟巢箱小径,蓝鸟巢箱小径,Bluebird Trail Monitoring,协作练「蓝鸟巢箱小径」的同好圈。,蓝鸟巢箱小径|Bluebird|Trail|Monitoring|鸟类协作,https://en.wikipedia.org/wiki/Eastern_bluebird
种间共生实践/鸟类协作/鸽舍信鸽竞翔业余,鸽舍信鸽竞翔业余,Racing Pigeon Loft Hobby,协作练「鸽舍信鸽竞翔业余」的同好圈。,鸽舍信鸽竞翔业余|Racing|Pigeon|Loft|鸟类协作,
种间共生实践/鸟类协作/鹤类越冬田投食志愿,鹤类越冬田投食志愿,Crane Winter Feeding Field Volunteers,协作练「鹤类越冬田投食志愿」的同好圈。,鹤类越冬田投食志愿|Crane|Winter|Feeding|Field|Volunteers|鸟类协作,
科学业余研究/业余数学与计算/分布式计算与公民平台/Zooniverse公民科研,Zooniverse公民科研,Zooniverse,观测「Zooniverse公民科研」（Zooniverse）。,Zooniverse公民科研|Zooniverse|业余数学与计算|分布式计算与公民平台,https://www.zooniverse.org/
科学业余研究/业余数学与计算/历史复活计算/差分机复原操作,差分机复原操作,Difference-engine Revival Ops,观测「差分机复原操作」的同好圈。,差分机复原操作|Difference-engine|Revival|Ops|业余数学与计算|历史复活计算,https://en.wikipedia.org/wiki/Difference_engine
科学业余研究/业余数学与计算/娱乐数学/折纸数学社,折纸数学社,Origami Mathematics Circles,观测「折纸数学社」的同好圈。,折纸数学社|Origami|Mathematics|Circles|业余数学与计算|娱乐数学,https://en.wikipedia.org/wiki/Mathematics_of_paper_folding
科学业余研究/业余数学与计算/娱乐数学/索玛立方社,索玛立方社,Soma Cube Clubs,观测「索玛立方社」（Soma Cube Clubs）。,索玛立方社|Soma|Cube|Clubs|业余数学与计算|娱乐数学,https://en.wikipedia.org/wiki/Soma_cube
科学业余研究/业余数学与计算/数学马拉松解题夜,数学马拉松解题夜,Math Circle Marathon Problem Night,观测「数学马拉松解题夜」的同好圈。,数学马拉松解题夜|Math|Circle|Marathon|Problem|Night|业余数学与计算,https://en.wikipedia.org/wiki/Math_circle
科学业余研究/业余数学与计算/计算传习/打孔纸带程序复原,打孔纸带程序复原,Punched-tape Program Restoration,观测「打孔纸带程序复原」的同好圈。,打孔纸带程序复原|Punched-tape|Program|Restoration|业余数学与计算|计算传习,https://en.wikipedia.org/wiki/Punched_tape
科学业余研究/业余数学与计算/计算传习/核心存储器手工编织,核心存储器手工编织,Core-memory Hand-weaving Replicas,观测「核心存储器手工编织」的同好圈。,核心存储器手工编织|Core-memory|Hand-weaving|Replicas|业余数学与计算|计算传习,https://en.wikipedia.org/wiki/Magnetic-core_memory
科学业余研究/业余数学与计算/计算传习/递归艺术Demoscene,递归艺术Demoscene,Demoscene Size-coding Parties,观测「递归艺术Demoscene」的同好圈。,递归艺术Demoscene|Demoscene|Size-coding|Parties|业余数学与计算|计算传习,https://en.wikipedia.org/wiki/Demoscene
科学业余研究/人体与环境公民科学/塞氏盘水体透明度调查,塞氏盘水体透明度调查,Secchi Disk citizen science,观测「塞氏盘水体透明度调查」的同好圈。,塞氏盘水体透明度调查|Secchi|Disk|citizen|science|人体与环境公民科学,https://www.secchidisk.org/
科学业余研究/人体与环境公民科学/洞穴气候监测,洞穴气候监测,Cave climate monitoring,观测「洞穴气候监测」的同好圈。,洞穴气候监测|Cave|climate|monitoring|人体与环境公民科学,https://www.cave-science.org.uk/monitoring
科学业余研究/人体与环境公民科学/珊瑚礁生态潜水调查,珊瑚礁生态潜水调查,Reef Check EcoDiver survey,观测「珊瑚礁生态潜水调查」的同好圈。,珊瑚礁生态潜水调查|Reef|Check|EcoDiver|survey|人体与环境公民科学,https://www.reefcheck.org/ecoaction/eco-diver/
科学业余研究/人体与环境公民科学/社区积雪深度观测,社区积雪深度观测,Community Snow Observations,观测「社区积雪深度观测」的同好圈。,社区积雪深度观测|Community|Snow|Observations|人体与环境公民科学,https://communitysnowobs.org/
科学业余研究/人体与环境公民科学/高海拔远征生理观察,高海拔远征生理观察,High-altitude expedition physiology,观测「高海拔远征生理观察」的同好圈。,高海拔远征生理观察|High-altitude|expedition|physiology|人体与环境公民科学,https://www.medex.org.uk/
科学业余研究/嗅觉与香料业余/天然调香,天然调香,Amateur natural perfumery,观测「天然调香」的同好圈。,天然调香|natural|perfumery|嗅觉与香料业余,http://www.naturalperfumers.com/about.php
科学业余研究/嗅觉与香料业余/感官嗅/城市气味地图,城市气味地图,Urban Smell-mapping Walks,观测「城市气味地图」的同好圈。,城市气味地图|Urban|Smell-mapping|Walks|嗅觉与香料业余|感官嗅,https://en.wikipedia.org/wiki/Smellscape
科学业余研究/地质与矿物/美国矿物联合会,美国矿物联合会AFMS,American Federation of Mineralogical Societies,观测「美国矿物联合会AFMS」的同好圈。,美国矿物联合会AFMS|AFMS|American|Federation|of|Mineralogical|Societies|地质与矿物,https://www.amfed.org/
科学业余研究/声学与声景/号码台短波信号研究,号码台短波信号研究,Numbers Stations Monitoring Research,观测「号码台短波信号研究」的同好圈。,号码台短波信号研究|Numbers|Stations|Monitoring|Research|声学与声景,https://priyom.org/
科学业余研究/声学与声景/声学生态田野录音,声学生态田野录音,Acoustic Ecology Field Recording,观测「声学生态田野录音」的同好圈。,声学生态田野录音|Acoustic|Ecology|Field|Recording|声学与声景,https://wfae.net/
科学业余研究/声学与声景/声景漫步Soundwalking,声景漫步Soundwalking,Soundwalking Practice,观测「声景漫步Soundwalking」的同好圈。,声景漫步Soundwalking|Soundwalking|Practice|声学与声景,https://wfae.net/about/
科学业余研究/天文与大气/流星雨计数网AMN志愿,流星雨计数网AMN志愿,Amateur Meteor Network Counting,观测「流星雨计数网AMN志愿」的同好圈。,流星雨计数网AMN志愿|AMN|Meteor|Network|Counting|天文与大气,
科学业余研究/天文观测/传习观测地/暗夜保护区测光,暗夜保护区测光,Dark-sky Reserve Photometry,观测「暗夜保护区测光」的同好圈。,暗夜保护区测光|Dark-sky|Reserve|Photometry|天文观测|传习观测地,https://en.wikipedia.org/wiki/Dark-sky_preserve
科学业余研究/天文观测/北美日晷普查与制晷,北美日晷普查与制晷,North American Sundial Society,观测「北美日晷普查与制晷」的同好圈。,北美日晷普查与制晷|North|American|Sundial|Society|天文观测,https://www.sundials.org/index.php/sundial-registry
科学业余研究/天文观测/太阳专项/太阳黑子相对数,太阳黑子相对数,Sunspot Relative-number Logs,观测「太阳黑子相对数」的同好圈。,太阳黑子相对数|Sunspot|Relative-number|Logs|天文观测|太阳专项,
科学业余研究/天文观测/射电业余天文,射电业余天文,Amateur Radio Astronomy,观测「射电业余天文」的同好圈。,射电业余天文|Radio|Astronomy|天文观测,https://www.sirao.org/
科学业余研究/天文观测/射电传习/氢线21厘米业余,氢线21厘米业余,21-cm Hydrogen-line Amateur Radio Astronomy,观测「氢线21厘米业余」的同好圈。,氢线21厘米业余|cm|Hydrogen-line|Radio|Astronomy|天文观测|射电传习,https://en.wikipedia.org/wiki/Hydrogen_line
科学业余研究/天文观测/掩星与变星观测,掩星与变星观测,Occultation & Variable Stars,观测「掩星与变星观测」的同好圈。,掩星与变星观测|Occultation|Variable|Stars|天文观测,https://www.aavso.org/
科学业余研究/天文观测/掩星传习/小行星掩星计时网,小行星掩星计时网,Asteroid Occultation Timing Nets,观测「小行星掩星计时网」的同好圈。,小行星掩星计时网|Asteroid|Occultation|Timing|Nets|天文观测|掩星传习,https://en.wikipedia.org/wiki/International_Occultation_Timing_Association
科学业余研究/天文观测/欧美天文社/法国天文协会SAF,法国天文协会SAF,Société Astronomique de France Sections,观测「法国天文协会SAF」的同好圈。,法国天文协会SAF|SAF|Soci|Astronomique|de|France|Sections|天文观测,https://en.wikipedia.org/wiki/Soci%C3%A9t%C3%A9_astronomique_de_France
科学业余研究/天文观测/流星显微与协会观测/奎克特显微俱乐部,奎克特显微俱乐部,Quekett Microscopical Club,观测「奎克特显微俱乐部」的同好圈。,奎克特显微俱乐部|Quekett|Microscopical|天文观测|流星显微与协会观测,https://www.quekett.org/
科学业余研究/天文观测/流星显微与协会观测/英国天文协会BAA,英国天文协会BAA,British Astronomical Association,观测「英国天文协会BAA」的同好圈。,英国天文协会BAA|BAA|British|Astronomical|Association|天文观测|流星显微与协会观测,https://britastro.org/
科学业余研究/天文观测/流星雨守夜观测营,流星雨守夜观测营,Meteor Shower Overnight Observing Camp,观测「流星雨守夜观测营」的同好圈。,流星雨守夜观测营|Meteor|Shower|Overnight|Observing|Camp|天文观测,https://en.wikipedia.org/wiki/Meteor_shower
科学业余研究/天文观测/行星与磨镜/ALPO行星观测,ALPO行星观测,ALPO Lunar and Planetary Observing,观测「ALPO行星观测」的同好圈。,ALPO行星观测|ALPO|Lunar|Planetary|Observing|天文观测|行星与磨镜,https://alpo-astronomy.org/
科学业余研究/天文观测/行星与磨镜/Stellafane磨镜制镜,Stellafane磨镜制镜,Stellafane Amateur Telescope Making,观测「Stellafane磨镜制镜」的同好圈。,Stellafane磨镜制镜|Stellafane|Telescope|Making|天文观测|行星与磨镜,https://stellafane.org/about/
科学业余研究/天文观测/行星专项/木星大红斑素描网,木星大红斑素描网,Jupiter GRS Sketching Nets,观测「木星大红斑素描网」的同好圈。,木星大红斑素描网|Jupiter|GRS|Sketching|Nets|天文观测|行星专项,
科学业余研究/天文观测/被误认为职业的观测/Amateur气象站网络,Amateur气象站网络,Personal Weather Station Networks,观测「Amateur气象站网络」的同好圈。,Amateur气象站网络|Personal|Weather|Station|Networks|天文观测|被误认为职业的观测,https://en.wikipedia.org/wiki/Citizen_Weather_Observer_Program
科学业余研究/天文观测/被误认为职业的观测/日晷设计校准,日晷设计校准,Sundial Design and Equation-of-time,观测「日晷设计校准」的同好圈。,日晷设计校准|Sundial|Design|Equation-of-time|天文观测|被误认为职业的观测,https://en.wikipedia.org/wiki/Sundial
科学业余研究/天文观测/被误认为职业的观测/星盘Astrolabe自制,星盘Astrolabe自制,Handmade Astrolabe Construction,观测「星盘Astrolabe自制」的同好圈。,星盘Astrolabe自制|Astrolabe|Handmade|Construction|天文观测|被误认为职业的观测,https://en.wikipedia.org/wiki/Astrolabe
科学业余研究/天文观测/被误认为职业的观测/风暴追逐记录,风暴追逐记录,Storm Chasing Documentation,观测「风暴追逐记录」的同好圈。,风暴追逐记录|Storm|Chasing|Documentation|天文观测|被误认为职业的观测,https://en.wikipedia.org/wiki/Storm_chasing
科学业余研究/天文观测/认证路径观测/变星观测员AAVSO认证路径,变星观测员AAVSO认证路径,AAVSO Observer Credential Path,观测「变星观测员AAVSO认证路径」的同好圈。,变星观测员AAVSO认证路径|AAVSO|Observer|Credential|Path|天文观测|认证路径观测,https://en.wikipedia.org/wiki/American_Association_of_Variable_Star_Observers
科学业余研究/无线电科学/业余电波传播信标监测,业余电波传播信标监测,Amateur Radio Beacon Monitoring,观测「业余电波传播信标监测」的同好圈。,业余电波传播信标监测|Radio|Beacon|Monitoring|无线电科学,https://en.wikipedia.org/wiki/International_Beacon_Project
科学业余研究/无线电科学/甚低频自然噪声收听,甚低频自然噪声收听,VLF Natural Radio Listening,观测「甚低频自然噪声收听」的同好圈。,甚低频自然噪声收听|VLF|Natural|Radio|Listening|无线电科学,https://en.wikipedia.org/wiki/Whistler_(radio)
科学业余研究/昆虫/熊蜂公民监测,熊蜂公民监测,Bumblebee Conservation Trust Recorders,观测「熊蜂公民监测」的同好圈。,熊蜂公民监测|Bumblebee|Conservation|Trust|Recorders|昆虫,https://www.bumblebeeconservation.org/
科学业余研究/昆虫/蛾类灯诱记录夜,蛾类灯诱记录夜,Moth Trapping Recording Nights,观测「蛾类灯诱记录夜」的同好圈。,蛾类灯诱记录夜|Moth|Trapping|Recording|Nights|昆虫,https://en.wikipedia.org/wiki/Moth_night
科学业余研究/昆虫/蜻蜓池塘监测,蜻蜓池塘监测,Dragonfly Pond Monitoring,观测「蜻蜓池塘监测」的同好圈。,蜻蜓池塘监测|Dragonfly|Pond|Monitoring|昆虫,https://en.wikipedia.org/wiki/British_Dragonfly_Society
科学业余研究/显微镜/硅藻显微装片俱乐部,硅藻显微装片俱乐部,Diatom Microscopy Mounting,观测「硅藻显微装片俱乐部」的同好圈。,硅藻显微装片俱乐部|Diatom|Microscopy|Mounting|显微镜,https://en.wikipedia.org/wiki/Diatom
科学业余研究/植物区系/地衣测绘俱乐部,地衣测绘俱乐部,Lichen Mapping Clubs,观测「地衣测绘俱乐部」（Lichen Mapping Clubs）。,地衣测绘俱乐部|Lichen|Mapping|Clubs|植物区系,https://en.wikipedia.org/wiki/British_Lichen_Society
科学业余研究/植物区系/石松与蕨类专项调查,石松与蕨类专项调查,Fern and Lycophyte Field Groups,观测「石松与蕨类专项调查」的同好圈。,石松与蕨类专项调查|Fern|Lycophyte|Field|Groups|植物区系,https://en.wikipedia.org/wiki/British_Pteridological_Society
科学业余研究/植物区系/苔藓区系调查团,苔藓区系调查团,Bryophyte Floristic Survey Groups,观测「苔藓区系调查团」的同好圈。,苔藓区系调查团|Bryophyte|Floristic|Survey|Groups|植物区系,https://en.wikipedia.org/wiki/British_Bryological_Society
科学业余研究/流星/流星录像监测IMO,流星录像监测IMO,IMO Video Meteor Monitoring,观测「流星录像监测IMO」的同好圈。,流星录像监测IMO|IMO|Video|Meteor|Monitoring|流星,https://www.imo.net/
科学业余研究/生物与生态记录/UIAA高山医学实践,UIAA高山医学实践,UIAA mountain medicine practice,观测「UIAA高山医学实践」的同好圈。,UIAA高山医学实践|UIAA|mountain|medicine|practice|生物与生态记录,https://www.theuiaa.org/commissions/medical/
科学业余研究/生物与生态记录/iNaturalist地方生物闪记,iNaturalist地方生物闪记,iNaturalist Bioblitz Communities,观测「iNaturalist地方生物闪记」的同好圈。,iNaturalist地方生物闪记|iNaturalist|Bioblitz|Communities|生物与生态记录,https://www.inaturalist.org/
科学业余研究/生物与生态记录/业余真菌学/iNaturalist真菌记录,iNaturalist真菌记录,iNaturalist Fungi,观测「iNaturalist真菌记录」的同好圈。,iNaturalist真菌记录|iNaturalist|Fungi|生物与生态记录|业余真菌学,https://www.inaturalist.org/
科学业余研究/生物与生态记录/业余真菌学/业余蘑菇栽培,业余蘑菇栽培,Home Mushroom Cultivation,观测「业余蘑菇栽培」的同好圈。,业余蘑菇栽培|Home|Mushroom|Cultivation|生物与生态记录|业余真菌学,https://en.wikipedia.org/wiki/Mushroom_cultivation
科学业余研究/生物与生态记录/业余真菌学/北美真菌协会观察,北美真菌协会观察,NAMA Mycology,观测「北美真菌协会观察」（NAMA Mycology）。,北美真菌协会观察|NAMA|Mycology|生物与生态记录|业余真菌学,https://namyco.org/
科学业余研究/生物与生态记录/亚马逊公民生物多样性记录,亚马逊公民生物多样性记录,Amazon Citizen Biodiversity Recording,观测「亚马逊公民生物多样性记录」的同好圈。,亚马逊公民生物多样性记录|Amazon|Citizen|Biodiversity|Recording|生物与生态记录,https://en.wikipedia.org/wiki/Amazon_rainforest
科学业余研究/生物与生态记录/加拿大湖泊潜鸟调查,加拿大湖泊潜鸟调查,Canadian Lakes Loon Survey,观测「加拿大湖泊潜鸟调查」的同好圈。,加拿大湖泊潜鸟调查|Canadian|Lakes|Loon|Survey|生物与生态记录,https://www.birdscanada.org/bird-science/canadian-lakes-loon-survey
科学业余研究/生物与生态记录/地衣物种公民科学标记,地衣物种公民科学标记,Lichen Citizen-science Tagging,观测「地衣物种公民科学标记」的同好圈。,地衣物种公民科学标记|Lichen|Citizen-science|Tagging|生物与生态记录,
科学业余研究/生物与生态记录/新泽西24小时观鸟赛,新泽西24小时观鸟赛,World Series of Birding,观测「新泽西24小时观鸟赛」的同好圈。,新泽西24小时观鸟赛|World|Series|of|Birding|生物与生态记录,https://njaudubon.org/world-series-of-birding/rules-and-information/
科学业余研究/生物与生态记录/昆虫专项/熊蜂识别志愿,熊蜂识别志愿,Bumblebee ID Volunteers,观测「熊蜂识别志愿」的同好圈。,熊蜂识别志愿|Bumblebee|ID|Volunteers|生物与生态记录|昆虫专项,
科学业余研究/生物与生态记录/显微地震与矿物/Raspberry Shake业余地震,Raspberry Shake业余地震,Raspberry Shake Citizen Seismology,观测「Raspberry Shake业余地震」的同好圈。,Raspberry Shake业余地震|Raspberry|Shake|Citizen|Seismology|生物与生态记录|显微地震与矿物,https://raspberryshake.org/
科学业余研究/生物与生态记录/材料即田野/树皮纸Amate制作,树皮纸Amate制作,Amate Bark-paper Making,观测「树皮纸Amate制作」的同好圈。,树皮纸Amate制作|Amate|Bark-paper|Making|生物与生态记录|材料即田野,https://en.wikipedia.org/wiki/Amate
科学业余研究/生物与生态记录/材料即田野/桦树皮容器缝制,桦树皮容器缝制,Birch-bark Container Sewing,观测「桦树皮容器缝制」的同好圈。,桦树皮容器缝制|Birch-bark|Container|Sewing|生物与生态记录|材料即田野,https://en.wikipedia.org/wiki/Birch_bark
科学业余研究/生物与生态记录/材料即田野/莎草纸Papyrus自制,莎草纸Papyrus自制,Papyrus Sheet Making Hobby,观测「莎草纸Papyrus自制」的同好圈。,莎草纸Papyrus自制|Papyrus|Sheet|Making|生物与生态记录|材料即田野,https://en.wikipedia.org/wiki/Papyrus
科学业余研究/生物与生态记录/极限珠峰生理研究参与,极限珠峰生理研究参与,Xtreme Everest physiology participation,观测「极限珠峰生理研究参与」的同好圈。,极限珠峰生理研究参与|Xtreme|Everest|physiology|participation|生物与生态记录,https://www.xtreme-everest.co.uk/
科学业余研究/生物与生态记录/欧美自然史/伦敦林奈学会业余,伦敦林奈学会业余,Linnean Society Amateur Fellows Interest,观测「伦敦林奈学会业余」的同好圈。,伦敦林奈学会业余|Linnean|Society|Fellows|Interest|生物与生态记录|欧美自然史,
科学业余研究/生物与生态记录/欧美自然史/奥杜邦地方分会,奥杜邦地方分会,Audubon Local Chapter Birders,观测「奥杜邦地方分会」的同好圈。,奥杜邦地方分会|Audubon|Local|Chapter|Birders|生物与生态记录|欧美自然史,https://en.wikipedia.org/wiki/National_Audubon_Society
科学业余研究/生物与生态记录/海洋生态潜水记录,海洋生态潜水记录,Seasearch diving survey,观测「海洋生态潜水记录」的同好圈。,海洋生态潜水记录|Seasearch|diving|survey|生物与生态记录,https://www.seasearch.org.uk/
科学业余研究/生物与生态记录/物候与日历/物候花园记录,物候花园记录,Phenology Garden Recording,观测「物候花园记录」的同好圈。,物候花园记录|Phenology|Garden|Recording|生物与生态记录|物候与日历,https://en.wikipedia.org/wiki/Phenology
科学业余研究/生物与生态记录/物候与日历/结冰开湖日期记录,结冰开湖日期记录,Ice-on Ice-off Lake Records,观测「结冰开湖日期记录」的同好圈。,结冰开湖日期记录|Ice-on|Ice-off|Lake|Records|生物与生态记录|物候与日历,
科学业余研究/生物与生态记录/珊瑚健康色卡监测,珊瑚健康色卡监测,CoralWatch survey,观测「珊瑚健康色卡监测」（CoralWatch survey）。,珊瑚健康色卡监测|CoralWatch|survey|生物与生态记录,https://coralwatch.org/index.php/monitoring/
科学业余研究/生物与生态记录/真菌季节巡湖集会,真菌季节巡湖集会,Seasonal Mushroom Foray Society Meet,观测「真菌季节巡湖集会」的同好圈。,真菌季节巡湖集会|Seasonal|Mushroom|Foray|Society|Meet|生物与生态记录,https://en.wikipedia.org/wiki/Foray
科学业余研究/生物与生态记录/社区协同雨量观测CoCoRaHS,社区协同雨量观测CoCoRaHS,CoCoRaHS,观测「社区协同雨量观测CoCoRaHS」（CoCoRaHS）。,社区协同雨量观测CoCoRaHS|CoCoRaHS|生物与生态记录,https://www.cocorahs.org/
科学业余研究/生物与生态记录/苔藓微景瓶造景记录,苔藓微景瓶造景记录,Moss Terrarium Logging,观测「苔藓微景瓶造景记录」的同好圈。,苔藓微景瓶造景记录|Moss|Terrarium|Logging|生物与生态记录,
科学业余研究/生物与生态记录/鉴定传习/地衣化学显色,地衣化学显色,Lichen Spot-test Chemistry Hobby,观测「地衣化学显色」的同好圈。,地衣化学显色|Lichen|Spot-test|Chemistry|生物与生态记录|鉴定传习,https://en.wikipedia.org/wiki/Lichenology
科学业余研究/生物与生态记录/鉴定传习/苔藓区系业余,苔藓区系业余,Amateur Bryophyte Floristics,观测「苔藓区系业余」的同好圈。,苔藓区系业余|Bryophyte|Floristics|生物与生态记录|鉴定传习,https://en.wikipedia.org/wiki/Bryology
科学业余研究/生物与生态记录/鸟类专项/ABA名录追逐,ABA名录追逐,ABA Listing Circles,观测「ABA名录追逐」（ABA Listing Circles）。,ABA名录追逐|ABA|Listing|Circles|生物与生态记录|鸟类专项,
科学业余研究/生物与生态记录/鸟类专项/远洋观鸟Pelagic,远洋观鸟Pelagic,Pelagic Birding Trips,观测「远洋观鸟Pelagic」的同好圈。,远洋观鸟Pelagic|Pelagic|Birding|Trips|生物与生态记录|鸟类专项,https://en.wikipedia.org/wiki/Pelagic_zone
科学业余研究/生物与生态记录/鸟类专项/鹰迁徙观察Hawkwatch,鹰迁徙观察Hawkwatch,Hawkwatch Migration Counts,观测「鹰迁徙观察Hawkwatch」的同好圈。,鹰迁徙观察Hawkwatch|Hawkwatch|Migration|Counts|生物与生态记录|鸟类专项,https://en.wikipedia.org/wiki/Hawk_watching
科学业余研究/矿物与地质爱好/切磨与印石/宝石刻面竞赛,宝石刻面竞赛,Gem Faceting Competitions,观测「宝石刻面竞赛」的同好圈。,宝石刻面竞赛|Gem|Faceting|Competitions|矿物与地质爱好|切磨与印石,https://en.wikipedia.org/wiki/Faceting
科学业余研究/矿物与地质爱好/切磨与印石/端砚制砚业余,端砚制砚业余,Duan Inkstone Carving Amateur,观测「端砚制砚业余」的同好圈。,端砚制砚业余|Duan|Inkstone|Carving|矿物与地质爱好|切磨与印石,
科学业余研究/矿物与地质爱好/矿物显微与夜光/玻璃陨石收藏,玻璃陨石收藏,Tektite Collecting Circles,观测「玻璃陨石收藏」的同好圈。,玻璃陨石收藏|Tektite|Collecting|Circles|矿物与地质爱好|矿物显微与夜光,https://en.wikipedia.org/wiki/Tektite
科学业余研究/矿物与地质爱好/矿物显微与夜光/琥珀内含物显微,琥珀内含物显微,Amber Inclusion Microscopy,观测「琥珀内含物显微」的同好圈。,琥珀内含物显微|Amber|Inclusion|Microscopy|矿物与地质爱好|矿物显微与夜光,https://en.wikipedia.org/wiki/Amber
科学业余研究/矿物与地质爱好/矿物显微与夜光/陨石寻猎鉴定,陨石寻猎鉴定,Meteorite Hunting & Authentication,观测「陨石寻猎鉴定」的同好圈。,陨石寻猎鉴定|Meteorite|Hunting|Authentication|矿物与地质爱好|矿物显微与夜光,https://en.wikipedia.org/wiki/Meteorite_hunting
科学业余研究/矿物与岩石爱好/Friends of Mineralogy矿物教育,Friends of Mineralogy矿物教育,Friends of Mineralogy,观测「Friends of Mineralogy矿物教育」的同好圈。,Friends of Mineralogy矿物教育|Friends|of|Mineralogy|矿物与岩石爱好,https://www.friendsofmineralogy.org/
科学业余研究/矿物与岩石爱好/Mindat矿物学众包记录,Mindat矿物学众包记录,Mindat Mineralogy Documentation,观测「Mindat矿物学众包记录」的同好圈。,Mindat矿物学众包记录|Mindat|Mineralogy|Documentation|矿物与岩石爱好,https://www.mindat.org/
科学业余研究/矿物与岩石爱好/Russell Society地形矿物学,Russell Society地形矿物学,Russell Society Topographical Mineralogy,观测「Russell Society地形矿物学」的同好圈。,Russell Society地形矿物学|Russell|Society|Topographical|Mineralogy|矿物与岩石爱好,https://russellsoc.org/
科学业余研究/矿物与岩石爱好/微矿物显微摄影,微矿物显微摄影,Micromount Mineral Photography,观测「微矿物显微摄影」的同好圈。,微矿物显微摄影|Micromount|Mineral|Photography|矿物与岩石爱好,https://russellsoc.org/
科学业余研究/矿物与岩石爱好/荧光矿物收集与研究,荧光矿物收集与研究,Fluorescent Mineral Collecting,观测「荧光矿物收集与研究」的同好圈。,荧光矿物收集与研究|Fluorescent|Mineral|Collecting|矿物与岩石爱好,https://uvminerals.org/
科学业余研究/计量与时间/业余精密守时圈,业余精密守时圈,Amateur Precision Timekeeping,观测「业余精密守时圈」的同好圈。,业余精密守时圈|Precision|Timekeeping|计量与时间,https://en.wikipedia.org/wiki/Time_nut
科学业余研究/颜料染料化学业余/土色颜料,土色颜料,Earth Pigment Collecting,观测「土色颜料」的同好圈。,土色颜料|Earth|Pigment|Collecting|颜料染料化学业余,https://en.wikipedia.org/wiki/Earth_pigment
科学业余研究/颜料染料化学业余/替代感光材料化学,替代感光材料化学,Alternative Process Chemistry Study,观测「替代感光材料化学」的同好圈。,替代感光材料化学|Alternative|Process|Chemistry|Study|颜料染料化学业余,https://en.wikipedia.org/wiki/Alternative_process
科学业余研究/颜料染料化学业余/木炭自制,木炭自制,Charcoal Making Craft,观测「木炭自制」（Charcoal Making Craft）。,木炭自制|Charcoal|Making|Craft|颜料染料化学业余,https://en.wikipedia.org/wiki/Charcoal
科学业余研究/颜料染料化学业余/生土建筑材料Cob,生土建筑材料Cob,Cob Natural Building Craft,观测「生土建筑材料Cob」的同好圈。,生土建筑材料Cob|Cob|Natural|Building|Craft|颜料染料化学业余,https://en.wikipedia.org/wiki/Cob_(material)
科学业余研究/颜料染料化学业余/胭脂虫红实验,胭脂虫红实验,Cochineal Pigment Craft,观测「胭脂虫红实验」的同好圈。,胭脂虫红实验|Cochineal|Pigment|Craft|颜料染料化学业余,https://en.wikipedia.org/wiki/Cochineal
科学业余研究/颜料染料化学业余/色淀颜料制作,色淀颜料制作,Lake Pigment Making,观测「色淀颜料制作」（Lake Pigment Making）。,色淀颜料制作|Lake|Pigment|Making|颜料染料化学业余,https://en.wikipedia.org/wiki/Lake_pigment
科学业余研究/颜料染料化学业余/茜草媒染实验,茜草媒染实验,Madder Mordant Experiments,观测「茜草媒染实验」的同好圈。,茜草媒染实验|Madder|Mordant|Experiments|颜料染料化学业余,https://en.wikipedia.org/wiki/Madder
科学业余研究/颜料染料化学业余/赭石颜料,赭石颜料,Ochre Pigment Practice,观测「赭石颜料」（Ochre Pigment Practice）。,赭石颜料|Ochre|Pigment|Practice|颜料染料化学业余,https://en.wikipedia.org/wiki/Ochre
科学业余研究/颜料染料化学业余/靛蓝化学邻项Woad,靛蓝化学邻项Woad,Woad Dye Chemistry,观测「靛蓝化学邻项Woad」的同好圈。,靛蓝化学邻项Woad|Woad|Dye|Chemistry|颜料染料化学业余,https://en.wikipedia.org/wiki/Woad
竞技游戏/传统体育电竞化/EVO铁拳赛事社群,EVO铁拳赛事社群,EVO Tekken Tournament Community,玩「EVO铁拳赛事社群」的同好圈。,EVO铁拳赛事社群|EVO|Tekken|Tournament|Community|传统体育电竞化,https://www.evo.gg/
竞技游戏/传统体育电竞化/世界业余围棋锦标赛社群,世界业余围棋锦标赛社群,World Amateur Go Championship Community,玩「世界业余围棋锦标赛社群」的同好圈。,世界业余围棋锦标赛社群|World|Go|Championship|Community|传统体育电竞化,https://intergofed.org/
竞技游戏/传统体育电竞化/世界麻将运动会社群,世界麻将运动会社群,World Mahjong Sports Games Community,玩「世界麻将运动会社群」的同好圈。,世界麻将运动会社群|World|Mahjong|Sports|Games|Community|传统体育电竞化,https://mahjong-mil.org/the-2nd-world-mahjong-sports-games-gearing-up/
竞技游戏/传统体育电竞化/业余将棋名人战社群,业余将棋名人战社群,Amateur Shogi Meijin Tournament Community,玩「业余将棋名人战社群」的同好圈。,业余将棋名人战社群|Shogi|Meijin|Tournament|Community|传统体育电竞化,https://www.shogi.or.jp/event/tournament/ama_meijin/
竞技游戏/传统体育电竞化/国际象棋业余公开巡回,国际象棋业余公开巡回,Amateur Chess Open Circuit,玩「国际象棋业余公开巡回」的同好圈。,国际象棋业余公开巡回|Chess|Open|Circuit|传统体育电竞化,https://en.wikipedia.org/wiki/Chess_tournament
竞技游戏/传统体育电竞化/奥瓦里锦标赛社群,奥瓦里锦标赛社群,Oware Tournament Community,玩「奥瓦里锦标赛社群」的同好圈。,奥瓦里锦标赛社群|Oware|Tournament|Community|传统体育电竞化,https://www.oware.co.uk/international-awale-tournament
竞技游戏/传统体育电竞化/托古兹库马拉克赛事社群,托古兹库马拉克赛事社群,Togyzqumalaq Tournament Community,玩「托古兹库马拉克赛事社群」的同好圈。,托古兹库马拉克赛事社群|Togyzqumalaq|Tournament|Community|传统体育电竞化,https://ich.unesco.org/en/RL/traditional-intelligence-and-strategy-game-togyzqumalaq-toguz-korgool-mangala-gocurme-01597
竞技游戏/传统体育电竞化/日本竞技歌牌会,日本竞技歌牌会,Competitive Karuta Tournament Societies,玩「日本竞技歌牌会」的同好圈。,日本竞技歌牌会|Competitive|Karuta|Tournament|Societies|传统体育电竞化,https://en.wikipedia.org/wiki/Karuta
竞技游戏/传统体育电竞化/经典俄罗斯方块世锦赛社群,经典俄罗斯方块世锦赛社群,Classic Tetris World Championship Community,玩「经典俄罗斯方块世锦赛社群」的同好圈。,经典俄罗斯方块世锦赛社群|Classic|Tetris|World|Championship|Community|传统体育电竞化,https://thectwc.com/
竞技游戏/传统社交竞赛/世界象棋锦标赛参与,世界象棋锦标赛参与,World Xiangqi Championship Participation,玩「世界象棋锦标赛参与」的同好圈。,世界象棋锦标赛参与|World|Xiangqi|Championship|Participation|传统社交竞赛,https://www.wxf-xiangqi.org/
竞技游戏/传统社交竞赛/世界黑白棋锦标赛参与,世界黑白棋锦标赛参与,World Othello Championship Participation,玩「世界黑白棋锦标赛参与」的同好圈。,世界黑白棋锦标赛参与|World|Othello|Championship|Participation|传统社交竞赛,https://www.worldothello.org/
竞技游戏/传统社交竞赛/穆海比斯斋月团队猜戒,穆海比斯斋月团队猜戒,Al-Muhaibis Ramadan Team Game,玩「穆海比斯斋月团队猜戒」的同好圈。,穆海比斯斋月团队猜戒|Al-Muhaibis|Ramadan|Team|Game|传统社交竞赛,https://ich.unesco.org/en/RL/al-muhaibis-social-practices-and-traditions-associated-with-it-02244
竞技游戏/传统社交竞赛/阿瑟克羊拐骨竞赛,阿瑟克羊拐骨竞赛,Kazakh Assyk Games Competition,玩「阿瑟克羊拐骨竞赛」的同好圈。,阿瑟克羊拐骨竞赛|Kazakh|Assyk|Games|Competition|传统社交竞赛,https://ich.unesco.org/en/RL/kazakh-traditional-assyk-games-01086
竞技游戏/嗅觉竞赛/艺术与嗅觉大奖赛,艺术与嗅觉独立调香赛,Art and Olfaction Awards,玩「艺术与嗅觉独立调香赛」的同好圈。,艺术与嗅觉独立调香赛|Art|Olfaction|Awards|嗅觉竞赛|艺术与嗅觉大奖赛,https://www.artandolfactionawards.org/
竞技游戏/地方古怪竞赛/Lewes世界豌豆投掷赛,Lewes世界豌豆投掷赛,Lewes World Pea Throwing Championships,玩「Lewes世界豌豆投掷赛」的同好圈。,Lewes世界豌豆投掷赛|Lewes|World|Pea|Throwing|Championships|地方古怪竞赛,https://www.visitlewes.co.uk/whats-on/the-world-pea-throwing-championships-p2207131
竞技游戏/地方古怪竞赛/世界扔电话亭赛,芬兰扔手机赛,Mobile Phone Throwing,玩「芬兰扔手机赛」（Mobile Phone Throwing）。,芬兰扔手机赛|Mobile|Phone|Throwing|地方古怪竞赛|世界扔电话亭赛,https://en.wikipedia.org/wiki/Mobile_phone_throwing
竞技游戏/地方古怪竞赛/世界掷蛋锦标赛,世界掷蛋锦标赛,World Egg Throwing Championships,玩「世界掷蛋锦标赛」的同好圈。,世界掷蛋锦标赛|World|Egg|Throwing|Championships|地方古怪竞赛,https://en.wikipedia.org/wiki/Egg_throwing
竞技游戏/地方古怪竞赛/世界栗子拳赛,世界栗子拳锦标赛,World Conker Championships,玩「世界栗子拳锦标赛」的同好圈。,世界栗子拳锦标赛|World|Conker|Championships|地方古怪竞赛|世界栗子拳赛,https://worldconkerchampionships.com/
竞技游戏/地方古怪竞赛/世界沼泽足球锦标赛,世界沼泽足球锦标赛,World Swamp Soccer Championships,玩「世界沼泽足球锦标赛」的同好圈。,世界沼泽足球锦标赛|World|Swamp|Soccer|Championships|地方古怪竞赛,https://www.swampsoccer.co.uk/
竞技游戏/地方古怪竞赛/世界泥地橄榄球,世界另类运动会乡村赛,World Alternative Games,玩「世界另类运动会乡村赛」的同好圈。,世界另类运动会乡村赛|World|Alternative|Games|地方古怪竞赛|世界泥地橄榄球,https://www.green-events.co.uk/
竞技游戏/地方古怪竞赛/世界泥地足球泥地赛,世界泥地足球锦标赛,World Bog Snorkelling Championship,玩「世界泥地足球锦标赛」的同好圈。,世界泥地足球锦标赛|World|Bog|Snorkelling|Championship|地方古怪竞赛|世界泥地足球泥地赛,https://en.wikipedia.org/wiki/Bog_snorkelling
竞技游戏/地方古怪竞赛/世界滚奶酪赛,库柏山滚奶酪赛,Cooper's Hill Cheese-Rolling,玩「库柏山滚奶酪赛」的同好圈。,库柏山滚奶酪赛|Cooper|Hill|Cheese-Rolling|地方古怪竞赛|世界滚奶酪赛,https://en.wikipedia.org/wiki/Cooper%27s_Hill_Cheese-Rolling_and_Wake
竞技游戏/地方古怪竞赛/世界肉汁摔跤锦标赛,世界肉汁摔跤锦标赛,World Gravy Wrestling Championships,玩「世界肉汁摔跤锦标赛」的同好圈。,世界肉汁摔跤锦标赛|World|Gravy|Wrestling|Championships|地方古怪竞赛,https://worldgravywrestling.com/
竞技游戏/地方古怪竞赛/世界脚趾摔跤锦标赛,世界脚趾摔跤锦标赛,World Toe Wrestling Championship,玩「世界脚趾摔跤锦标赛」的同好圈。,世界脚趾摔跤锦标赛|World|Toe|Wrestling|Championship|地方古怪竞赛,https://toewrestling.co.uk/
竞技游戏/地方古怪竞赛/世界蛋奶馅饼大战,世界蛋奶馅饼大战,World Custard Pie Championship,玩「世界蛋奶馅饼大战」的同好圈。,世界蛋奶馅饼大战|World|Custard|Pie|Championship|地方古怪竞赛,https://en.wikipedia.org/wiki/Custard_pie
竞技游戏/地方古怪竞赛/世界蜗牛竞速锦标赛,世界蜗牛竞速锦标赛,World Snail Racing Championships,玩「世界蜗牛竞速锦标赛」的同好圈。,世界蜗牛竞速锦标赛|World|Snail|Racing|Championships|地方古怪竞赛,https://en.wikipedia.org/wiki/Snail_racing
竞技游戏/地方古怪竞赛/伊斯代尔打水漂,伊斯代尔打水漂世界赛,World Stone Skimming Championships,玩「伊斯代尔打水漂世界赛」的同好圈。,伊斯代尔打水漂世界赛|World|Stone|Skimming|Championships|地方古怪竞赛|伊斯代尔打水漂,https://www.stoneskimming.com/
竞技游戏/地方古怪竞赛/兰开夏黑布丁投掷赛,兰开夏黑布丁投掷世界赛,World Black Pudding Throwing Championships,玩「兰开夏黑布丁投掷世界赛」的同好圈。,兰开夏黑布丁投掷世界赛|World|Black|Pudding|Throwing|Championships|地方古怪竞赛|兰开夏黑布丁投掷赛,https://www.bbc.com/news/articles/cddvr88lgmno
竞技游戏/地方古怪竞赛/古怪补2/沼泽足球业余,沼泽足球业余,Swamp-soccer Amateur,玩「沼泽足球业余」（Swamp-soccer Amateur）。,沼泽足球业余|Swamp-soccer|地方古怪竞赛|古怪补2,https://en.wikipedia.org/wiki/Swamp_football
竞技游戏/地方古怪竞赛/埃格雷蒙特鬼脸赛,埃格雷蒙特鬼脸世界赛,World Gurning Championships,玩「埃格雷蒙特鬼脸世界赛」的同好圈。,埃格雷蒙特鬼脸世界赛|World|Gurning|Championships|地方古怪竞赛|埃格雷蒙特鬼脸赛,https://en.wikipedia.org/wiki/Gurning
竞技游戏/地方古怪竞赛/威彻姆射豌豆世界赛,威彻姆射豌豆世界赛,World Peashooting Championship,玩「威彻姆射豌豆世界赛」的同好圈。,威彻姆射豌豆世界赛|World|Peashooting|Championship|地方古怪竞赛,https://worldpeashoot.com/event/world-peashooting-championship/
竞技游戏/地方古怪竞赛/威拉斯顿引蚯蚓世界赛,威拉斯顿引蚯蚓世界赛,World Worm Charming Championships,玩「威拉斯顿引蚯蚓世界赛」的同好圈。,威拉斯顿引蚯蚓世界赛|World|Worm|Charming|Championships|地方古怪竞赛,https://fwsawillaston.wixsite.com/wormcharming/book-your-plot
竞技游戏/地方古怪竞赛/托德河无底船旱地赛,托德河无底船旱地赛,Henley-on-Todd Regatta,玩「托德河无底船旱地赛」的同好圈。,托德河无底船旱地赛|Henley-on-Todd|Regatta|地方古怪竞赛,https://www.henleyontodd.com.au/participate
竞技游戏/地方古怪竞赛/泰哈皮雨靴投远,泰哈皮雨靴投远赛,Taihape Gumboot Throwing,玩「泰哈皮雨靴投远赛」的同好圈。,泰哈皮雨靴投远赛|Taihape|Gumboot|Throwing|地方古怪竞赛|泰哈皮雨靴投远,https://taihape.co.nz/events/gumboot-throwing-competition/
竞技游戏/地方古怪竞赛/纳奈莫浴缸赛,纳奈莫浴缸赛,Nanaimo Bathtub Race,玩「纳奈莫浴缸赛」（Nanaimo Bathtub Race）。,纳奈莫浴缸赛|Nanaimo|Bathtub|Race|地方古怪竞赛,https://www.bathtubbing.com/
竞技游戏/地方古怪竞赛/美国南瓜称重大赛,美国南瓜称重大赛,Giant Pumpkin Weigh-offs,玩「美国南瓜称重大赛」的同好圈。,美国南瓜称重大赛|Giant|Pumpkin|Weigh-offs|地方古怪竞赛,https://www.greatpumpkincommonwealth.com/
竞技游戏/地方古怪竞赛/芬兰扔靴子世界赛,芬兰扔靴子世界赛,World Boot Throwing Championship,玩「芬兰扔靴子世界赛」的同好圈。,芬兰扔靴子世界赛|World|Boot|Throwing|Championship|地方古怪竞赛,https://en.wikipedia.org/wiki/Boot_throwing
竞技游戏/地方古怪竞赛/英国割草机竞速BLMRA,英国割草机竞速BLMRA,BLMRA Lawn Mower Racing,玩「英国割草机竞速BLMRA」的同好圈。,英国割草机竞速BLMRA|BLMRA|Lawn|Mower|Racing|地方古怪竞赛,https://www.blmra.co.uk/
竞技游戏/地方古怪竞赛/高索普运煤世界赛,高索普运煤世界赛,World Coal Carrying Championship,玩「高索普运煤世界赛」的同好圈。,高索普运煤世界赛|World|Coal|Carrying|Championship|地方古怪竞赛,https://gawthorpemaypole.org/world-coal-carrying/
竞技游戏/地方器具竞赛/世界弹珠锦标赛,世界弹珠锦标赛,British and World Marbles Championship,玩「世界弹珠锦标赛」的同好圈。,世界弹珠锦标赛|British|World|Marbles|Championship|地方器具竞赛,https://en.wikipedia.org/wiki/British_and_World_Marbles_Championship
竞技游戏/地方器具竞赛/爱尔兰Camogie成人联赛,爱尔兰Camogie成人联赛,Camogie Adult Club Competition,玩「爱尔兰Camogie成人联赛」的同好圈。,爱尔兰Camogie成人联赛|Camogie|Adult|Competition|地方器具竞赛,https://www.camogie.ie/
竞技游戏/地方器具竞赛/爱尔兰Hurling成人俱乐部,爱尔兰Hurling成人俱乐部,Adult Club Hurling,玩「爱尔兰Hurling成人俱乐部」的同好圈。,爱尔兰Hurling成人俱乐部|Hurling|Adult|地方器具竞赛,https://www.gaa.ie/hurling
竞技游戏/地方器具竞赛/约克郡Knurr and Spell,约克郡Knurr and Spell,Knurr and Spell,玩「约克郡Knurr and Spell」的同好圈。,约克郡Knurr and Spell|Knurr|Spell|地方器具竞赛,https://en.wikipedia.org/wiki/Knurr_and_spell
竞技游戏/地方器具竞赛/苏塞克斯Stoolball,苏塞克斯Stoolball,Sussex Stoolball,玩「苏塞克斯Stoolball」的同好圈。,苏塞克斯Stoolball|Stoolball|Sussex|地方器具竞赛,https://www.stoolball.org.uk/
竞技游戏/地方器具竞赛/英国Aunt Sally木靶投掷,英国Aunt Sally木靶投掷,Oxfordshire Aunt Sally,玩「英国Aunt Sally木靶投掷」的同好圈。,英国Aunt Sally木靶投掷|Aunt|Sally|Oxfordshire|地方器具竞赛,https://en.wikipedia.org/wiki/Aunt_Sally
竞技游戏/地方器具竞赛/英格兰九柱Skittles联赛,英格兰九柱Skittles联赛,English Skittles League Play,玩「英格兰九柱Skittles联赛」的同好圈。,英格兰九柱Skittles联赛|Skittles|English|League|Play|地方器具竞赛,https://en.wikipedia.org/wiki/Skittles_(sport)
竞技游戏/客厅桌上与飞镖弹珠/IFPA竞技弹珠,IFPA竞技弹珠,IFPA Competitive Pinball,玩「IFPA竞技弹珠」的同好圈。,IFPA竞技弹珠|IFPA|Competitive|Pinball|客厅桌上与飞镖弹珠,https://www.ifpapinball.com/
竞技游戏/客厅桌上与飞镖弹珠/国际桌上足球ITSF,国际桌上足球ITSF,ITSF Table Soccer,玩「国际桌上足球ITSF」（ITSF Table Soccer）。,国际桌上足球ITSF|ITSF|Table|Soccer|客厅桌上与飞镖弹珠,https://www.tablesoccer.org/
竞技游戏/无线电竞技/ARDF无线电测向运动,ARDF无线电测向运动,Amateur Radio Direction Finding,玩「ARDF无线电测向运动」的同好圈。,ARDF无线电测向运动|ARDF|Radio|Direction|Finding|无线电竞技,https://www.iaru-r1.org/about-us/committees-and-working-groups/ardf/documents/ardf-rules/
竞技游戏/无线电竞技/狐猎定向Foxoring赛,狐猎定向Foxoring赛,ARDF Foxoring,玩「狐猎定向Foxoring赛」（ARDF Foxoring）。,狐猎定向Foxoring赛|Foxoring|ARDF|无线电竞技,https://www.iaru-r1.org/about-us/committees-and-working-groups/ardf/documents/ardf-rules/
竞技游戏/无线电竞技/身器地电/猎狐森林测向,猎狐森林测向,Forest ARDF Foxhunts,玩「猎狐森林测向」（Forest ARDF Foxhunts）。,猎狐森林测向|Forest|ARDF|Foxhunts|无线电竞技|身器地电,
竞技游戏/无线电竞技/高速电报HST竞赛,高速电报HST竞赛,High Speed Telegraphy,玩「高速电报HST竞赛」的同好圈。,高速电报HST竞赛|HST|High|Speed|Telegraphy|无线电竞技,https://www.iaru-r1.org/about-us/committees-and-working-groups/hst/
竞技游戏/格斗与对抗竞技/再平衡/克丘亚语业余学习与歌谣,克丘亚语业余学习与歌谣,Quechua Language & Song Hobby,玩「克丘亚语业余学习与歌谣」的同好圈。,克丘亚语业余学习与歌谣|Quechua|Language|Song|格斗与对抗竞技|再平衡,https://en.wikipedia.org/wiki/Quechuan_languages
竞技游戏/格斗与对抗竞技/再平衡/印地语影视歌词学习圈,印地语影视歌词学习圈,Hindi Film Lyric Learning Circles,玩「印地语影视歌词学习圈」的同好圈。,印地语影视歌词学习圈|Hindi|Film|Lyric|Learning|Circles|格斗与对抗竞技|再平衡,https://en.wikipedia.org/wiki/Hindi
竞技游戏/格斗与对抗竞技/身体技法竞技/中东Raqs Sharqi肚皮舞业余,中东Raqs Sharqi肚皮舞业余,Raqs Sharqi / Belly Dance Hobby Circles,玩「中东Raqs Sharqi肚皮舞业余」的同好圈。,中东Raqs Sharqi肚皮舞业余|Raqs|Sharqi|Belly|Dance|Circles|格斗与对抗竞技|身体技法竞技,https://en.wikipedia.org/wiki/Belly_dance
竞技游戏/格斗与对抗竞技/身体技法竞技/印尼Saman萨满团舞,印尼Saman萨满团舞,Acehnese Saman Dance,玩「印尼Saman萨满团舞」的同好圈。,印尼Saman萨满团舞|Saman|Acehnese|Dance|格斗与对抗竞技|身体技法竞技,https://ich.unesco.org/en/RL/saman-dance-00509
竞技游戏/格斗与对抗竞技/身体技法竞技/墨西哥Jarabe与民俗舞社群,墨西哥Jarabe与民俗舞社群,Mexican Folklórico / Jarabe Dance,玩「墨西哥Jarabe与民俗舞社群」的同好圈。,墨西哥Jarabe与民俗舞社群|Jarabe|Mexican|Folkl|rico|Dance|格斗与对抗竞技|身体技法竞技,https://en.wikipedia.org/wiki/Jarabe_Tapat%C3%ADo
竞技游戏/格斗与对抗竞技/身体技法竞技/巴西Maculelê棍舞,巴西Maculelê棍舞,Maculelê Stick Dance,玩「巴西Maculelê棍舞」的同好圈。,巴西Maculelê棍舞|Maculel|Stick|Dance|格斗与对抗竞技|身体技法竞技,https://en.wikipedia.org/wiki/Maculel%C3%AA_(dance)
竞技游戏/格斗与街机/被误认为维修工/弹珠机钉钉调整,弹珠机钉钉调整,Pachinko Nail-adjust Study,玩「弹珠机钉钉调整」的同好圈。,弹珠机钉钉调整|Pachinko|Nail-adjust|Study|格斗与街机|被误认为维修工,https://en.wikipedia.org/wiki/Pachinko
竞技游戏/模拟遥控与穿越机竞速/MultiGP穿越机竞速,MultiGP穿越机竞速,MultiGP Drone Racing,玩「MultiGP穿越机竞速」的同好圈。,MultiGP穿越机竞速|MultiGP|Drone|Racing|模拟遥控与穿越机竞速,https://www.multigp.com/
竞技游戏/电子竞技/复古与益智竞速/EMA竞技麻将,EMA竞技麻将,EMA Competitive Mahjong,玩「EMA竞技麻将」的同好圈。,EMA竞技麻将|EMA|Competitive|Mahjong|电子竞技|复古与益智竞速,https://en.wikipedia.org/wiki/European_Mahjong_Association
竞技游戏/电子竞技/复古与益智竞速/世界解谜竞速,世界解谜竞速,World Puzzle Championship,玩「世界解谜竞速」的同好圈。,世界解谜竞速|World|Puzzle|Championship|电子竞技|复古与益智竞速,https://worldpuzzle.org/
竞技游戏/电子竞技/线下赛会场务志愿轮值,线下赛会场务志愿轮值,Esports LAN Event Ops Volunteering,玩「线下赛会场务志愿轮值」的同好圈。,线下赛会场务志愿轮值|Esports|LAN|Event|Ops|Volunteering|电子竞技,https://en.wikipedia.org/wiki/LAN_party
竞技游戏/电子竞技/街霸系列竞技,街霸系列竞技,Street Fighter Esports,玩「街霸系列竞技」的同好圈。,街霸系列竞技|Street|Fighter|Esports|电子竞技,https://www.capcomprotour.com/
竞技游戏/电子竞技/规则变体圈/工具辅助速通TAS社,工具辅助速通TAS社,Tool-assisted Speedrun Communities,玩「工具辅助速通TAS社」的同好圈。,工具辅助速通TAS社|TAS|Tool-assisted|Speedrun|Communities|电子竞技|规则变体圈,https://en.wikipedia.org/wiki/Tool-assisted_speedrun
竞技游戏/电子竞技/规则变体圈/速通规则委员会,速通规则委员会,Speedrun Rules Committees,玩「速通规则委员会」的同好圈。,速通规则委员会|Speedrun|Rules|Committees|电子竞技|规则变体圈,https://en.wikipedia.org/wiki/Speedrun
竞技游戏/电子竞技/规则变体圈/随机izer种子竞赛,随机izer种子竞赛,Randomizer Seed-race Circles,玩「随机izer种子竞赛」的同好圈。,随机izer种子竞赛|izer|Randomizer|Seed-race|Circles|电子竞技|规则变体圈,
竞技游戏/身体规则竞技/FIG跑酷竞速,FIG跑酷竞速,FIG parkour racing,玩「FIG跑酷竞速」（FIG parkour racing）。,FIG跑酷竞速|FIG|parkour|racing|身体规则竞技,https://parkour.sport/
竞技游戏/身体规则竞技/IDPA防卫射击,IDPA防卫射击,IDPA defensive shooting,玩「IDPA防卫射击」的同好圈。,IDPA防卫射击|IDPA|defensive|shooting|身体规则竞技,https://www.idpa.com/
竞技游戏/身体规则竞技/IPSC实用射击,IPSC实用射击,IPSC Practical Shooting,玩「IPSC实用射击」的同好圈。,IPSC实用射击|IPSC|Practical|Shooting|身体规则竞技,https://www.ipsc.org/
竞技游戏/身体规则竞技/四截球,四截球,Quadball,玩「四截球」（Quadball）。,四截球|Quadball|身体规则竞技,https://www.iqasport.org/
竞技游戏/身体规则竞技/山地独轮车,山地独轮车,Mountain unicycling,玩「山地独轮车」（Mountain unicycling）。,山地独轮车|Mountain|unicycling|身体规则竞技,https://en.wikipedia.org/wiki/Mountain_unicycling
竞技游戏/身体规则竞技/巴斯克举石,巴斯克举石,Harri-jasotzea,玩「巴斯克举石」（Harri-jasotzea）。,巴斯克举石|Harri-jasotzea|身体规则竞技,https://en.wikipedia.org/wiki/Harri-jasotzaileak
竞技游戏/身体规则竞技/摩托车试炼,摩托车试炼,Motorcycle trials,玩「摩托车试炼」（Motorcycle trials）。,摩托车试炼|Motorcycle|trials|身体规则竞技,https://en.wikipedia.org/wiki/Motorcycle_trials
竞技游戏/身体规则竞技/水下定向,水下定向,Underwater orienteering,玩「水下定向」（Underwater orienteering）。,水下定向|Underwater|orienteering|身体规则竞技,https://en.wikipedia.org/wiki/Underwater_orienteering
竞技游戏/身体规则竞技/水下曲棍球,水下曲棍球,Underwater hockey,玩「水下曲棍球」（Underwater hockey）。,水下曲棍球|Underwater|hockey|身体规则竞技,https://www.cmas.org/document/cmas-underwater-hockey-rules-of-play-feb-2025-02.html
竞技游戏/身体规则竞技/水下橄榄球,水下橄榄球,Underwater rugby,玩「水下橄榄球」（Underwater rugby）。,水下橄榄球|Underwater|rugby|身体规则竞技,https://www.cmas.org/document/underwater-rugby/underwater-rugby-rules-and-referees.html
竞技游戏/身体规则竞技/波萨球,波萨球,Bossaball,玩「波萨球」（Bossaball）。,波萨球|Bossaball|身体规则竞技,https://en.wikipedia.org/wiki/Bossaball
竞技游戏/身体规则竞技/漆弹竞技,漆弹竞技,NXL Paintball,玩「漆弹竞技」（NXL Paintball）。,漆弹竞技|NXL|Paintball|身体规则竞技,https://www.nxlpaintball.com/
竞技游戏/身体规则竞技/牛仔动作射击,牛仔动作射击,SASS Cowboy Action Shooting,玩「牛仔动作射击」的同好圈。,牛仔动作射击|SASS|Cowboy|Action|Shooting|身体规则竞技,https://www.sassnet.com/
竞技游戏/身体规则竞技/自行车球,自行车球,Cycle-ball,玩「自行车球」（Cycle-ball）。,自行车球|Cycle-ball|身体规则竞技,https://en.wikipedia.org/wiki/Cycle_ball
竞技游戏/身体规则竞技/自行车试炼,自行车试炼,Bicycle trials,玩「自行车试炼」（Bicycle trials）。,自行车试炼|Bicycle|trials|身体规则竞技,https://en.wikipedia.org/wiki/Bike_trials
竞技游戏/身体规则竞技/芬泳,芬泳,CMAS Finswimming,玩「芬泳」（CMAS Finswimming）。,芬泳|CMAS|Finswimming|身体规则竞技,https://en.wikipedia.org/wiki/Finswimming
竞技游戏/身体规则竞技/象棋拳击,象棋拳击,Chess boxing,玩「象棋拳击」（Chess boxing）。,象棋拳击|Chess|boxing|身体规则竞技,https://en.wikipedia.org/wiki/Chess_boxing
竞技游戏/身体规则竞技/障碍课程运动,障碍课程运动,World OCR Obstacle Sport,玩「障碍课程运动」的同好圈。,障碍课程运动|World|OCR|Obstacle|Sport|身体规则竞技,https://worldocr.org/
竞技游戏/身体规则竞技/雪合战,雪合战,Yukigassen,玩「雪合战」（Yukigassen）。,雪合战|Yukigassen|身体规则竞技,https://en.wikipedia.org/wiki/Yukigassen
竞技游戏/身体规则竞技/鱼枪竞技,鱼枪竞技,Competitive spearfishing,玩「鱼枪竞技」的同好圈。,鱼枪竞技|Competitive|spearfishing|身体规则竞技,https://en.wikipedia.org/wiki/Spearfishing
竞技游戏/速通与复古高分/TwinGalaxies复古高分,Twin Galaxies复古高分,Twin Galaxies,玩「Twin Galaxies复古高分」的同好圈。,Twin Galaxies复古高分|Twin|Galaxies|速通与复古高分,https://www.twingalaxies.com/
美食与发酵/北欧发酵鱼/瑞典苏斯特罗明,瑞典苏斯特罗明发酵鲱鱼,Swedish Surströmming Fermented Herring,酿「瑞典苏斯特罗明发酵鲱鱼」的同好圈。,瑞典苏斯特罗明发酵鲱鱼|Swedish|Surstr|mming|Fermented|Herring|北欧发酵鱼|瑞典苏斯特罗明,https://www.surstrommingsakademien.se/om-akademien/
美食与发酵/发酵酿造/全球南发酵食饮/南美Yerba_Mate马黛茶圈,南美Yerba Mate马黛茶圈,Yerba Mate Drinking Circles,酿「南美Yerba Mate马黛茶圈」的同好圈。,南美Yerba Mate马黛茶圈|Yerba|Mate|Drinking|Circles|发酵酿造|全球南发酵食饮,https://en.wikipedia.org/wiki/Mate_(drink)
美食与发酵/发酵酿造/全球南发酵食饮/印度Idli与Dosa米豆发酵,印度Idli与Dosa米豆发酵,Idli-Dosa Batter Fermentation,酿「印度Idli与Dosa米豆发酵」的同好圈。,印度Idli与Dosa米豆发酵|Idli|Dosa|Idli-Dosa|Batter|Fermentation|发酵酿造|全球南发酵食饮,https://en.wikipedia.org/wiki/Idli
美食与发酵/发酵酿造/全球南发酵食饮/埃塞俄比亚Injera苔麸饼发酵,埃塞俄比亚Injera苔麸饼发酵,Ethiopian Injera Fermentation,酿「埃塞俄比亚Injera苔麸饼发酵」的同好圈。,埃塞俄比亚Injera苔麸饼发酵|Injera|Ethiopian|Fermentation|发酵酿造|全球南发酵食饮,https://en.wikipedia.org/wiki/Injera
美食与发酵/发酵酿造/全球南发酵食饮/埃塞俄比亚咖啡仪式Buna业余圈,埃塞俄比亚咖啡仪式Buna业余圈,Ethiopian Coffee Ceremony Hobby Circles,酿「埃塞俄比亚咖啡仪式Buna业余圈」的同好圈。,埃塞俄比亚咖啡仪式Buna业余圈|Buna|Ethiopian|Coffee|Ceremony|Circles|发酵酿造|全球南发酵食饮,https://en.wikipedia.org/wiki/Coffee_ceremony_of_Ethiopia_and_Eritrea
美食与发酵/发酵酿造/全球南发酵食饮/墨西哥Pulque龙舌兰浆发酵,墨西哥Pulque龙舌兰浆发酵,Pulque Fermentation,酿「墨西哥Pulque龙舌兰浆发酵」的同好圈。,墨西哥Pulque龙舌兰浆发酵|Pulque|Fermentation|发酵酿造|全球南发酵食饮,https://en.wikipedia.org/wiki/Pulque
美食与发酵/发酵酿造/全球南发酵食饮/墨西哥Tepache菠萝渣发酵,墨西哥Tepache菠萝渣发酵,Tepache Home Fermentation,酿「墨西哥Tepache菠萝渣发酵」的同好圈。,墨西哥Tepache菠萝渣发酵|Tepache|Home|Fermentation|发酵酿造|全球南发酵食饮,https://en.wikipedia.org/wiki/Tepache
美食与发酵/发酵酿造/全球南发酵食饮/巴拉圭Tereré马黛冷泡,巴拉圭Tereré马黛冷泡,Paraguayan Tereré Mate Practice,酿「巴拉圭Tereré马黛冷泡」的同好圈。,巴拉圭Tereré马黛冷泡|Terer|Paraguayan|Mate|Practice|发酵酿造|全球南发酵食饮,https://ich.unesco.org/en/RL/practices-and-traditional-knowledge-of-terere-in-the-culture-of-poha-nana-guarani-ancestral-drink-in-paraguay-01603
美食与发酵/发酵酿造/全球南发酵食饮/西非Palm_Wine棕榈酒采集发酵,西非Palm Wine棕榈酒采集发酵,Palm Wine Tapping & Ferment Hobby Circles,酿「西非Palm Wine棕榈酒采集发酵」的同好圈。,西非Palm Wine棕榈酒采集发酵|Palm|Wine|Tapping|Ferment|Circles|发酵酿造|全球南发酵食饮,https://en.wikipedia.org/wiki/Palm_wine
美食与发酵/发酵酿造/北欧酸面包黑麦传统,北欧酸面包黑麦传统,Nordic Rye Sourdough Tradition,酿「北欧酸面包黑麦传统」的同好圈。,北欧酸面包黑麦传统|Nordic|Rye|Sourdough|Tradition|发酵酿造,
美食与发酵/发酵酿造/历史复活酿/罗马Posca复原,罗马Posca复原,Roman Posca Revival Brews,酿「罗马Posca复原」的同好圈。,罗马Posca复原|Posca|Roman|Revival|Brews|发酵酿造|历史复活酿,https://en.wikipedia.org/wiki/Posca
美食与发酵/发酵酿造/家庭奶酪,家庭奶酪制作,Home Cheesemaking,酿「家庭奶酪制作」（Home Cheesemaking）。,家庭奶酪制作|Home|Cheesemaking|发酵酿造|家庭奶酪,https://www.cheesemaking.com/
美食与发酵/发酵酿造/拉美与安第斯发酵/奇恰酒发酵,奇恰酒发酵,Chicha Fermentation,酿「奇恰酒发酵」（Chicha Fermentation）。,奇恰酒发酵|Chicha|Fermentation|发酵酿造|拉美与安第斯发酵,https://en.wikipedia.org/wiki/Chicha
美食与发酵/发酵酿造/本土容器与风土发酵/HORAL兰比克古兹混酿传统,HORAL兰比克古兹混酿传统,HORAL Lambic & Gueuze Tradition,酿「HORAL兰比克古兹混酿传统」的同好圈。,HORAL兰比克古兹混酿传统|HORAL|Lambic|Gueuze|Tradition|发酵酿造|本土容器与风土发酵,https://horal.be/en/
美食与发酵/发酵酿造/本土容器与风土发酵/埃塞俄比亚泰吉蜜酒传统,埃塞俄比亚泰吉蜜酒传统,Ethiopian Tej Honey Wine Tradition,酿「埃塞俄比亚泰吉蜜酒传统」的同好圈。,埃塞俄比亚泰吉蜜酒传统|Ethiopian|Tej|Honey|Wine|Tradition|发酵酿造|本土容器与风土发酵,https://en.wikipedia.org/wiki/Tej
美食与发酵/发酵酿造/本土容器与风土发酵/格鲁吉亚天然酒与奎弗利传统,格鲁吉亚天然酒与奎弗利传统,Georgian Qvevri Natural Wine Practice,酿「格鲁吉亚天然酒与奎弗利传统」的同好圈。,格鲁吉亚天然酒与奎弗利传统|Georgian|Qvevri|Natural|Wine|Practice|发酵酿造|本土容器与风土发酵,https://www.nwa.ge/en
美食与发酵/发酵酿造/欧洲传统酿/斯堪的纳维亚农场艾尔,斯堪的纳维亚农场艾尔,Nordic Farmhouse Ale Brewing,酿「斯堪的纳维亚农场艾尔」的同好圈。,斯堪的纳维亚农场艾尔|Nordic|Farmhouse|Ale|Brewing|发酵酿造|欧洲传统酿,https://en.wikipedia.org/wiki/Farmhouse_ale
美食与发酵/发酵酿造/欧洲传统酿/比利时修道院风格家酿,比利时修道院风格家酿,Abbey-style Homebrew Circles,酿「比利时修道院风格家酿」的同好圈。,比利时修道院风格家酿|Abbey-style|Homebrew|Circles|发酵酿造|欧洲传统酿,
美食与发酵/发酵酿造/菲律宾椰子酒Tuba采集,菲律宾椰子酒Tuba采集,Filipino Tuba Coconut Wine Tapping,酿「菲律宾椰子酒Tuba采集」的同好圈。,菲律宾椰子酒Tuba采集|Tuba|Filipino|Coconut|Wine|Tapping|发酵酿造,
美食与发酵/发酵酿造/酒与茶菌/蜜酒Mead,蜜酒酿造（Mead）,Mead Making,酿「蜜酒酿造（Mead）」（Mead Making）。,蜜酒酿造（Mead）|Mead|Making|发酵酿造|酒与茶菌,https://www.meadfan.org/
美食与发酵/发酵酿造/陶罐与民间酒醪/makgeolli家庭酿造,makgeolli家庭酿造,Home Makgeolli Brewing,酿「makgeolli家庭酿造」的同好圈。,makgeolli家庭酿造|makgeolli|Home|Makgeolli|Brewing|发酵酿造|陶罐与民间酒醪,https://en.wikipedia.org/wiki/Makgeolli
美食与发酵/发酵酿造/陶罐与民间酒醪/natto家庭发酵,natto家庭发酵,Home Natto Fermentation,酿「natto家庭发酵」的同好圈。,natto家庭发酵|natto|Home|Natto|Fermentation|发酵酿造|陶罐与民间酒醪,https://en.wikipedia.org/wiki/Natt%C5%8D
美食与发酵/发酵酿造/韩国酱类坛缸晒酱,韩国酱类坛缸晒酱,Korean Jang Onggi Sun-ferment,酿「韩国酱类坛缸晒酱」的同好圈。,韩国酱类坛缸晒酱|Korean|Jang|Onggi|Sun-ferment|发酵酿造,
美食与发酵/发酵酿造/风干肠熟成,风干肠 / 生火腿熟成,Charcuterie & Curing,酿「风干肠 / 生火腿熟成」的同好圈。,风干肠 / 生火腿熟成|Charcuterie|Curing|发酵酿造|风干肠熟成,https://www.meatsandsausages.com/
美食与发酵/发酵酿造/麹与东亚发酵/ぬか漬け糠床发酵,ぬか漬け糠床发酵,Nukazuke Rice-Bran Pickling,酿「ぬか漬け糠床发酵」的同好圈。,ぬか漬け糠床发酵|Nukazuke|Rice-Bran|Pickling|发酵酿造|麹与东亚发酵,https://en.wikipedia.org/wiki/Nukazuke
美食与发酵/发酵酿造/麹与东亚发酵/味噌家庭自制实践,味噌家庭自制实践,Home Miso Making,酿「味噌家庭自制实践」（Home Miso Making）。,味噌家庭自制实践|Home|Miso|Making|发酵酿造|麹与东亚发酵,https://en.wikipedia.org/wiki/Miso
美食与发酵/发酵酿造/麹与东亚发酵/家庭制麹与麹料理实践,家庭制麹与麹料理实践,Home Koji Cultivation Practice,酿「家庭制麹与麹料理实践」的同好圈。,家庭制麹与麹料理实践|Home|Koji|Cultivation|Practice|发酵酿造|麹与东亚发酵,https://ferment.works/
美食与发酵/发酵酿造/麹与东亚发酵/盐麹调味发酵,盐麹调味发酵,Shio Koji Seasoning Ferment,酿「盐麹调味发酵」的同好圈。,盐麹调味发酵|Shio|Koji|Seasoning|Ferment|发酵酿造|麹与东亚发酵,https://en.wikipedia.org/wiki/Shio_koji
美食与发酵/发酵酿造/麹与东亚发酵/菲律宾Buro发酵鱼,菲律宾Buro发酵鱼,Filipino Buro Fermentation,酿「菲律宾Buro发酵鱼」的同好圈。,菲律宾Buro发酵鱼|Buro|Filipino|Fermentation|发酵酿造|麹与东亚发酵,https://en.wikipedia.org/wiki/Buro_(food)
美食与发酵/发酵酿造/麹与东亚发酵/野生发酵教育WMF,野生发酵教育WMF,Wild Fermentation Education,酿「野生发酵教育WMF」的同好圈。,野生发酵教育WMF|WMF|Wild|Fermentation|Education|发酵酿造|麹与东亚发酵,https://www.wildfermentation.com/
美食与发酵/发酵酿造/麹与东亚发酵/顺昌发酵学院韩式酱发酵,顺昌发酵学院韩式酱发酵,Sunchang Jang Fermentation Academy,酿「顺昌发酵学院韩式酱发酵」的同好圈。,顺昌发酵学院韩式酱发酵|Sunchang|Jang|Fermentation|Academy|发酵酿造|麹与东亚发酵,http://sfa.bstorm.co.kr/
美食与发酵/咖啡茶与品鉴/SCA杯测,SCA 咖啡杯测,SCA Coffee Cupping,酿「SCA 咖啡杯测」（SCA Coffee Cupping）。,SCA 咖啡杯测|SCA|Coffee|Cupping|咖啡茶与品鉴|SCA杯测,https://sca.coffee/
美食与发酵/咖啡茶与品鉴/功夫茶,功夫茶冲泡实践,Gongfu Cha Practice,酿「功夫茶冲泡实践」（Gongfu Cha Practice）。,功夫茶冲泡实践|Gongfu|Cha|Practice|咖啡茶与品鉴|功夫茶,https://www.globalteahut.org/
美食与发酵/咖啡茶与品鉴/土耳其咖啡Cezve冲煮社群,土耳其咖啡Cezve冲煮社群,Turkish Cezve Coffee Brewing,酿「土耳其咖啡Cezve冲煮社群」的同好圈。,土耳其咖啡Cezve冲煮社群|Cezve|Turkish|Coffee|Brewing|咖啡茶与品鉴,https://ich.unesco.org/en/RL/turkish-coffee-culture-and-tradition-00645
美食与发酵/咖啡茶与品鉴/家庭烘豆,家庭烘焙咖啡豆,Home Coffee Roasting,酿「家庭烘焙咖啡豆」（Home Coffee Roasting）。,家庭烘焙咖啡豆|Home|Coffee|Roasting|咖啡茶与品鉴|家庭烘豆,https://homeroasters.org/
美食与发酵/咖啡茶与品鉴/普洱仓储,普洱茶仓储与品鉴,Puerh Aging & Tasting,酿「普洱茶仓储与品鉴」的同好圈。,普洱茶仓储与品鉴|Puerh|Aging|Tasting|咖啡茶与品鉴|普洱仓储,https://www.teadb.org/
美食与发酵/咖啡茶与品鉴/欧美咖啡社/家烘豆杯测夜,家烘豆杯测夜,Home-roast Cupping Nights,酿「家烘豆杯测夜」的同好圈。,家烘豆杯测夜|Home-roast|Cupping|Nights|咖啡茶与品鉴|欧美咖啡社,
美食与发酵/咖啡茶与品鉴/茶会主客四季翻席,茶会主客四季翻席,Cha-kai Seasonal Host-Guest Rotation,酿「茶会主客四季翻席」的同好圈。,茶会主客四季翻席|Cha-kai|Seasonal|Host-Guest|Rotation|咖啡茶与品鉴,https://en.wikipedia.org/wiki/Japanese_tea_ceremony
美食与发酵/地方发酵传统/Kimchi与韩裔家庭发酵社群北美,Kimchi与韩裔家庭发酵社群北美,Korean American Kimchi Making Circles,酿「Kimchi与韩裔家庭发酵社群北美」的同好圈。,Kimchi与韩裔家庭发酵社群北美|Kimchi|Korean|American|Making|Circles|地方发酵传统,https://www.kasf.org/
美食与发酵/地方发酵传统/Slow Food Convivium北美欧澳,Slow Food Convivium北美欧澳,Slow Food Convivia,酿「Slow Food Convivium北美欧澳」的同好圈。,Slow Food Convivium北美欧澳|Slow|Food|Convivium|Convivia|地方发酵传统,https://www.slowfood.com/
美食与发酵/地方发酵传统/威斯康星奶酪世界赛,威斯康星世界奶酪锦标赛,World Championship Cheese Contest,酿「威斯康星世界奶酪锦标赛」的同好圈。,威斯康星世界奶酪锦标赛|World|Championship|Cheese|Contest|地方发酵传统|威斯康星奶酪世界赛,https://worldchampioncheese.org/
美食与发酵/地方发酵传统/康普茶家酿协会竞赛,康普茶家酿协会竞赛,Kombucha Brewers International,酿「康普茶家酿协会竞赛」的同好圈。,康普茶家酿协会竞赛|Kombucha|Brewers|International|地方发酵传统,https://kombuchabrewers.org/
美食与发酵/地方发酵传统/德国啤酒纯净法家庭酿友,德国家庭酿酒协会,Deutscher Brauer-Bund Homebrew Context / VLB,酿「德国家庭酿酒协会」的同好圈。,德国家庭酿酒协会|Deutscher|Brauer-Bund|Homebrew|Context|VLB|地方发酵传统|德国啤酒纯净法家庭酿友,https://www.bjcp.org/
美食与发酵/地方发酵传统/比利时啤酒修道院品鉴,比利时修道院啤酒爱好社群,Belgian Trappist Beer Appreciation,酿「比利时修道院啤酒爱好社群」的同好圈。,比利时修道院啤酒爱好社群|Belgian|Trappist|Beer|Appreciation|地方发酵传统|比利时啤酒修道院品鉴,https://www.trappist.be/en/
美食与发酵/家庭发酵社群/FermentersClub发酵社群,Fermenters Club家庭发酵社群,Fermenters Club Home Fermentation,酿「Fermenters Club家庭发酵社群」的同好圈。,Fermenters Club家庭发酵社群|Fermenters|Home|Fermentation|家庭发酵社群,https://fermentersclub.com/
美食与发酵/微生物协作发酵/东亚霉菌发酵/家庭制麹室,家庭制麹室,Home Koji Muro Practice,酿「家庭制麹室」的同好圈。,家庭制麹室|Home|Koji|Muro|Practice|微生物协作发酵|东亚霉菌发酵,https://en.wikipedia.org/wiki/Koji_(ingredient)
美食与发酵/微生物协作发酵/东亚霉菌发酵/家庭豆豉发酵,家庭豆豉发酵,Home Douchi Fermentation,酿「家庭豆豉发酵」的同好圈。,家庭豆豉发酵|Home|Douchi|Fermentation|微生物协作发酵|东亚霉菌发酵,
美食与发酵/微生物协作发酵/东亚霉菌发酵/根霉天贝接种,根霉天贝接种,Rhizopus Tempeh Inoculation,酿「根霉天贝接种」的同好圈。,根霉天贝接种|Rhizopus|Tempeh|Inoculation|微生物协作发酵|东亚霉菌发酵,https://en.wikipedia.org/wiki/Tempeh
美食与发酵/微生物协作发酵/东亚霉菌发酵/稻草包纳豆,稻草包纳豆,Straw-wrapped Natto Making,酿「稻草包纳豆」的同好圈。,稻草包纳豆|Straw-wrapped|Natto|Making|微生物协作发酵|东亚霉菌发酵,https://en.wikipedia.org/wiki/Natt%C5%8D
美食与发酵/微生物协作发酵/东亚霉菌发酵/辣椒酱Gochujang家酿,辣椒酱Gochujang家酿,Home Gochujang Brewing,酿「辣椒酱Gochujang家酿」的同好圈。,辣椒酱Gochujang家酿|Gochujang|Home|Brewing|微生物协作发酵|东亚霉菌发酵,https://en.wikipedia.org/wiki/Gochujang
美食与发酵/微生物协作发酵/东亚霉菌发酵/酱缸大酱Meju,酱缸大酱Meju,Meju Doenjang Crock Aging,酿「酱缸大酱Meju」的同好圈。,酱缸大酱Meju|Meju|Doenjang|Crock|Aging|微生物协作发酵|东亚霉菌发酵,https://en.wikipedia.org/wiki/Doenjang
美食与发酵/微生物协作发酵/菌粒与共生体分享/冷却槽兰比克家酿,冷却槽兰比克家酿,Coolship Lambic-style Homebrewing,酿「冷却槽兰比克家酿」的同好圈。,冷却槽兰比克家酿|Coolship|Lambic-style|Homebrewing|微生物协作发酵|菌粒与共生体分享,https://en.wikipedia.org/wiki/Lambic
美食与发酵/微生物协作发酵/菌粒与共生体分享/姜啤酒植物GBP,姜啤酒植物GBP,Ginger Beer Plant Culture,酿「姜啤酒植物GBP」的同好圈。,姜啤酒植物GBP|GBP|Ginger|Beer|Plant|Culture|微生物协作发酵|菌粒与共生体分享,https://en.wikipedia.org/wiki/Ginger_beer
美食与发酵/微生物协作发酵/菌粒与共生体分享/家庭苹果酒Cider,家庭苹果酒Cider,Home Cidermaking Guilds,酿「家庭苹果酒Cider」的同好圈。,家庭苹果酒Cider|Cider|Home|Cidermaking|Guilds|微生物协作发酵|菌粒与共生体分享,https://en.wikipedia.org/wiki/Cider
美食与发酵/微生物协作发酵/菌粒与共生体分享/开菲尔粒分享圈,开菲尔粒分享圈,Milk Kefir Grain Sharing Circles,酿「开菲尔粒分享圈」的同好圈。,开菲尔粒分享圈|Milk|Kefir|Grain|Sharing|Circles|微生物协作发酵|菌粒与共生体分享,https://en.wikipedia.org/wiki/Kefir
美食与发酵/微生物协作发酵/菌粒与共生体分享/水开菲尔Tibicos,水开菲尔Tibicos,Water Kefir Tibicos Sharing,酿「水开菲尔Tibicos」的同好圈。,水开菲尔Tibicos|Tibicos|Water|Kefir|Sharing|微生物协作发酵|菌粒与共生体分享,https://en.wikipedia.org/wiki/Tibicos
美食与发酵/微生物协作发酵/菌粒与共生体分享/蜜酿Jun茶,蜜酿Jun茶,Jun Honey-tea Ferment,酿「蜜酿Jun茶」（Jun Honey-tea Ferment）。,蜜酿Jun茶|Jun|Honey-tea|Ferment|微生物协作发酵|菌粒与共生体分享,
美食与发酵/微生物协作发酵/谷芽与饮料发酵/家庭克瓦斯,家庭克瓦斯,Home Kvass Brewing,酿「家庭克瓦斯」（Home Kvass Brewing）。,家庭克瓦斯|Home|Kvass|Brewing|微生物协作发酵|谷芽与饮料发酵,https://en.wikipedia.org/wiki/Kvass
美食与发酵/微生物协作发酵/谷芽与饮料发酵/马奶酒Kumis业余,马奶酒Kumis业余,Amateur Kumis Fermentation,酿「马奶酒Kumis业余」的同好圈。,马奶酒Kumis业余|Kumis|Fermentation|微生物协作发酵|谷芽与饮料发酵,https://en.wikipedia.org/wiki/Kumis
美食与发酵/微生物协作发酵/谷芽与饮料发酵/黑麦酸汤Zakwas,黑麦酸汤Zakwas,Polish Zakwas Rye Sour,酿「黑麦酸汤Zakwas」的同好圈。,黑麦酸汤Zakwas|Zakwas|Polish|Rye|Sour|微生物协作发酵|谷芽与饮料发酵,
美食与发酵/微生物协作发酵/鱼酱与肉熟成/实验考古Garum,实验考古Garum,Experimental Archaeology Garum,酿「实验考古Garum」的同好圈。,实验考古Garum|Garum|Experimental|Archaeology|微生物协作发酵|鱼酱与肉熟成,https://en.wikipedia.org/wiki/Garum
美食与发酵/微生物协作发酵/鱼酱与肉熟成/家庭鱼露发酵,家庭鱼露发酵,Home Fish-sauce Fermentation,酿「家庭鱼露发酵」的同好圈。,家庭鱼露发酵|Home|Fish-sauce|Fermentation|微生物协作发酵|鱼酱与肉熟成,https://en.wikipedia.org/wiki/Fish_sauce
美食与发酵/烘焙甜点与糖果/BeanToBar,Bean-to-Bar 巧克力,Bean-to-Bar Chocolate Making,酿「Bean-to-Bar 巧克力」的同好圈。,Bean-to-Bar 巧克力|Bean-to-Bar|Chocolate|Making|烘焙甜点与糖果|BeanToBar,https://www.finechocolateindustry.org/
美食与发酵/烘焙甜点与糖果/Gelato工艺,凝胶 / 意式冰淇淋工艺,Gelato Making,酿「凝胶 / 意式冰淇淋工艺」（Gelato Making）。,凝胶 / 意式冰淇淋工艺|Gelato|Making|烘焙甜点与糖果|Gelato工艺,https://www.sigep.it/
美食与发酵/烘焙甜点与糖果/和菓子,和菓子制作,Wagashi Making,酿「和菓子制作」（Wagashi Making）。,和菓子制作|Wagashi|Making|烘焙甜点与糖果|和菓子,https://www.wagashi.or.jp/
美食与发酵/烘焙甜点与糖果/菲律宾Bibingka米糕烘焙,菲律宾Bibingka米糕烘焙,Philippine Bibingka Rice Cake Baking,酿「菲律宾Bibingka米糕烘焙」的同好圈。,菲律宾Bibingka米糕烘焙|Bibingka|Philippine|Rice|Cake|Baking|烘焙甜点与糖果,https://en.wikipedia.org/wiki/Bibingka
美食与发酵/烘焙甜点与糖果/酸种面包,酸种面包（Sourdough）,Sourdough Baking,酿「酸种面包（Sourdough）」的同好圈。,酸种面包（Sourdough）|Sourdough|Baking|烘焙甜点与糖果|酸种面包,https://www.theperfectloaf.com/
美食与发酵/烹饪工艺与竞赛/AVPN披萨,AVPN 那不勒斯披萨,Neapolitan Pizza (AVPN),酿「AVPN 那不勒斯披萨」的同好圈。,AVPN 那不勒斯披萨|AVPN|Neapolitan|Pizza|烹饪工艺与竞赛|AVPN披萨,https://www.pizzanapoletana.org/
美食与发酵/烹饪工艺与竞赛/KCBS烧烤赛,KCBS 烧烤竞赛,KCBS Barbecue Competition,酿「KCBS 烧烤竞赛」的同好圈。,KCBS 烧烤竞赛|KCBS|Barbecue|Competition|烹饪工艺与竞赛|KCBS烧烤赛,https://www.kcbs.us/
美食与发酵/烹饪工艺与竞赛/印度Masala香料研磨调配,印度Masala香料研磨调配,Indian Masala Spice Blending,酿「印度Masala香料研磨调配」的同好圈。,印度Masala香料研磨调配|Masala|Indian|Spice|Blending|烹饪工艺与竞赛,https://en.wikipedia.org/wiki/Masala
美食与发酵/烹饪工艺与竞赛/墨西哥Mole酱汁家庭制作,墨西哥Mole酱汁家庭制作,Mexican Mole Sauce Home Cooking,酿「墨西哥Mole酱汁家庭制作」的同好圈。,墨西哥Mole酱汁家庭制作|Mole|Mexican|Sauce|Home|Cooking|烹饪工艺与竞赛,https://en.wikipedia.org/wiki/Mole_sauce
美食与发酵/烹饪工艺与竞赛/材料即厨具/地下炉Pachamanca,地下炉Pachamanca,Pachamanca Earth-oven Circles,酿「地下炉Pachamanca」的同好圈。,地下炉Pachamanca|Pachamanca|Earth-oven|Circles|烹饪工艺与竞赛|材料即厨具,https://en.wikipedia.org/wiki/Pachamanca
美食与发酵/烹饪工艺与竞赛/材料即厨具/地灶Hāngī土炉,地灶Hāngī土炉,Hāngī Earth-oven Gatherings,酿「地灶Hāngī土炉」的同好圈。,地灶Hāngī土炉|ng|Earth-oven|Gatherings|烹饪工艺与竞赛|材料即厨具,https://en.wikipedia.org/wiki/H%C4%81ngi
美食与发酵/烹饪工艺与竞赛/材料即厨具/粘土锅Tagine业余,粘土锅Tagine业余,Amateur Tagine Claypot Circles,酿「粘土锅Tagine业余」的同好圈。,粘土锅Tagine业余|Tagine|Claypot|Circles|烹饪工艺与竞赛|材料即厨具,https://en.wikipedia.org/wiki/Tajine
美食与发酵/烹饪工艺与竞赛/烧烤协会巡回竞赛队,烧烤协会巡回竞赛队,Barbecue Association Competition Circuit Team,酿「烧烤协会巡回竞赛队」的同好圈。,烧烤协会巡回竞赛队|Barbecue|Association|Competition|Circuit|Team|烹饪工艺与竞赛,https://www.kcbs.us/
美食与发酵/烹饪工艺与竞赛/西非Jollof米饭竞赛烹饪,西非Jollof米饭竞赛烹饪,West African Jollof Rice Cook-offs,酿「西非Jollof米饭竞赛烹饪」的同好圈。,西非Jollof米饭竞赛烹饪|Jollof|West|African|Rice|Cook-offs|烹饪工艺与竞赛,https://en.wikipedia.org/wiki/Jollof_rice
美食与发酵/烹饪工艺与竞赛/辣椒酱自制,辣椒酱 / 热酱自制,Hot Sauce Making,酿「辣椒酱 / 热酱自制」（Hot Sauce Making）。,辣椒酱 / 热酱自制|Hot|Sauce|Making|烹饪工艺与竞赛|辣椒酱自制,https://www.chilipepperinstitute.org/
美食与发酵/烹饪工艺与竞赛/野菜采集烹饪,可食野菜采集烹饪,Foraging for Food,酿「可食野菜采集烹饪」（Foraging for Food）。,可食野菜采集烹饪|Foraging|Food|烹饪工艺与竞赛|野菜采集烹饪,https://www.foragingcoursecompany.co.uk/
美食与发酵/烹饪工艺与竞赛/阿根廷阿萨多烧烤圈,阿萨多烧烤实践,Asado Practice,酿「阿萨多烧烤实践」（Asado Practice）。,阿萨多烧烤实践|Asado|Practice|烹饪工艺与竞赛|阿根廷阿萨多烧烤圈,https://en.wikipedia.org/wiki/Asado
美食与发酵/真实艾尔与家酿/CAMRA真实艾尔品鉴,CAMRA真实艾尔品鉴,CAMRA Real Ale Campaign,酿「CAMRA真实艾尔品鉴」的同好圈。,CAMRA真实艾尔品鉴|CAMRA|Real|Ale|Campaign|真实艾尔与家酿,https://camra.org.uk/
美食与发酵/真实艾尔与家酿/美国自酿者协会竞赛,美国自酿者协会竞赛,American Homebrewers Association Competition,酿「美国自酿者协会竞赛」的同好圈。,美国自酿者协会竞赛|American|Homebrewers|Association|Competition|真实艾尔与家酿,https://www.homebrewersassociation.org/
美食与发酵/红曲发酵/古田红曲制作,古田红曲制作技艺,Gutian Hongqu Red Yeast Fermentation,酿「古田红曲制作技艺」的同好圈。,古田红曲制作技艺|Gutian|Hongqu|Red|Yeast|Fermentation|红曲发酵|古田红曲制作,http://ph.fjsen.com/2021-11/14/content_30889234.htm
美食与发酵/腌床/糠床Nukazuke维护,糠床Nukazuke维护,Nukazuke Bed Keeping,酿「糠床Nukazuke维护」的同好圈。,糠床Nukazuke维护|Nukazuke|Bed|Keeping|腌床,https://en.wikipedia.org/wiki/Nukazuke
美食与发酵/菌种发酵手作/豆腐制作,豆腐制作,Tofu Making Craft,酿「豆腐制作」（Tofu Making Craft）。,豆腐制作|Tofu|Making|Craft|菌种发酵手作,https://en.wikipedia.org/wiki/Tofu
美食与发酵/菌种发酵手作/豆腐皮制作,豆腐皮制作,Tofu Skin Craft,酿「豆腐皮制作」（Tofu Skin Craft）。,豆腐皮制作|Tofu|Skin|Craft|菌种发酵手作,https://en.wikipedia.org/wiki/Tofu_skin
美食与发酵/酒曲/清酒米曲室业余,清酒米曲室业余,Home Sake Koji Muro,酿「清酒米曲室业余」（Home Sake Koji Muro）。,清酒米曲室业余|Home|Sake|Koji|Muro|酒曲,https://en.wikipedia.org/wiki/K%C5%8Dji-kin
美食与发酵/鱼酱/鱼露与古法Garum复原,鱼露与古法Garum复原,Garum and Fish Sauce Recreation,酿「鱼露与古法Garum复原」的同好圈。,鱼露与古法Garum复原|Garum|Fish|Sauce|Recreation|鱼酱,https://en.wikipedia.org/wiki/Garum
美食与发酵/鱼露发酵/富国鱼露传统,富国岛鱼露发酵,Phu Quoc Fish Sauce Fermentation,酿「富国岛鱼露发酵」的同好圈。,富国岛鱼露发酵|Phu|Quoc|Fish|Sauce|Fermentation|鱼露发酵|富国鱼露传统,https://hoinuocmamphuquoc.org/
美食烹饪/中西烹饪技法/NOLS野外烹饪,NOLS野外烹饪,NOLS backcountry cooking,做「NOLS野外烹饪」的同好圈。,NOLS野外烹饪|NOLS|backcountry|cooking|中西烹饪技法,https://en.wikipedia.org/wiki/National_Outdoor_Leadership_School
美食烹饪/中西烹饪技法/中秋月饼作坊共制,中秋月饼作坊共制,Mid-Autumn Mooncake Workshop Circles,做「中秋月饼作坊共制」的同好圈。,中秋月饼作坊共制|Mid-Autumn|Mooncake|Workshop|Circles|中西烹饪技法,https://en.wikipedia.org/wiki/Mooncake
美食烹饪/中西烹饪技法/丰收感恩社群宴筹备,丰收感恩社群宴筹备,Harvest Home Community Feast Prep,做「丰收感恩社群宴筹备」的同好圈。,丰收感恩社群宴筹备|Harvest|Home|Community|Feast|Prep|中西烹饪技法,https://en.wikipedia.org/wiki/Harvest_festival
美食烹饪/中西烹饪技法/凯什凯克节庆捣煮,凯什凯克节庆捣煮,Ceremonial Keşkek Pounding,做「凯什凯克节庆捣煮」的同好圈。,凯什凯克节庆捣煮|Ceremonial|Ke|kek|Pounding|中西烹饪技法,https://ich.unesco.org/en/RL/ceremonial-kekek-tradition-00388
美食烹饪/中西烹饪技法/切布珍节庆烹制,切布珍节庆烹制,Ceebu Jën Culinary Practice,做「切布珍节庆烹制」的同好圈。,切布珍节庆烹制|Ceebu|Culinary|Practice|中西烹饪技法,https://ich.unesco.org/en/RL/ceebu-jen-a-culinary-art-of-senegal-01748
美食烹饪/中西烹饪技法/和食正月料理共备,和食正月料理共备,Washoku New Year Food Preparation,做「和食正月料理共备」的同好圈。,和食正月料理共备|Washoku|New|Year|Food|Preparation|中西烹饪技法,https://ich.unesco.org/en/RL/washoku-traditional-dietary-cultures-of-the-japanese-notably-for-the-celebration-of-new-year-00869
美食烹饪/中西烹饪技法/哈里萨辣酱季节共制,哈里萨辣酱季节共制,Harissa Seasonal Group Making,做「哈里萨辣酱季节共制」的同好圈。,哈里萨辣酱季节共制|Harissa|Seasonal|Group|Making|中西烹饪技法,https://ich.unesco.org/en/RL/harissa-knowledge-skills-and-culinary-and-social-practices-01710
美食烹饪/中西烹饪技法/土耳其咖啡占杯共饮,土耳其咖啡占杯共饮,Turkish Coffee Social Ritual,做「土耳其咖啡占杯共饮」的同好圈。,土耳其咖啡占杯共饮|Turkish|Coffee|Social|Ritual|中西烹饪技法,https://ich.unesco.org/en/RL/turkish-coffee-culture-and-tradition-00645
美食烹饪/中西烹饪技法/墨西哥米却肯节庆烹饪,墨西哥米却肯节庆烹饪,Michoacán Traditional Festive Cooking,做「墨西哥米却肯节庆烹饪」的同好圈。,墨西哥米却肯节庆烹饪|Michoac|Traditional|Festive|Cooking|中西烹饪技法,https://ich.unesco.org/en/RL/traditional-mexican-cuisine-ancestral-ongoing-community-culture-the-michoacan-paradigm-00400
美食烹饪/中西烹饪技法/奥希帕拉夫聚餐制作,奥希帕拉夫聚餐制作,Oshi Palav Communal Cooking,做「奥希帕拉夫聚餐制作」的同好圈。,奥希帕拉夫聚餐制作|Oshi|Palav|Communal|Cooking|中西烹饪技法,https://ich.unesco.org/en/RL/oshi-palav-a-traditional-meal-and-its-social-and-cultural-contexts-in-tajikistan-01191
美食烹饪/中西烹饪技法/山屋通心粉炊事,山屋通心粉炊事,Alpine hut Älplermagronen,做「山屋通心粉炊事」的同好圈。,山屋通心粉炊事|Alpine|hut|lplermagronen|中西烹饪技法,https://en.wikipedia.org/wiki/%C3%84lplermagronen
美食烹饪/中西烹饪技法/库斯库斯手搓共作与共食,库斯库斯手搓共作与共食,Couscous Making and Communal Eating,做「库斯库斯手搓共作与共食」的同好圈。,库斯库斯手搓共作与共食|Couscous|Making|Communal|Eating|中西烹饪技法,https://ich.unesco.org/en/RL/knowledge-know-how-and-practices-pertaining-to-the-production-and-consumption-of-couscous-01602
美食烹饪/中西烹饪技法/开斋节共餐筹备,开斋节共餐筹备,Eid al-Fitr Communal Feast Prep,做「开斋节共餐筹备」的同好圈。,开斋节共餐筹备|Eid|al-Fitr|Communal|Feast|Prep|中西烹饪技法,https://en.wikipedia.org/wiki/Eid_al-Fitr
美食烹饪/中西烹饪技法/徒步达尔巴特炊事,徒步达尔巴特炊事,Dal bhat trekker cooking,做「徒步达尔巴特炊事」的同好圈。,徒步达尔巴特炊事|Dal|bhat|trekker|cooking|中西烹饪技法,https://en.wikipedia.org/wiki/Dal_bhat
美食烹饪/中西烹饪技法/恩西马共食制作,恩西马共食制作,Nsima Communal Food Practice,做「恩西马共食制作」的同好圈。,恩西马共食制作|Nsima|Communal|Food|Practice|中西烹饪技法,https://ich.unesco.org/en/RL/nsima-culinary-tradition-of-malawi-01292
美食烹饪/中西烹饪技法/感恩节邻里互助宴,感恩节邻里互助宴,Community Thanksgiving Potluck Organizing,做「感恩节邻里互助宴」的同好圈。,感恩节邻里互助宴|Community|Thanksgiving|Potluck|Organizing|中西烹饪技法,https://en.wikipedia.org/wiki/Thanksgiving
美食烹饪/中西烹饪技法/慢食奶酪与威士忌品鉴/慢食美国地方共餐,慢食美国地方共餐,Slow Food USA Convivia,做「慢食美国地方共餐」的同好圈。,慢食美国地方共餐|Slow|Food|USA|Convivia|中西烹饪技法|慢食奶酪与威士忌品鉴,https://slowfoodusa.org/
美食烹饪/中西烹饪技法/慢食奶酪与威士忌品鉴/美国奶酪协会ACS,美国奶酪协会ACS,American Cheese Society,做「美国奶酪协会ACS」的同好圈。,美国奶酪协会ACS|ACS|American|Cheese|Society|中西烹饪技法|慢食奶酪与威士忌品鉴,https://www.cheesesociety.org/
美食烹饪/中西烹饪技法/新加坡小贩中心共餐文化,新加坡小贩中心共餐文化,Singapore Hawker Centre Dining Culture,做「新加坡小贩中心共餐文化」的同好圈。,新加坡小贩中心共餐文化|Singapore|Hawker|Centre|Dining|Culture|中西烹饪技法,https://ich.unesco.org/en/RL/hawker-culture-in-singapore-community-dining-and-culinary-practices-in-a-multicultural-urban-context-01568
美食烹饪/中西烹饪技法/曼萨夫节庆宴共备,曼萨夫节庆宴共备,Mansaf Festive Banquet Preparation,做「曼萨夫节庆宴共备」的同好圈。,曼萨夫节庆宴共备|Mansaf|Festive|Banquet|Preparation|中西烹饪技法,https://ich.unesco.org/en/RL/al-mansaf-in-jordan-a-festive-banquet-and-its-social-and-cultural-meanings-01849
美食烹饪/中西烹饪技法/民间主食手作/Nixtamal碱化玉米,Nixtamal碱化玉米,Home Nixtamalization,做「Nixtamal碱化玉米」的同好圈。,Nixtamal碱化玉米|Nixtamal|Home|Nixtamalization|中西烹饪技法|民间主食手作,https://en.wikipedia.org/wiki/Nixtamalization
美食烹饪/中西烹饪技法/民间主食手作/おにぎり协会饭团,おにぎり协会饭团,Onigiri Society Rice-ball Craft,做「おにぎり协会饭团」的同好圈。,おにぎり协会饭团|Onigiri|Society|Rice-ball|Craft|中西烹饪技法|民间主食手作,https://www.onigiri.or.jp/
美食烹饪/中西烹饪技法/民间主食手作/荞麦打ち业余,荞麦打ち业余,Amateur Soba Uchi,做「荞麦打ち业余」（Amateur Soba Uchi）。,荞麦打ち业余|Soba|Uchi|中西烹饪技法|民间主食手作,https://en.wikipedia.org/wiki/Soba
美食烹饪/中西烹饪技法/相扑ちゃんこ锅,相扑ちゃんこ锅,Chankonabe,做「相扑ちゃんこ锅」（Chankonabe）。,相扑ちゃんこ锅|Chankonabe|中西烹饪技法,https://en.wikipedia.org/wiki/Chankonabe
美食烹饪/中西烹饪技法/自行车随身米糕,自行车随身米糕,Cycling rice cakes,做「自行车随身米糕」（Cycling rice cakes）。,自行车随身米糕|Cycling|rice|cakes|中西烹饪技法,https://www.skratchlabs.com/products/feed-zone-portables
美食烹饪/中西烹饪技法/被误认为农活的糖/印度Jaggery锅煮,印度Jaggery锅煮,Jaggery Kettle Boiling,做「印度Jaggery锅煮」的同好圈。,印度Jaggery锅煮|Jaggery|Kettle|Boiling|中西烹饪技法|被误认为农活的糖,https://en.wikipedia.org/wiki/Jaggery
美食烹饪/中西烹饪技法/被误认为农活的糖/桦树液春采,桦树液春采,Birch Sap Spring Tapping,做「桦树液春采」的同好圈。,桦树液春采|Birch|Sap|Spring|Tapping|中西烹饪技法|被误认为农活的糖,https://en.wikipedia.org/wiki/Birch_sap
美食烹饪/中西烹饪技法/被误认为农活的糖/椰糖GulaMelaka,椰糖GulaMelaka,Gula Melaka Palm-sugar Making,做「椰糖GulaMelaka」的同好圈。,椰糖GulaMelaka|GulaMelaka|Gula|Melaka|Palm-sugar|Making|中西烹饪技法|被误认为农活的糖,https://en.wikipedia.org/wiki/Palm_sugar
美食烹饪/中西烹饪技法/远征Pemican口粮,远征Pemican口粮,Expedition pemmican making,做「远征Pemican口粮」的同好圈。,远征Pemican口粮|Pemican|Expedition|pemmican|making|中西烹饪技法,https://en.wikipedia.org/wiki/Pemmican
美食烹饪/中西烹饪技法/逾越节家宴筹备圈,逾越节家宴筹备圈,Passover Seder Communal Prep Circles,做「逾越节家宴筹备圈」的同好圈。,逾越节家宴筹备圈|Passover|Seder|Communal|Prep|Circles|中西烹饪技法,https://en.wikipedia.org/wiki/Passover_Seder
美食烹饪/中西烹饪技法/金酱集体腌泡菜,金酱集体腌泡菜,Communal Kimjang,做「金酱集体腌泡菜」（Communal Kimjang）。,金酱集体腌泡菜|Communal|Kimjang|中西烹饪技法,https://ich.unesco.org/en/RL/kimjang-making-and-sharing-kimchi-in-the-republic-of-korea-00881
美食烹饪/中西烹饪技法/阿卡拉摔跤馆饮食,阿卡拉摔跤馆饮食,Akhara wrestler diet,做「阿卡拉摔跤馆饮食」的同好圈。,阿卡拉摔跤馆饮食|Akhara|wrestler|diet|中西烹饪技法,https://en.wikipedia.org/wiki/Pehlwani
美食烹饪/中西烹饪技法/阿拉伯咖啡待客礼,阿拉伯咖啡待客礼,Arabic Coffee Hospitality Ritual,做「阿拉伯咖啡待客礼」的同好圈。,阿拉伯咖啡待客礼|Arabic|Coffee|Hospitality|Ritual|中西烹饪技法,https://ich.unesco.org/en/RL/arabic-coffee-a-symbol-of-generosity-02111
美食烹饪/中西烹饪技法/雪橇赛食物箱配制,雪橇赛食物箱配制,Iditarod trail food packing,做「雪橇赛食物箱配制」的同好圈。,雪橇赛食物箱配制|Iditarod|trail|food|packing|中西烹饪技法,https://iditarod.com/
美食烹饪/中西烹饪技法/马努谢薄饼清晨共烤,马努谢薄饼清晨共烤,Man'ouché Communal Baking,做「马努谢薄饼清晨共烤」的同好圈。,马努谢薄饼清晨共烤|Man|ouch|Communal|Baking|中西烹饪技法,https://ich.unesco.org/en/RL/al-man-ouche-an-emblematic-culinary-practice-in-lebanon-02000
美食烹饪/中西烹饪技法/高山营养实践,高山营养实践,UIAA mountain nutrition practice,做「高山营养实践」的同好圈。,高山营养实践|UIAA|mountain|nutrition|practice|中西烹饪技法,https://www.theuiaa.org/commissions/medical/
美食烹饪/中西烹饪技法/高海拔压力锅炊事工坊,高海拔压力锅炊事工坊,High-altitude Pressure Cooking Workshops,做「高海拔压力锅炊事工坊」的同好圈。,高海拔压力锅炊事工坊|High-altitude|Pressure|Cooking|Workshops|中西烹饪技法,https://americanalpineclub.org/
美食烹饪/主食与主菜技法/发酵与主食/菲律宾稻米酒Tapuy发酵,菲律宾稻米酒Tapuy发酵,Philippine Tapuy / Rice Wine Ferment,做「菲律宾稻米酒Tapuy发酵」的同好圈。,菲律宾稻米酒Tapuy发酵|Tapuy|Philippine|Rice|Wine|Ferment|主食与主菜技法|发酵与主食,https://en.wikipedia.org/wiki/Tapuy
美食烹饪/发酵饮品与品鉴/三国苹果酒梨酒协会,三国苹果酒梨酒协会,Three Counties Cider and Perry Association,做「三国苹果酒梨酒协会」的同好圈。,三国苹果酒梨酒协会|Three|Counties|Cider|Perry|Association|发酵饮品与品鉴,https://tccpa.co.uk/
美食烹饪/发酵饮品与品鉴/历史复活酿/中世纪格鲁特啤酒复原,中世纪格鲁特啤酒复原,Medieval Gruit Ale Revival,做「中世纪格鲁特啤酒复原」的同好圈。,中世纪格鲁特啤酒复原|Medieval|Gruit|Ale|Revival|发酵饮品与品鉴|历史复活酿,https://en.wikipedia.org/wiki/Gruit
美食烹饪/发酵饮品与品鉴/嗅觉品鉴训练/朗姆酯香品鉴,朗姆酯香品鉴,Rum Ester Nosing Circles,做「朗姆酯香品鉴」的同好圈。,朗姆酯香品鉴|Rum|Ester|Nosing|Circles|发酵饮品与品鉴|嗅觉品鉴训练,
美食烹饪/发酵饮品与品鉴/嗅觉品鉴训练/葡萄酒香气轮盘,葡萄酒香气轮盘,Wine Aroma Wheel Training,做「葡萄酒香气轮盘」的同好圈。,葡萄酒香气轮盘|Wine|Aroma|Wheel|Training|发酵饮品与品鉴|嗅觉品鉴训练,https://en.wikipedia.org/wiki/Wine_tasting
美食烹饪/发酵饮品与品鉴/精酿协会品评赛执裁,精酿协会品评赛执裁,Homebrew Club Competition Judging,做「精酿协会品评赛执裁」的同好圈。,精酿协会品评赛执裁|Homebrew|Competition|Judging|发酵饮品与品鉴,https://www.bjcp.org/
美食烹饪/发酵饮品与品鉴/精酿自酿/家庭自酿啤酒,家庭自酿啤酒,Homebrewing Beer,做「家庭自酿啤酒」（Homebrewing Beer）。,家庭自酿啤酒|Homebrewing|Beer|发酵饮品与品鉴|精酿自酿,https://www.homebrewersassociation.org/
美食烹饪/发酵饮品与品鉴/精酿自酿/康普茶自酿,康普茶自酿,Kombucha Brewing,做「康普茶自酿」（Kombucha Brewing）。,康普茶自酿|Kombucha|Brewing|发酵饮品与品鉴|精酿自酿,https://en.wikipedia.org/wiki/Kombucha
美食烹饪/味噌感官/味噌侍酒师认证,味噌侍酒师品鉴,Miso Sommelier Tasting,做「味噌侍酒师品鉴」的同好圈。,味噌侍酒师品鉴|Miso|Sommelier|Tasting|味噌感官|味噌侍酒师认证,https://tokyomiso.or.jp/sommelier/
美食烹饪/咖啡杯测竞赛/世界杯测品鉴赛,世界杯测品鉴赛,World Cup Tasters Championship,做「世界杯测品鉴赛」的同好圈。,世界杯测品鉴赛|World|Cup|Tasters|Championship|咖啡杯测竞赛,https://wcc.coffee/rules-regulations
美食烹饪/嗅觉品鉴训练/Le Nez du Café咖啡嗅觉训练,Le Nez du Café咖啡嗅觉训练,Le Nez du Café Aroma Training,做「Le Nez du Café咖啡嗅觉训练」的同好圈。,Le Nez du Café咖啡嗅觉训练|Le|Nez|du|Caf|Aroma|Training|嗅觉品鉴训练,https://www.lenez.com/en/aroma-kit/coffee/le-nez-du-cafe-60-aromas/
美食烹饪/嗅觉品鉴训练/Le Nez du Vin葡萄酒嗅觉训练,Le Nez du Vin葡萄酒嗅觉训练,Le Nez du Vin Wine Aroma Training,做「Le Nez du Vin葡萄酒嗅觉训练」的同好圈。,Le Nez du Vin葡萄酒嗅觉训练|Le|Nez|du|Vin|Wine|Aroma|Training,https://www.lenez.com/
美食烹饪/嗅觉品鉴训练/苏格兰麦芽威士忌协会闻香,苏格兰麦芽威士忌协会闻香,SMWS Whisky Nosing Practice,做「苏格兰麦芽威士忌协会闻香」的同好圈。,苏格兰麦芽威士忌协会闻香|SMWS|Whisky|Nosing|Practice|嗅觉品鉴训练,https://www.smws.com/
美食烹饪/地方行会与品鉴/CASI辣椒烹饪,CASI辣椒烹饪锦标赛,CASI Chili Championship,做「CASI辣椒烹饪锦标赛」的同好圈。,CASI辣椒烹饪锦标赛|CASI|Chili|Championship|地方行会与品鉴|CASI辣椒烹饪,https://www.casichili.net/about-casi.html
美食烹饪/地方行会与品鉴/Eden世界康沃尔馅饼赛,Eden世界康沃尔馅饼赛,World Pasty Championships,做「Eden世界康沃尔馅饼赛」的同好圈。,Eden世界康沃尔馅饼赛|Eden|World|Pasty|Championships|地方行会与品鉴,https://www.edenproject.com/
美食烹饪/地方行会与品鉴/Lafayette布丹香肠赛,Lafayette布丹香肠赛,World Championship Boudin Cook-off,做「Lafayette布丹香肠赛」的同好圈。,Lafayette布丹香肠赛|Lafayette|World|Championship|Boudin|Cook-off|地方行会与品鉴,https://en.wikipedia.org/wiki/Boudin
美食烹饪/地方行会与品鉴/Whiting波兰饺子节食艺,Whiting波兰饺子节食艺,Pierogi Fest Whiting Foodways,做「Whiting波兰饺子节食艺」的同好圈。,Whiting波兰饺子节食艺|Whiting|Pierogi|Fest|Foodways|地方行会与品鉴,https://www.pierogifest.net/
美食烹饪/地方行会与品鉴/加州葡裔Holy Ghost Sopas宴,加州葡裔Holy Ghost Sopas宴,Portuguese Holy Ghost Sopas Feasts,做「加州葡裔Holy Ghost Sopas宴」的同好圈。,加州葡裔Holy Ghost Sopas宴|Holy|Ghost|Sopas|Portuguese|Feasts|地方行会与品鉴,https://en.wikipedia.org/wiki/Festival_of_the_Holy_Spirit
美食烹饪/地方行会与品鉴/北美墨西哥Mole家庭厨艺,北美墨西哥Mole家庭厨艺,Mexican-American Mole Home Cooking,做「北美墨西哥Mole家庭厨艺」的同好圈。,北美墨西哥Mole家庭厨艺|Mole|Mexican-American|Home|Cooking|地方行会与品鉴,https://en.wikipedia.org/wiki/Mole_(sauce)
美食烹饪/地方行会与品鉴/北美越南裔Pho家庭厨艺圈,北美越南裔Pho家庭厨艺圈,Vietnamese-American Pho Home Cooking Circles,做「北美越南裔Pho家庭厨艺圈」的同好圈。,北美越南裔Pho家庭厨艺圈|Pho|Vietnamese-American|Home|Cooking|Circles|地方行会与品鉴,https://en.wikipedia.org/wiki/Pho
美食烹饪/地方行会与品鉴/北美韩裔泡菜家庭发酵圈,北美韩裔泡菜家庭发酵圈,Korean-American Kimchi Home Circles,做「北美韩裔泡菜家庭发酵圈」的同好圈。,北美韩裔泡菜家庭发酵圈|Korean-American|Kimchi|Home|Circles|地方行会与品鉴,https://en.wikipedia.org/wiki/Kimjang
美食烹饪/地方行会与品鉴/国际辣椒烹饪学会赛,国际辣椒烹饪学会赛,International Chili Society Cook-offs,做「国际辣椒烹饪学会赛」的同好圈。,国际辣椒烹饪学会赛|International|Chili|Society|Cook-offs|地方行会与品鉴,https://www.chilicookoff.com/
美食烹饪/地方行会与品鉴/圣埃米利永陪审团,圣埃米利永陪审团Jurade,Jurade de Saint-Emilion,做「圣埃米利永陪审团Jurade」的同好圈。,圣埃米利永陪审团Jurade|Jurade|de|Saint-Emilion|地方行会与品鉴|圣埃米利永陪审团,https://vins-saint-emilion.com/en/the-jurade/
美食烹饪/地方行会与品鉴/康沃尔馅饼公会认证,康沃尔馅饼公会认证,Cornish Pasty Association,做「康沃尔馅饼公会认证」的同好圈。,康沃尔馅饼公会认证|Cornish|Pasty|Association|地方行会与品鉴,https://www.cornishpastyassociation.co.uk/
美食烹饪/地方行会与品鉴/慢食味觉方舟品鉴会,慢食味觉方舟品鉴会,Slow Food Ark of Taste Tasting,做「慢食味觉方舟品鉴会」的同好圈。,慢食味觉方舟品鉴会|Slow|Food|Ark|of|Taste|Tasting|地方行会与品鉴,https://www.fondazioneslowfood.com/en/what-we-do/the-ark-of-taste/
美食烹饪/地方行会与品鉴/捷克裔Kolache烘焙社,捷克裔Kolache烘焙社,Czech-Slovak Kolache Baking Circles,做「捷克裔Kolache烘焙社」的同好圈。,捷克裔Kolache烘焙社|Kolache|Czech-Slovak|Baking|Circles|地方行会与品鉴,https://en.wikipedia.org/wiki/Kolach_(cake)
美食烹饪/地方行会与品鉴/普韦布洛土炉面包,普韦布洛土炉面包,Pueblo Horno Bread Baking,做「普韦布洛土炉面包」的同好圈。,普韦布洛土炉面包|Pueblo|Horno|Bread|Baking|地方行会与品鉴,https://en.wikipedia.org/wiki/Horno
美食烹饪/地方行会与品鉴/毛利Hāngī土窑烹饪,毛利Hāngī土窑烹饪,Māori Hāngī Earth-oven Cooking,做「毛利Hāngī土窑烹饪」的同好圈。,毛利Hāngī土窑烹饪|ng|ori|Earth-oven|Cooking|地方行会与品鉴,https://en.wikipedia.org/wiki/H%C4%81ng%C4%AB
美食烹饪/地方行会与品鉴/法国美食行会Chaine,法国美食连锁会Chaîne,Confrérie de la Chaîne des Rôtisseurs,做「法国美食连锁会Chaîne」的同好圈。,法国美食连锁会Chaîne|Cha|ne|Confr|rie|de|la|des,https://www.chaine.org/
美食烹饪/地方行会与品鉴/法国美食行会Confrérie,法国美食行会Confrérie,French Gastronomic Confréries,做「法国美食行会Confrérie」的同好圈。,法国美食行会Confrérie|Confr|rie|French|Gastronomic|ries|地方行会与品鉴,https://en.wikipedia.org/wiki/Confr%C3%A9rie
美食烹饪/地方行会与品鉴/法国葡萄酒骑士团年宴,法国葡萄酒骑士团年宴,Wine Brotherhood Chapitre Banquet,做「法国葡萄酒骑士团年宴」的同好圈。,法国葡萄酒骑士团年宴|Wine|Brotherhood|Chapitre|Banquet|地方行会与品鉴,https://en.wikipedia.org/wiki/Bacchic_brotherhoods
美食烹饪/地方行会与品鉴/行会师傅授勋宴,行会师傅授勋宴,Guild Master Elevation Banquet,做「行会师傅授勋宴」的同好圈。,行会师傅授勋宴|Guild|Master|Elevation|Banquet|地方行会与品鉴,https://en.wikipedia.org/wiki/Guild
美食烹饪/地方行会与品鉴/金铲粥世界赛,金铲粥世界锦标赛,Golden Spurtle World Porridge Championship,做「金铲粥世界锦标赛」的同好圈。,金铲粥世界锦标赛|Golden|Spurtle|World|Porridge|Championship|地方行会与品鉴|金铲粥世界赛,https://www.goldenspurtle.com/
美食烹饪/户外营地炊事/澳洲营火荷兰锅节,澳洲营火荷兰锅节,Australian Camp Oven Festival,做「澳洲营火荷兰锅节」的同好圈。,澳洲营火荷兰锅节|Australian|Camp|Oven|Festival|户外营地炊事,https://acof.com.au/
美食烹饪/火与石/卡尔ua Imu坑炉,卡尔ua Imu坑炉,Kalua Imu Earth Oven,做「卡尔ua Imu坑炉」的同好圈。,卡尔ua Imu坑炉|ua|Imu|Kalua|Earth|Oven|火与石,https://en.wikipedia.org/wiki/K%C4%81lua
美食烹饪/火与石/墨西哥Barbacoa坑烤,墨西哥Barbacoa坑烤,Barbacoa Pit Cooking,做「墨西哥Barbacoa坑烤」的同好圈。,墨西哥Barbacoa坑烤|Barbacoa|Pit|Cooking|火与石,https://en.wikipedia.org/wiki/Barbacoa
美食烹饪/烘焙与甜品/焙烤细分补/维也纳面包层压,维也纳面包层压,Viennoiserie Lamination Home Circles,做「维也纳面包层压」的同好圈。,维也纳面包层压|Viennoiserie|Lamination|Home|Circles|烘焙与甜品|焙烤细分补,https://en.wikipedia.org/wiki/Viennoiserie
美食烹饪/烘焙与甜品/节日姜饼屋共作会,节日姜饼屋共作会,Holiday Gingerbread House Build Circle,做「节日姜饼屋共作会」的同好圈。,节日姜饼屋共作会|Holiday|Gingerbread|House|Build|Circle|烘焙与甜品,https://en.wikipedia.org/wiki/Gingerbread_house
美食烹饪/烘焙与甜品/蛋糕装饰与妇女研究所/国际蛋糕装饰协会ICES,国际蛋糕装饰协会ICES,International Cake Exploration Societé,做「国际蛋糕装饰协会ICES」的同好圈。,国际蛋糕装饰协会ICES|ICES|International|Cake|Exploration|Societ|烘焙与甜品|蛋糕装饰与妇女研究所,https://ices.org/
美食烹饪/烘焙与甜品/蛋糕装饰与妇女研究所/英国妇女研究所烹饪,英国妇女研究所烹饪,Women's Institute Cookery,做「英国妇女研究所烹饪」的同好圈。,英国妇女研究所烹饪|Women|Institute|Cookery|烘焙与甜品|蛋糕装饰与妇女研究所,https://www.thewi.org.uk/
美食烹饪/烘焙与甜品/被误认为化工的皂化/冷制皂配方实验,冷制皂配方实验,Cold-process Soap Formula Labs,做「冷制皂配方实验」的同好圈。,冷制皂配方实验|Cold-process|Soap|Formula|Labs|烘焙与甜品|被误认为化工的皂化,https://en.wikipedia.org/wiki/Soap_making
美食烹饪/烘焙与甜品/被误认为化工的皂化/纯露蒸馏Hydrosol,纯露蒸馏Hydrosol,Hydrosol Copper-still Distilling,做「纯露蒸馏Hydrosol」的同好圈。,纯露蒸馏Hydrosol|Hydrosol|Copper-still|Distilling|烘焙与甜品|被误认为化工的皂化,https://en.wikipedia.org/wiki/Hydrosol
美食烹饪/远征与道场饮食/极地远征食谱研习,极地远征食谱研习,Polar Expedition Ration Craft,做「极地远征食谱研习」的同好圈。,极地远征食谱研习|Polar|Expedition|Ration|Craft|远征与道场饮食,https://www.spri.cam.ac.uk/
美食烹饪/远征与道场饮食/高山小屋炊事,高山小屋炊事,Alpine Hut Cooking,做「高山小屋炊事」（Alpine Hut Cooking）。,高山小屋炊事|Alpine|Hut|Cooking|远征与道场饮食,https://www.alpine-club.org.uk/
美食烹饪/食材手作工艺/农舍奶酪,农舍奶酪,Farmstead Cheese Craft,做「农舍奶酪」（Farmstead Cheese Craft）。,农舍奶酪|Farmstead|Cheese|Craft|食材手作工艺,https://en.wikipedia.org/wiki/Farmstead_cheese
美食烹饪/食材手作工艺/冰糖葫芦邻项糖艺,冰糖葫芦邻项糖艺,Tanghulu Sugar Craft,做「冰糖葫芦邻项糖艺」的同好圈。,冰糖葫芦邻项糖艺|Tanghulu|Sugar|Craft|食材手作工艺,https://en.wikipedia.org/wiki/Tanghulu
美食烹饪/食材手作工艺/和果子练切,和果子练切,Wagashi Nerikiri,做「和果子练切」（Wagashi Nerikiri）。,和果子练切|Wagashi|Nerikiri|食材手作工艺,https://en.wikipedia.org/wiki/Wagashi
美食烹饪/食材手作工艺/巧克力工艺Chocolatier,巧克力工艺Chocolatier,Artisan Chocolatier Craft,做「巧克力工艺Chocolatier」的同好圈。,巧克力工艺Chocolatier|Chocolatier|Artisan|Craft|食材手作工艺,https://en.wikipedia.org/wiki/Chocolatier
美食烹饪/食材手作工艺/糖画,糖画,Sugar Painting,做「糖画」（Sugar Painting）。,糖画|Sugar|Painting|食材手作工艺,https://en.wikipedia.org/wiki/Sugar_painting
美食烹饪/食材手作工艺/茶加工焙火,茶加工焙火,Tea Processing Roast Craft,做「茶加工焙火」的同好圈。,茶加工焙火|Tea|Processing|Roast|Craft|食材手作工艺,https://en.wikipedia.org/wiki/Tea_processing
美食烹饪/食材手作工艺/豆到棒巧克力,豆到棒巧克力,Bean-to-Bar Chocolate,做「豆到棒巧克力」（Bean-to-Bar Chocolate）。,豆到棒巧克力|Bean-to-Bar|Chocolate|食材手作工艺,https://en.wikipedia.org/wiki/Bean-to-bar
美食烹饪/食材手作工艺/面塑,面塑,Dough Figurine Craft,做「面塑」（Dough Figurine Craft）。,面塑|Dough|Figurine|Craft|食材手作工艺,https://zh.wikipedia.org/wiki/%E9%9D%A2%E5%A1%91
美食烹饪/香气品鉴/国际唎酒师,国际唎酒师,Sake tasting / Kikisake-shi,做「国际唎酒师」的同好圈。,国际唎酒师|Sake|tasting|Kikisake-shi|香气品鉴,https://sakeeducationacademy.com/about-sake-sommelier/
美食烹饪/香气品鉴/奶酪品鉴,奶酪品鉴,Cheese tasting accreditation,做「奶酪品鉴」的同好圈。,奶酪品鉴|Cheese|tasting|accreditation|香气品鉴,https://academyofcheese.org/
美食烹饪/香气品鉴/橄榄油感官品评,橄榄油感官品评,Olive oil sensory tasting,做「橄榄油感官品评」的同好圈。,橄榄油感官品评|Olive|oil|sensory|tasting|香气品鉴,https://onaoo.com/en/about-us/
规则变体与裁判圈/仿生射击裁判/Airsoft裁判认证圈,Airsoft裁判认证圈,Airsoft Marshal Certification Circles,裁判/规则「Airsoft裁判认证圈」的同好圈。,Airsoft裁判认证圈|Airsoft|Marshal|Certification|Circles|仿生射击裁判,https://en.wikipedia.org/wiki/Airsoft
规则变体与裁判圈/冰上规则变体/IFBA扫帚球世锦赛裁判,IFBA扫帚球世锦赛裁判,IFBA Broomball World Championship Officials,裁判/规则「IFBA扫帚球世锦赛裁判」的同好圈。,IFBA扫帚球世锦赛裁判|IFBA|Broomball|World|Championship|Officials|冰上规则变体,https://en.wikipedia.org/wiki/International_Federation_of_Broomball_Associations
规则变体与裁判圈/历史再演监场/SCA击剑监场官,SCA击剑监场官,SCA Rapier Combat Marshals,裁判/规则「SCA击剑监场官」的同好圈。,SCA击剑监场官|SCA|Rapier|Combat|Marshals|历史再演监场,https://en.wikipedia.org/wiki/Society_for_Creative_Anachronism
规则变体与裁判圈/历史再演监场/SCA重甲格斗监场官,SCA重甲格斗监场官,SCA Armored Combat Marshals,裁判/规则「SCA重甲格斗监场官」的同好圈。,SCA重甲格斗监场官|SCA|Armored|Combat|Marshals|历史再演监场,https://en.wikipedia.org/wiki/Society_for_Creative_Anachronism
规则变体与裁判圈/历史再演监场/拿破仑再现战术裁判,拿破仑再现战术裁判,Napoleonic Reenactment Tactical Marshals,裁判/规则「拿破仑再现战术裁判」的同好圈。,拿破仑再现战术裁判|Napoleonic|Reenactment|Tactical|Marshals|历史再演监场,
规则变体与裁判圈/历史再演监场/维京盾墙安全官,维京盾墙安全官,Viking Shieldwall Safety Marshals,裁判/规则「维京盾墙安全官」的同好圈。,维京盾墙安全官|Viking|Shieldwall|Safety|Marshals|历史再演监场,
规则变体与裁判圈/历史武技裁判/HEMA裁判学徒路径,HEMA裁判学徒路径,HEMA Tournament Judge Apprenticeship,裁判/规则「HEMA裁判学徒路径」的同好圈。,HEMA裁判学徒路径|HEMA|Tournament|Judge|Apprenticeship|历史武技裁判,https://en.wikipedia.org/wiki/Historical_European_martial_arts
规则变体与裁判圈/合作球/Kin-Ball合作球,Kin-Ball合作球,Kin-Ball,裁判/规则「Kin-Ball合作球」（Kin-Ball）。,Kin-Ball合作球|Kin-Ball|合作球,https://en.wikipedia.org/wiki/Kin-Ball
规则变体与裁判圈/合作球/Kin-Ball裁判认证周末,Kin-Ball裁判认证周末,Kin-Ball Referee Cert Weekends,裁判/规则「Kin-Ball裁判认证周末」的同好圈。,Kin-Ball裁判认证周末|Kin-Ball|Referee|Cert|Weekends|合作球,
规则变体与裁判圈/围棋变体/朝鲜巡将围棋,朝鲜巡将围棋,Sunjang Baduk,裁判/规则「朝鲜巡将围棋」（Sunjang Baduk）。,朝鲜巡将围棋|Sunjang|Baduk|围棋变体,https://en.wikipedia.org/wiki/Sunjang_baduk
规则变体与裁判圈/圆网/Spikeball地方联赛裁判,Spikeball地方联赛裁判,Spikeball Local League Refs,裁判/规则「Spikeball地方联赛裁判」的同好圈。,Spikeball地方联赛裁判|Spikeball|Local|League|Refs|圆网,
规则变体与裁判圈/圆网/圆网Roundnet,圆网Roundnet,Roundnet Spikeball,裁判/规则「圆网Roundnet」的同好圈。,圆网Roundnet|Roundnet|Spikeball|圆网,https://en.wikipedia.org/wiki/Roundnet
规则变体与裁判圈/将棋变体/中将棋Chu shogi,中将棋Chu shogi,Chu Shogi,裁判/规则「中将棋Chu shogi」（Chu Shogi）。,中将棋Chu shogi|Chu|shogi|Shogi|将棋变体,https://en.wikipedia.org/wiki/Chu_shogi
规则变体与裁判圈/将棋变体/禽将棋Tori shogi,禽将棋Tori shogi,Tori Shogi,裁判/规则「禽将棋Tori shogi」（Tori Shogi）。,禽将棋Tori shogi|Tori|shogi|Shogi|将棋变体,https://en.wikipedia.org/wiki/Tori_shogi
规则变体与裁判圈/平地轮滑德比裁判/WFTDA裁判认证路径,WFTDA裁判认证路径,WFTDA Officials Certification Path,裁判/规则「WFTDA裁判认证路径」的同好圈。,WFTDA裁判认证路径|WFTDA|Officials|Certification|Path|平地轮滑德比裁判,https://en.wikipedia.org/wiki/Women%27s_Flat_Track_Derby_Association
规则变体与裁判圈/平地轮滑德比裁判/滚轴德比NSO非滑冰官员,滚轴德比NSO非滑冰官员,Roller Derby Non-Skating Officials,裁判/规则「滚轴德比NSO非滑冰官员」的同好圈。,滚轴德比NSO非滑冰官员|NSO|Roller|Derby|Non-Skating|Officials|平地轮滑德比裁判,https://en.wikipedia.org/wiki/Women%27s_Flat_Track_Derby_Association
规则变体与裁判圈/庭院袋投规则圈/沙包袋Cornhole裁判,沙包袋Cornhole裁判,Cornhole ACL Official Circles,裁判/规则「沙包袋Cornhole裁判」的同好圈。,沙包袋Cornhole裁判|Cornhole|ACL|Official|Circles|庭院袋投规则圈,https://en.wikipedia.org/wiki/Cornhole
规则变体与裁判圈/弹网/弹网Tchoukball,弹网Tchoukball,Tchoukball FITB,裁判/规则「弹网Tchoukball」（Tchoukball FITB）。,弹网Tchoukball|Tchoukball|FITB|弹网,https://en.wikipedia.org/wiki/Tchoukball
规则变体与裁判圈/户外网式规则变体/圆网排球裁判认证,圆网排球裁判认证,Roundnet Officials Certification Circles,裁判/规则「圆网排球裁判认证」的同好圈。,圆网排球裁判认证|Roundnet|Officials|Certification|Circles|户外网式规则变体,https://en.wikipedia.org/wiki/Roundnet
规则变体与裁判圈/手鼓球/手鼓球Tamburello,手鼓球Tamburello,Tamburello,裁判/规则「手鼓球Tamburello」（Tamburello）。,手鼓球Tamburello|Tamburello|手鼓球,https://en.wikipedia.org/wiki/Tamburello
规则变体与裁判圈/拳球/拳球Fistball,拳球Fistball,Fistball,裁判/规则「拳球Fistball」（Fistball）。,拳球Fistball|Fistball|拳球,https://en.wikipedia.org/wiki/Fistball
规则变体与裁判圈/桌上规则委员会/D&D房屋规则档案馆,D&D房屋规则档案馆,D&D House-rules Archives,裁判/规则「D&D房屋规则档案馆」的同好圈。,D&D房屋规则档案馆|House-rules|Archives|桌上规则委员会,
规则变体与裁判圈/桌上规则委员会/战棋模型点数平衡委员会,战棋模型点数平衡委员会,Wargame Points Balance Committees,裁判/规则「战棋模型点数平衡委员会」的同好圈。,战棋模型点数平衡委员会|Wargame|Points|Balance|Committees|桌上规则委员会,
规则变体与裁判圈/桌上足球/ITSF桌上足球裁判,ITSF桌上足球裁判,ITSF Table Soccer Referees,裁判/规则「ITSF桌上足球裁判」的同好圈。,ITSF桌上足球裁判|ITSF|Table|Soccer|Referees|桌上足球,https://en.wikipedia.org/wiki/Table_football
规则变体与裁判圈/桌上足球/Subbuteo桌面足球竞赛,Subbuteo桌面足球竞赛,Subbuteo Table Football,裁判/规则「Subbuteo桌面足球竞赛」的同好圈。,Subbuteo桌面足球竞赛|Subbuteo|Table|Football|桌上足球,https://en.wikipedia.org/wiki/Subbuteo
规则变体与裁判圈/棋类规则变体/四国军棋业余联赛,四国军棋业余联赛,Four-nation Army Chess Amateur Leagues,裁判/规则「四国军棋业余联赛」的同好圈。,四国军棋业余联赛|Four-nation|Army|Chess|Leagues|棋类规则变体,
规则变体与裁判圈/棋类规则变体/围棋点目规则对照研习,围棋点目规则对照研习,Go Scoring-rules Comparison Circles,裁判/规则「围棋点目规则对照研习」的同好圈。,围棋点目规则对照研习|Go|Scoring-rules|Comparison|Circles|棋类规则变体,
规则变体与裁判圈/棋类规则变体/接力象棋Bughouse,接力象棋Bughouse,Bughouse Chess,裁判/规则「接力象棋Bughouse」（Bughouse Chess）。,接力象棋Bughouse|Bughouse|Chess|棋类规则变体,https://en.wikipedia.org/wiki/Bughouse_chess
规则变体与裁判圈/棋类规则变体/日本将棋变体大将棋研习,日本将棋变体大将棋研习,Dai Shogi Variant Study Circles,裁判/规则「日本将棋变体大将棋研习」的同好圈。,日本将棋变体大将棋研习|Dai|Shogi|Variant|Study|Circles|棋类规则变体,
规则变体与裁判圈/棋类规则变体/暗棋Kriegspiel裁判,暗棋Kriegspiel裁判,Kriegspiel Chess Referees,裁判/规则「暗棋Kriegspiel裁判」的同好圈。,暗棋Kriegspiel裁判|Kriegspiel|Chess|Referees|棋类规则变体,https://en.wikipedia.org/wiki/Kriegspiel_(chess)
规则变体与裁判圈/棋类规则变体/暗棋翻子地方规约整理,暗棋翻子地方规约整理,Chinese Dark-chess Local Rule Cataloguing,裁判/规则「暗棋翻子地方规约整理」的同好圈。,暗棋翻子地方规约整理|Chinese|Dark-chess|Local|Rule|Cataloguing|棋类规则变体,
规则变体与裁判圈/棋类规则变体/朝鲜将棋规则对照会,朝鲜将棋规则对照会,Korean Janggi Rules Comparison Meets,裁判/规则「朝鲜将棋规则对照会」的同好圈。,朝鲜将棋规则对照会|Korean|Janggi|Rules|Comparison|Meets|棋类规则变体,
规则变体与裁判圈/棋类规则变体/疯屋象棋Crazyhouse,疯屋象棋Crazyhouse,Crazyhouse Chess,裁判/规则「疯屋象棋Crazyhouse」的同好圈。,疯屋象棋Crazyhouse|Crazyhouse|Chess|棋类规则变体,https://en.wikipedia.org/wiki/Crazyhouse
规则变体与裁判圈/棋类规则变体/菲舍尔任意象棋社群,菲舍尔任意象棋社群,Chess960 Fischer Random Clubs,裁判/规则「菲舍尔任意象棋社群」的同好圈。,菲舍尔任意象棋社群|Chess960|Fischer|Random|Clubs|棋类规则变体,https://en.wikipedia.org/wiki/Chess960
规则变体与裁判圈/棋类规则变体/输棋Antichess,输棋Antichess,Losing Chess Antichess,裁判/规则「输棋Antichess」的同好圈。,输棋Antichess|Antichess|Losing|Chess|棋类规则变体,https://en.wikipedia.org/wiki/Losing_chess
规则变体与裁判圈/残障规则/坐式排球业余裁判,坐式排球业余裁判,Sitting Volleyball Amateur Refs,裁判/规则「坐式排球业余裁判」的同好圈。,坐式排球业余裁判|Sitting|Volleyball|Refs|残障规则,
规则变体与裁判圈/残障规则/硬地滚球Boccia,硬地滚球Boccia,Boccia BISFed,裁判/规则「硬地滚球Boccia」（Boccia BISFed）。,硬地滚球Boccia|Boccia|BISFed|残障规则,https://en.wikipedia.org/wiki/Boccia
规则变体与裁判圈/残障规则/轮椅篮球分区规则官,轮椅篮球分区规则官,Wheelchair Basketball Classification Officials,裁判/规则「轮椅篮球分区规则官」的同好圈。,轮椅篮球分区规则官|Wheelchair|Basketball|Classification|Officials|残障规则,
规则变体与裁判圈/残障规则/门球Goalball,门球Goalball,Goalball,裁判/规则「门球Goalball」（Goalball）。,门球Goalball|Goalball|残障规则,https://en.wikipedia.org/wiki/Goalball
规则变体与裁判圈/民间体育规则/地方赛会规则委员会/巴斯克乡村运动规则会,巴斯克乡村运动规则会,Herri Kirolak Rules Committees,裁判/规则「巴斯克乡村运动规则会」的同好圈。,巴斯克乡村运动规则会|Herri|Kirolak|Rules|Committees|民间体育规则|地方赛会规则委员会,https://en.wikipedia.org/wiki/Basque_rural_sports
规则变体与裁判圈/民间体育规则/巴斯克回力球Jai alai规则研习,巴斯克回力球Jai alai规则研习,Jai Alai Rules Study Circles,裁判/规则「巴斯克回力球Jai alai规则研习」的同好圈。,巴斯克回力球Jai alai规则研习|Jai|alai|Alai|Rules|Study|Circles|民间体育规则,
规则变体与裁判圈/民间体育规则/布列塔尼盖尔式摔跤规则会,布列塔尼盖尔式摔跤规则会,Gouren Breton Wrestling Rules Circles,裁判/规则「布列塔尼盖尔式摔跤规则会」的同好圈。,布列塔尼盖尔式摔跤规则会|Gouren|Breton|Wrestling|Rules|Circles|民间体育规则,
规则变体与裁判圈/民间体育规则/瑞士号角掷Schwingen裁判学徒,瑞士号角掷Schwingen裁判学徒,Swiss Schwingen Referee Apprentices,裁判/规则「瑞士号角掷Schwingen裁判学徒」的同好圈。,瑞士号角掷Schwingen裁判学徒|Schwingen|Swiss|Referee|Apprentices|民间体育规则,
规则变体与裁判圈/民间体育规则/英式木瓶Skittles地方规,英式木瓶Skittles地方规,English Skittles Local Bye-laws,裁判/规则「英式木瓶Skittles地方规」的同好圈。,英式木瓶Skittles地方规|Skittles|English|Local|Bye-laws|民间体育规则,
规则变体与裁判圈/澳式/澳式足球海外业余,澳式足球海外业余,Australian Football Diaspora,裁判/规则「澳式足球海外业余」的同好圈。,澳式足球海外业余|Australian|Football|Diaspora|澳式,https://en.wikipedia.org/wiki/Australian_rules_football
规则变体与裁判圈/爱尔兰手球/爱尔兰壁手球,爱尔兰壁手球,Gaelic Handball,裁判/规则「爱尔兰壁手球」（Gaelic Handball）。,爱尔兰壁手球|Gaelic|Handball|爱尔兰手球,https://en.wikipedia.org/wiki/Gaelic_handball
规则变体与裁判圈/现代抽象/Arimaa竞赛社群,Arimaa竞赛社群,Arimaa Community,裁判/规则「Arimaa竞赛社群」（Arimaa Community）。,Arimaa竞赛社群|Arimaa|Community|现代抽象,https://en.wikipedia.org/wiki/Arimaa
规则变体与裁判圈/现代抽象/Azul联赛地方规则卡,Azul联赛地方规则卡,Azul Local League House Rules,裁判/规则「Azul联赛地方规则卡」的同好圈。,Azul联赛地方规则卡|Azul|Local|League|House|Rules|现代抽象,
规则变体与裁判圈/现代抽象/Onitama棋盘武斗赛规,Onitama棋盘武斗赛规,Onitama Martial Board Rules Meets,裁判/规则「Onitama棋盘武斗赛规」的同好圈。,Onitama棋盘武斗赛规|Onitama|Martial|Board|Rules|Meets|现代抽象,
规则变体与裁判圈/现代抽象/Tak抽象棋竞赛圈,Tak抽象棋竞赛圈,Tak Abstract Strategy Circles,裁判/规则「Tak抽象棋竞赛圈」的同好圈。,Tak抽象棋竞赛圈|Tak|Abstract|Strategy|Circles|现代抽象,
规则变体与裁判圈/盖尔式/女子板棍Camogie,女子板棍Camogie,Camogie,裁判/规则「女子板棍Camogie」（Camogie）。,女子板棍Camogie|Camogie|盖尔式,https://en.wikipedia.org/wiki/Camogie
规则变体与裁判圈/盖尔式/盖尔式足球业余海外,盖尔式足球业余海外,Gaelic Football Diaspora Clubs,裁判/规则「盖尔式足球业余海外」的同好圈。,盖尔式足球业余海外|Gaelic|Football|Diaspora|Clubs|盖尔式,https://en.wikipedia.org/wiki/Gaelic_football
规则变体与裁判圈/触式/触式橄榄球FIT,触式橄榄球FIT,Touch Rugby FIT,裁判/规则「触式橄榄球FIT」（Touch Rugby FIT）。,触式橄榄球FIT|FIT|Touch|Rugby|触式,https://en.wikipedia.org/wiki/Touch_football_(rugby)
规则变体与裁判圈/触式/触式橄榄球青少年规则官,触式橄榄球青少年规则官,Youth Touch Rugby Rules Officials,裁判/规则「触式橄榄球青少年规则官」的同好圈。,触式橄榄球青少年规则官|Youth|Touch|Rugby|Rules|Officials|触式,
规则变体与裁判圈/连接棋/TwixT竞赛圈,TwixT竞赛圈,TwixT Competitive,裁判/规则「TwixT竞赛圈」（TwixT Competitive）。,TwixT竞赛圈|TwixT|Competitive|连接棋,https://en.wikipedia.org/wiki/TwixT
规则变体与裁判圈/连接棋/六贯棋Hex竞赛圈,六贯棋Hex竞赛圈,Hex Board Game Competitive,裁判/规则「六贯棋Hex竞赛圈」的同好圈。,六贯棋Hex竞赛圈|Hex|Board|Game|Competitive|连接棋,https://en.wikipedia.org/wiki/Hex_(board_game)
规则变体与裁判圈/连接棋/哈瓦那Havannah,哈瓦那Havannah,Havannah,裁判/规则「哈瓦那Havannah」（Havannah）。,哈瓦那Havannah|Havannah|连接棋,https://en.wikipedia.org/wiki/Havannah
规则变体与裁判圈/项目棋/GIPF项目竞赛,GIPF项目竞赛,GIPF Project Competitive,裁判/规则「GIPF项目竞赛」的同好圈。,GIPF项目竞赛|GIPF|Project|Competitive|项目棋,https://en.wikipedia.org/wiki/GIPF_project
规则变体与裁判圈/飞盘/飞盘高尔夫PDGA,飞盘高尔夫PDGA,PDGA Disc Golf,裁判/规则「飞盘高尔夫PDGA」（PDGA Disc Golf）。,飞盘高尔夫PDGA|PDGA|Disc|Golf|飞盘,https://en.wikipedia.org/wiki/Disc_golf
规则变体与裁判圈/飞盘运动裁判/Ultimate飞盘观察员,Ultimate飞盘观察员,Ultimate Frisbee Observer Corps,裁判/规则「Ultimate飞盘观察员」的同好圈。,Ultimate飞盘观察员|Ultimate|Frisbee|Observer|Corps|飞盘运动裁判,https://en.wikipedia.org/wiki/Ultimate_(sport)
规则变体与裁判圈/飞盘运动裁判/WFDF飞盘裁判路径,WFDF飞盘裁判路径,WFDF Flying Disc Officials Path,裁判/规则「WFDF飞盘裁判路径」的同好圈。,WFDF飞盘裁判路径|WFDF|Flying|Disc|Officials|Path|飞盘运动裁判,https://en.wikipedia.org/wiki/World_Flying_Disc_Federation
规则变体与裁判圈/飞盘运动裁判/海滩飞盘沙滩线审,海滩飞盘沙滩线审,Beach Ultimate Line Judges,裁判/规则「海滩飞盘沙滩线审」的同好圈。,海滩飞盘沙滩线审|Beach|Ultimate|Line|Judges|飞盘运动裁判,
规则变体与裁判圈/飞盘运动裁判/飞盘狗赛事规则官,飞盘狗赛事规则官,Disc-dog Event Rules Officials,裁判/规则「飞盘狗赛事规则官」的同好圈。,飞盘狗赛事规则官|Disc-dog|Event|Rules|Officials|飞盘运动裁判,
规则变体与裁判圈/飞盘高尔夫规则圈/PDGA赛事认证官员,PDGA赛事认证官员,PDGA Tournament Official Circles,裁判/规则「PDGA赛事认证官员」的同好圈。,PDGA赛事认证官员|PDGA|Tournament|Official|Circles|飞盘高尔夫规则圈,https://en.wikipedia.org/wiki/Professional_Disc_Golf_Association
语言与人文/人造语/托基波纳Toki Pona社群,托基波纳Toki Pona社群,Toki Pona Community,学「托基波纳Toki Pona社群」的同好圈。,托基波纳Toki Pona社群|Toki|Pona|Community|人造语,https://en.wikipedia.org/wiki/Toki_Pona
语言与人文/人造语/逻辑语Lojban实践,逻辑语Lojban实践,Lojban Speakers,学「逻辑语Lojban实践」（Lojban Speakers）。,逻辑语Lojban实践|Lojban|Speakers|人造语,https://en.wikipedia.org/wiki/Lojban
语言与人文/印章与金石/中国篆刻,中国篆刻,Chinese seal engraving,学「中国篆刻」（Chinese seal engraving）。,中国篆刻|Chinese|seal|engraving|印章与金石,https://ich.unesco.org/en/RL/art-of-chinese-seal-engraving-00217
语言与人文/历史再现与语言/北欧维京生活史重演,北欧维京生活史重演,Norse Viking Living History Groups,学「北欧维京生活史重演」的同好圈。,北欧维京生活史重演|Norse|Viking|Living|History|Groups|历史再现与语言,https://en.wikipedia.org/wiki/Viking_reenactment
语言与人文/历史再现与语言/布列塔尼语成年学习者,布列塔尼语成年学习者,Adult Breton Language Learners,学「布列塔尼语成年学习者」的同好圈。,布列塔尼语成年学习者|Adult|Breton|Language|Learners|历史再现与语言,https://en.wikipedia.org/wiki/Breton_language
语言与人文/历史再现与语言/意第绪语成年学习者,意第绪语成年学习者,Adult Yiddish Language Circles,学「意第绪语成年学习者」的同好圈。,意第绪语成年学习者|Adult|Yiddish|Language|Circles|历史再现与语言,https://en.wikipedia.org/wiki/Yiddish
语言与人文/历史再现与语言/简奥斯汀协会地方分会,简奥斯汀协会地方分会,Jane Austen Society Branches,学「简奥斯汀协会地方分会」的同好圈。,简奥斯汀协会地方分会|Jane|Austen|Society|Branches|历史再现与语言,https://jasna.org/
语言与人文/历史考古业余/American Mountain Men,American Mountain Men,American Mountain Men,学「American Mountain Men」的同好圈。,American Mountain Men|American|Mountain|Men|历史考古业余,https://americanmountainmen.org/
语言与人文/历史考古业余/Regia早期中世纪重演,Regia Anglorum早期中世纪重演,Regia Anglorum,学「Regia Anglorum早期中世纪重演」的同好圈。,Regia Anglorum早期中世纪重演|Regia|Anglorum|历史考古业余|Regia早期中世纪重演,https://regia.org/
语言与人文/历史考古业余/Society for Creative Anachronism,Society for Creative Anachronism,Society for Creative Anachronism,学「Society for Creative Anachronism」的同好圈。,Society for Creative Anachronism|Society|Creative|Anachronism|历史考古业余,https://www.sca.org/
语言与人文/历史考古业余/书法纹饰与手工艺人文/南亚指甲花彩绘,指甲花彩绘Mehndi,Mehndi / Henna Art,学「指甲花彩绘Mehndi」的同好圈。,指甲花彩绘Mehndi|Mehndi|Henna|Art|历史考古业余|书法纹饰与手工艺人文,https://en.wikipedia.org/wiki/Mehndi
语言与人文/历史考古业余/全球南口述与形制再现/南亚梵文颂诗业余吟诵,南亚梵文颂诗业余吟诵,Sanskrit Shloka Recitation Hobby,学「南亚梵文颂诗业余吟诵」的同好圈。,南亚梵文颂诗业余吟诵|Sanskrit|Shloka|Recitation|历史考古业余|全球南口述与形制再现,https://en.wikipedia.org/wiki/Shloka
语言与人文/历史考古业余/全球南口述与形制再现/斯瓦希里语业余学习社群,斯瓦希里语业余学习社群,Swahili Language Learning Circles,学「斯瓦希里语业余学习社群」的同好圈。,斯瓦希里语业余学习社群|Swahili|Language|Learning|Circles|历史考古业余|全球南口述与形制再现,https://en.wikipedia.org/wiki/Swahili_language
语言与人文/历史考古业余/全球南口述与形制再现/纳瓦特尔语业余学习圈,纳瓦特尔语业余学习圈,Nahuatl Language Hobby Learning,学「纳瓦特尔语业余学习圈」的同好圈。,纳瓦特尔语业余学习圈|Nahuatl|Language|Learning|历史考古业余|全球南口述与形制再现,https://en.wikipedia.org/wiki/Nahuatl
语言与人文/历史考古业余/全球南口述与形制再现/西非Griot口述史诗传习,西非Griot口述史诗传习,West African Griot Oral Epic Learning,学「西非Griot口述史诗传习」的同好圈。,西非Griot口述史诗传习|Griot|West|African|Oral|Epic|Learning|历史考古业余,https://en.wikipedia.org/wiki/Griot
语言与人文/历史考古业余/勃艮第炮兵营地复原,勃艮第炮兵营地复原,The Company of St. George,学「勃艮第炮兵营地复原」的同好圈。,勃艮第炮兵营地复原|Company|of|St|George|历史考古业余,https://companie-of-st-george.ch/about-us/
语言与人文/历史考古业余/十年成器/漆器多层推光十年,漆器多层推光十年,Urushi Multi-coat Decade Practice,学「漆器多层推光十年」的同好圈。,漆器多层推光十年|Urushi|Multi-coat|Decade|Practice|历史考古业余|十年成器,https://en.wikipedia.org/wiki/Urushi
语言与人文/历史考古业余/历史复活技艺/埃及彩陶釉复原,埃及彩陶釉复原,Egyptian Faience Glaze Revival,学「埃及彩陶釉复原」的同好圈。,埃及彩陶釉复原|Egyptian|Faience|Glaze|Revival|历史考古业余|历史复活技艺,https://en.wikipedia.org/wiki/Egyptian_faience
语言与人文/历史考古业余/历史复活技艺/泰尔紫业余复原,泰尔紫业余复原,Tyrian Purple Revival Dyeing,学「泰尔紫业余复原」的同好圈。,泰尔紫业余复原|Tyrian|Purple|Revival|Dyeing|历史考古业余|历史复活技艺,https://en.wikipedia.org/wiki/Tyrian_purple
语言与人文/历史考古业余/历史复活技艺/玛雅蓝颜料复原,玛雅蓝颜料复原,Maya Blue Pigment Revival,学「玛雅蓝颜料复原」的同好圈。,玛雅蓝颜料复原|Maya|Blue|Pigment|Revival|历史考古业余|历史复活技艺,https://en.wikipedia.org/wiki/Maya_blue
语言与人文/历史考古业余/历史复活技艺/维京织布机复原,维京织布机复原,Viking Warp-weighted Loom Revival,学「维京织布机复原」的同好圈。,维京织布机复原|Viking|Warp-weighted|Loom|Revival|历史考古业余|历史复活技艺,https://en.wikipedia.org/wiki/Warp-weighted_loom
语言与人文/历史考古业余/历史复活技艺/罗马混凝土业余配比,罗马混凝土业余配比,Roman Concrete Mix Revival,学「罗马混凝土业余配比」的同好圈。,罗马混凝土业余配比|Roman|Concrete|Mix|Revival|历史考古业余|历史复活技艺,https://en.wikipedia.org/wiki/Roman_concrete
语言与人文/历史考古业余/历史武术身体/剑道全日本体系业余,剑道全日本体系业余,All-Japan Kendo Amateur Dojos,学「剑道全日本体系业余」的同好圈。,剑道全日本体系业余|All-Japan|Kendo|Dojos|历史考古业余|历史武术身体,https://en.wikipedia.org/wiki/Kendo
语言与人文/历史考古业余/历史武术身体/巴蒂萨Bartitsu复兴,巴蒂萨Bartitsu复兴,Bartitsu Revival Clubs,学「巴蒂萨Bartitsu复兴」的同好圈。,巴蒂萨Bartitsu复兴|Bartitsu|Revival|Clubs|历史考古业余|历史武术身体,https://en.wikipedia.org/wiki/Bartitsu
语言与人文/历史考古业余/历史武术身体/法国棍术Canne,法国棍术Canne,Canne de combat Savate Stick,学「法国棍术Canne」的同好圈。,法国棍术Canne|Canne|de|combat|Savate|Stick|历史考古业余|历史武术身体,https://en.wikipedia.org/wiki/Canne_de_combat
语言与人文/历史考古业余/历史武术身体/骑射WHAF,骑射WHAF,WHAF Horseback Archery,学「骑射WHAF」的同好圈。,骑射WHAF|WHAF|Horseback|Archery|历史考古业余|历史武术身体,https://en.wikipedia.org/wiki/Mounted_archery
语言与人文/历史考古业余/古文字亲手写/东巴文经书抄写,东巴文经书抄写,Dongba Pictograph Copying,学「东巴文经书抄写」的同好圈。,东巴文经书抄写|Dongba|Pictograph|Copying|历史考古业余|古文字亲手写,https://en.wikipedia.org/wiki/Dongba_symbols
语言与人文/历史考古业余/古文字亲手写/圣书体芦苇笔,圣书体芦苇笔,Hieroglyph Reed-pen Practice,学「圣书体芦苇笔」的同好圈。,圣书体芦苇笔|Hieroglyph|Reed-pen|Practice|历史考古业余|古文字亲手写,https://en.wikipedia.org/wiki/Egyptian_hieroglyphs
语言与人文/历史考古业余/古文字亲手写/楔形文字泥板临摹,楔形文字泥板临摹,Cuneiform Clay-tablet Copying,学「楔形文字泥板临摹」的同好圈。,楔形文字泥板临摹|Cuneiform|Clay-tablet|Copying|历史考古业余|古文字亲手写,https://en.wikipedia.org/wiki/Cuneiform
语言与人文/历史考古业余/古文字亲手写/西夏文同好释读,西夏文同好释读,Tangut Script Study Circles,学「西夏文同好释读」的同好圈。,西夏文同好释读|Tangut|Script|Study|Circles|历史考古业余|古文字亲手写,https://en.wikipedia.org/wiki/Tangut_script
语言与人文/历史考古业余/实验考古材料/苏美尔圆筒印章雕刻,苏美尔圆筒印章雕刻,Cylinder-seal Carving Replication,学「苏美尔圆筒印章雕刻」的同好圈。,苏美尔圆筒印章雕刻|Cylinder-seal|Carving|Replication|历史考古业余|实验考古材料,https://en.wikipedia.org/wiki/Cylinder_seal
语言与人文/历史考古业余/密封结社内战重演,密封结社英国内战重演,The Sealed Knot,学「密封结社英国内战重演」（The Sealed Knot）。,密封结社英国内战重演|Sealed|Knot|历史考古业余|密封结社内战重演,https://www.sealedknot.org.uk/
语言与人文/历史考古业余/服饰形制研究/欧洲历史服装再现,欧洲历史服装再现,Historical Costuming,学「欧洲历史服装再现」的同好圈。,欧洲历史服装再现|Historical|Costuming|历史考古业余|服饰形制研究,https://www.sca.org/
语言与人文/历史考古业余/服饰形制研究/汉服形制考据,汉服形制考据,Hanfu Form Research,学「汉服形制考据」（Hanfu Form Research）。,汉服形制考据|Hanfu|Form|Research|历史考古业余|服饰形制研究,https://en.wikipedia.org/wiki/Hanfu
语言与人文/历史考古业余/朝鲜走绳戏传承,朝鲜走绳戏传承,Jultagi tightrope transmission,学「朝鲜走绳戏传承」的同好圈。,朝鲜走绳戏传承|Jultagi|tightrope|transmission|历史考古业余,https://ich.unesco.org/en/RL/jultagi-tightrope-walking-00448
语言与人文/历史考古业余/欧美活历史/毛皮贸易集市,毛皮贸易集市,Fur-trade Rendezvous Reenactments,学「毛皮贸易集市」的同好圈。,毛皮贸易集市|Fur-trade|Rendezvous|Reenactments|历史考古业余|欧美活历史,https://en.wikipedia.org/wiki/Rendezvous_(fur_trade)
语言与人文/历史考古业余/欧美活历史/美国内战再演,美国内战再演,American Civil War Reenactment Units,学「美国内战再演」的同好圈。,美国内战再演|American|Civil|War|Reenactment|Units|历史考古业余|欧美活历史,https://en.wikipedia.org/wiki/American_Civil_War_reenactment
语言与人文/历史考古业余/活史重演营地周末,活史重演营地周末,Living History Reenactment Camp Weekend,学「活史重演营地周末」的同好圈。,活史重演营地周末|Living|History|Reenactment|Camp|Weekend|历史考古业余,https://en.wikipedia.org/wiki/Living_history
语言与人文/历史考古业余/行会残存工艺志/钟匠行会钟模,钟匠行会钟模,Bellfounders Guild Moulding,学「钟匠行会钟模」的同好圈。,钟匠行会钟模|Bellfounders|Guild|Moulding|历史考古业余|行会残存工艺志,https://en.wikipedia.org/wiki/Bellfounding
语言与人文/历史考古业余/行会残存工艺志/香料行会史再现,香料行会史再现,Spicers Guild History Reenactment,学「香料行会史再现」的同好圈。,香料行会史再现|Spicers|Guild|History|Reenactment|历史考古业余|行会残存工艺志,
语言与人文/口头传统与乐语传习/Qawwali苏菲卡瓦利业余圈,Qawwali苏菲卡瓦利业余圈,Qawwali Amateur Devotional Circles,学「Qawwali苏菲卡瓦利业余圈」的同好圈。,Qawwali苏菲卡瓦利业余圈|Qawwali|Devotional|Circles|口头传统与乐语传习,https://en.wikipedia.org/wiki/Qawwali
语言与人文/口头传统与乐语传习/世界语俱乐部会话桌,世界语俱乐部会话桌,Esperanto Conversation Tables,学「世界语俱乐部会话桌」的同好圈。,世界语俱乐部会话桌|Esperanto|Conversation|Tables|口头传统与乐语传习,
语言与人文/口头传统与乐语传习/印尼Gamelan加麦兰合奏,印尼Gamelan加麦兰合奏,Indonesian Gamelan Ensemble,学「印尼Gamelan加麦兰合奏」的同好圈。,印尼Gamelan加麦兰合奏|Gamelan|Indonesian|Ensemble|口头传统与乐语传习,https://ich.unesco.org/en/RL/gamelan-01607
语言与人文/口头传统与乐语传习/印尼Kroncong克朗章弦乐,印尼Kroncong克朗章弦乐,Kroncong String Ensemble,学「印尼Kroncong克朗章弦乐」的同好圈。,印尼Kroncong克朗章弦乐|Kroncong|String|Ensemble|口头传统与乐语传习,https://en.wikipedia.org/wiki/Kroncong
语言与人文/口头传统与乐语传习/印度Tabla塔布拉鼓练习,印度Tabla塔布拉鼓练习,Hindustani Tabla Practice,学「印度Tabla塔布拉鼓练习」的同好圈。,印度Tabla塔布拉鼓练习|Tabla|Hindustani|Practice|口头传统与乐语传习,https://en.wikipedia.org/wiki/Tabla
语言与人文/口头传统与乐语传习/印度尼西亚Angklung竹摇琴,印度尼西亚Angklung竹摇琴,Angklung Bamboo Ensemble,学「印度尼西亚Angklung竹摇琴」的同好圈。,印度尼西亚Angklung竹摇琴|Angklung|Bamboo|Ensemble|口头传统与乐语传习,https://ich.unesco.org/en/RL/indonesian-angklung-00393
语言与人文/口头传统与乐语传习/哥伦比亚Vallenato手风琴歌谣,哥伦比亚Vallenato手风琴歌谣,Colombian Vallenato Accordion Song,学「哥伦比亚Vallenato手风琴歌谣」的同好圈。,哥伦比亚Vallenato手风琴歌谣|Vallenato|Colombian|Accordion|Song|口头传统与乐语传习,https://en.wikipedia.org/wiki/Vallenato
语言与人文/口头传统与乐语传习/土耳其Ney内伊笛苏菲实践,土耳其Ney内伊笛苏菲实践,Turkish Ney Flute Practice,学「土耳其Ney内伊笛苏菲实践」的同好圈。,土耳其Ney内伊笛苏菲实践|Ney|Turkish|Flute|Practice|口头传统与乐语传习,https://en.wikipedia.org/wiki/Ney
语言与人文/口头传统与乐语传习/巴西Chorinho小合唱器乐,巴西Chorinho小合唱器乐,Brazilian Choro Instrumental Circles,学「巴西Chorinho小合唱器乐」的同好圈。,巴西Chorinho小合唱器乐|Chorinho|Brazilian|Choro|Instrumental|Circles|口头传统与乐语传习,https://en.wikipedia.org/wiki/Choro
语言与人文/口头传统与乐语传习/手语诗歌表演社,手语诗歌表演社,Sign-language Poetry Performance Clubs,学「手语诗歌表演社」的同好圈。,手语诗歌表演社|Sign-language|Poetry|Performance|Clubs|口头传统与乐语传习,
语言与人文/口头传统与乐语传习/特立尼达钢鼓Steelpan,特立尼达钢鼓Steelpan,Trinidad Steelpan Music,学「特立尼达钢鼓Steelpan」的同好圈。,特立尼达钢鼓Steelpan|Steelpan|Trinidad|Music|口头传统与乐语传习,https://en.wikipedia.org/wiki/Steelpan
语言与人文/口头传统与乐语传习/菲律宾Rondalla弦乐团,菲律宾Rondalla弦乐团,Philippine Rondalla Ensemble,学「菲律宾Rondalla弦乐团」的同好圈。,菲律宾Rondalla弦乐团|Rondalla|Philippine|Ensemble|口头传统与乐语传习,https://en.wikipedia.org/wiki/Rondalla
语言与人文/口头传统与乐语传习/阿拉伯Oud乌德琴演奏,阿拉伯Oud乌德琴演奏,Arabic Oud Performance,学「阿拉伯Oud乌德琴演奏」的同好圈。,阿拉伯Oud乌德琴演奏|Oud|Arabic|Performance|口头传统与乐语传习,https://en.wikipedia.org/wiki/Oud
语言与人文/哲学文学阅读/一日微实践/俳句日课社,俳句日课社,Daily Haiku Practice Societies,学「俳句日课社」的同好圈。,俳句日课社|Daily|Haiku|Practice|Societies|哲学文学阅读|一日微实践,https://en.wikipedia.org/wiki/Haiku
语言与人文/哲学文学阅读/古籍善本抄写,古籍善本抄写,Manuscript Copying Hobby,学「古籍善本抄写」的同好圈。,古籍善本抄写|Manuscript|Copying|哲学文学阅读,https://en.wikipedia.org/wiki/Paleography
语言与人文/哲学文学阅读/澳洲丛林诗歌协会,澳洲丛林诗歌协会,Australian Bush Poets Association,学「澳洲丛林诗歌协会」的同好圈。,澳洲丛林诗歌协会|Australian|Bush|Poets|Association|哲学文学阅读,https://www.abpa.org.au/
语言与人文/哲学文学阅读/苏格兰Burns俱乐部,苏格兰Burns俱乐部,Burns Clubs,学「苏格兰Burns俱乐部」（Burns Clubs）。,苏格兰Burns俱乐部|Burns|Clubs|哲学文学阅读,https://en.wikipedia.org/wiki/Burns_club
语言与人文/哲学文学阅读/被误认为家务的文本/家谱编修业余,家谱编修业余,Amateur Genealogy Compilation,学「家谱编修业余」的同好圈。,家谱编修业余|Genealogy|Compilation|哲学文学阅读|被误认为家务的文本,https://en.wikipedia.org/wiki/Genealogy
语言与人文/哲学文学阅读/读书会周年朗读马拉松,读书会周年朗读马拉松,Book Club Anniversary Readathon,学「读书会周年朗读马拉松」的同好圈。,读书会周年朗读马拉松|Book|Anniversary|Readathon|哲学文学阅读,https://en.wikipedia.org/wiki/Readathon
语言与人文/哲学文学阅读/阅读补/短歌Tanka社,短歌Tanka社,Tanka Poetry Circles,学「短歌Tanka社」的同好圈。,短歌Tanka社|Tanka|Poetry|Circles|哲学文学阅读|阅读补,https://en.wikipedia.org/wiki/Tanka
语言与人文/嗅觉与香文化/Basenotes香水鉴赏社群,Basenotes香水鉴赏社群,Basenotes Perfume Appreciation,学「Basenotes香水鉴赏社群」的同好圈。,Basenotes香水鉴赏社群|Basenotes|Perfume|Appreciation|嗅觉与香文化,https://basenotes.com/
语言与人文/嗅觉与香文化/Osmothèque香水档案品鉴,Osmothèque香水档案品鉴,Osmothèque Perfume Conservatory,学「Osmothèque香水档案品鉴」的同好圈。,Osmothèque香水档案品鉴|Osmoth|que|Perfume|Conservatory|嗅觉与香文化,https://www.osmotheque.fr/en/
语言与人文/嗅觉与香文化/坎瑙杰传统阿塔尔蒸馏鉴赏,坎瑙杰传统阿塔尔蒸馏鉴赏,Kannauj Attar Distillation Appreciation,学「坎瑙杰传统阿塔尔蒸馏鉴赏」的同好圈。,坎瑙杰传统阿塔尔蒸馏鉴赏|Kannauj|Attar|Distillation|Appreciation|嗅觉与香文化,https://en.wikipedia.org/wiki/Kannauj_Perfume
语言与人文/嗅觉与香文化/志野流松隐会香道教场,志野流松隐会香道教场,Shino-ryū Shōinkai Kōdō Classes,学「志野流松隐会香道教场」的同好圈。,志野流松隐会香道教场|Shino-ry|Sh|inkai|Classes|嗅觉与香文化,https://www.shinoryushoinkai.net/
语言与人文/嗅觉与香文化/志野流香道闻香,志野流香道闻香,Shino-ryū Kōdō Incense Ceremony,学「志野流香道闻香」的同好圈。,志野流香道闻香|Shino-ry|Incense|Ceremony|嗅觉与香文化,https://www.shinoryu.jp/
语言与人文/嗅觉与香文化/篆香印香制作,篆香印香制作,Incense Seal Tenkō Practice,学「篆香印香制作」的同好圈。,篆香印香制作|Incense|Seal|Tenk|Practice|嗅觉与香文化,https://en.wikipedia.org/wiki/Incense_clock
语言与人文/嗅觉与香文化/艺术嗅觉实验与教育,艺术嗅觉实验与教育,Art and Olfaction Practice,学「艺术嗅觉实验与教育」的同好圈。,艺术嗅觉实验与教育|Art|Olfaction|Practice|嗅觉与香文化,https://artandolfaction.com/about/
语言与人文/嗅觉与香文化/藏香制作与熏习,藏香制作与熏习,Tibetan Incense Making Practice,学「藏香制作与熏习」的同好圈。,藏香制作与熏习|Tibetan|Incense|Making|Practice|嗅觉与香文化,https://en.wikipedia.org/wiki/Tibetan_incense
语言与人文/外语学习社群/世界语业余社群,世界语业余社群,Esperanto Community,学「世界语业余社群」（Esperanto Community）。,世界语业余社群|Esperanto|Community|外语学习社群,https://uea.org/
语言与人文/外语学习社群/书法泥金与地画/tezhip泥金彩绘,tezhip泥金彩绘,Tezhip Illumination,学「tezhip泥金彩绘」的同好圈。,tezhip泥金彩绘|tezhip|Tezhip|Illumination|外语学习社群|书法泥金与地画,https://en.wikipedia.org/wiki/Islamic_illumination
语言与人文/外语学习社群/人工与口哨语言/国际语Interlingua,国际语Interlingua,Interlingua Correspondence Circles,学「国际语Interlingua」的同好圈。,国际语Interlingua|Interlingua|Correspondence|Circles|外语学习社群|人工与口哨语言,https://en.wikipedia.org/wiki/Interlingua
语言与人文/外语学习社群/人工与口哨语言/土耳其鸟语Kuşdili,土耳其鸟语Kuşdili,Kuş Dili Turkish Bird-language,学「土耳其鸟语Kuşdili」的同好圈。,土耳其鸟语Kuşdili|Ku|dili|Dili|Turkish|Bird-language|外语学习社群|人工与口哨语言,
语言与人文/外语学习社群/人工与口哨语言/戈梅拉口哨语Silbo,戈梅拉口哨语Silbo,Silbo Gomero Whistled Language Practice,学「戈梅拉口哨语Silbo」的同好圈。,戈梅拉口哨语Silbo|Silbo|Gomero|Whistled|Language|Practice|外语学习社群|人工与口哨语言,https://en.wikipedia.org/wiki/Silbo_Gomero
语言与人文/外语学习社群/人工与口哨语言/沃拉普克复兴会话,沃拉普克复兴会话,Volapük Revival Conversation,学「沃拉普克复兴会话」的同好圈。,沃拉普克复兴会话|Volap|Revival|Conversation|外语学习社群|人工与口哨语言,https://en.wikipedia.org/wiki/Volap%C3%BCk
语言与人文/外语学习社群/人工与口哨语言/速记体系收藏练习,速记体系收藏练习,Shorthand System Practice Circles,学「速记体系收藏练习」的同好圈。,速记体系收藏练习|Shorthand|System|Practice|Circles|外语学习社群|人工与口哨语言,https://en.wikipedia.org/wiki/Shorthand
语言与人文/外语学习社群/历史复活语/拉丁语会话会,拉丁语会话会,Living Latin Conversation Circles,学「拉丁语会话会」的同好圈。,拉丁语会话会|Living|Latin|Conversation|Circles|外语学习社群|历史复活语,https://en.wikipedia.org/wiki/Contemporary_Latin
语言与人文/外语学习社群/欧美语言角/世界语地方小组欧美,世界语地方小组欧美,Esperanto Local Groups Euro-NA,学「世界语地方小组欧美」的同好圈。,世界语地方小组欧美|Esperanto|Local|Groups|Euro-NA|外语学习社群|欧美语言角,
语言与人文/外语学习社群/语言补/新共同语言Novial,新共同语言Novial,Novial Language Circles,学「新共同语言Novial」的同好圈。,新共同语言Novial|Novial|Language|Circles|外语学习社群|语言补,https://en.wikipedia.org/wiki/Novial
语言与人文/外语学习社群/语言补/西方国际语Occidental,西方国际语Occidental,Occidental Language Circles,学「西方国际语Occidental」的同好圈。,西方国际语Occidental|Occidental|Language|Circles|外语学习社群|语言补,https://en.wikipedia.org/wiki/Occidental_language
语言与人文/影偶假面与票友/假面补/巴厘托彭假面,巴厘托彭假面,Topeng Mask Amateur,学「巴厘托彭假面」（Topeng Mask Amateur）。,巴厘托彭假面|Topeng|Mask|影偶假面与票友|假面补,https://en.wikipedia.org/wiki/Topeng
语言与人文/影偶假面与票友/昆曲票友,昆曲票友,Kunqu amateur piaoyou practice,学「昆曲票友」的同好圈。,昆曲票友|Kunqu|piaoyou|practice|影偶假面与票友,https://ich.unesco.org/en/RL/kun-qu-opera-00004
语言与人文/影偶假面与票友/曲社与票房/印尼瓦扬Kulit业余,印尼瓦扬Kulit业余,Wayang Kulit Amateur Dhalang,学「印尼瓦扬Kulit业余」的同好圈。,印尼瓦扬Kulit业余|Kulit|Wayang|Dhalang|影偶假面与票友|曲社与票房,https://en.wikipedia.org/wiki/Wayang
语言与人文/影偶假面与票友/曲社与票房/越南水上木偶业余,越南水上木偶业余,Water-puppet Amateur Troupes,学「越南水上木偶业余」的同好圈。,越南水上木偶业余|Water-puppet|Troupes|影偶假面与票友|曲社与票房,https://en.wikipedia.org/wiki/Water_puppetry
语言与人文/影偶假面与票友/泰国Khon,泰国Khon,Khon masked dance-drama,学「泰国Khon」的同好圈。,泰国Khon|Khon|masked|dance-drama|影偶假面与票友,https://ich.unesco.org/en/RL/khon-masked-dance-drama-in-thailand-01385
语言与人文/手语艺术/国际手语艺术表演,国际手语艺术表演,International Sign Performance,学「国际手语艺术表演」的同好圈。,国际手语艺术表演|International|Sign|Performance|手语艺术,https://en.wikipedia.org/wiki/International_Sign
语言与人文/手语艺术/手语诗歌ASL poetry,手语诗歌ASL poetry,ASL Poetry Circles,学「手语诗歌ASL poetry」的同好圈。,手语诗歌ASL poetry|ASL|poetry|Poetry|Circles|手语艺术,https://en.wikipedia.org/wiki/American_Sign_Language_literature
语言与人文/文字创造/人造文字Neography,人造文字Neography,Neography Constructed Scripts,学「人造文字Neography」的同好圈。,人造文字Neography|Neography|Constructed|Scripts|文字创造,https://en.wikipedia.org/wiki/Constructed_script
语言与人文/文房与篆刻手作/东洋印章文化,东洋印章文化,East Asian Seal Culture Craft,学「东洋印章文化」的同好圈。,东洋印章文化|East|Asian|Seal|Culture|Craft|文房与篆刻手作,https://en.wikipedia.org/wiki/Seal_(East_Asia)
语言与人文/文房与篆刻手作/制墨,制墨,Inkstick Making,学「制墨」（Inkstick Making）。,制墨|Inkstick|Making|文房与篆刻手作,https://en.wikipedia.org/wiki/Inkstick
语言与人文/文房与篆刻手作/因纽特皂石雕,因纽特皂石雕,Inuit Soapstone Carving,学「因纽特皂石雕」的同好圈。,因纽特皂石雕|Inuit|Soapstone|Carving|文房与篆刻手作,https://en.wikipedia.org/wiki/Inuit_art
语言与人文/文房与篆刻手作/塔瓜坚果雕,塔瓜坚果雕,Tagua Nut Carving,学「塔瓜坚果雕」（Tagua Nut Carving）。,塔瓜坚果雕|Tagua|Nut|Carving|文房与篆刻手作,https://en.wikipedia.org/wiki/Vegetable_ivory
语言与人文/文房与篆刻手作/惠特比煤玉雕,惠特比煤玉雕,Whitby Jet Carving,学「惠特比煤玉雕」（Whitby Jet Carving）。,惠特比煤玉雕|Whitby|Jet|Carving|文房与篆刻手作,https://en.wikipedia.org/wiki/Whitby_jet
语言与人文/文房与篆刻手作/核雕,核雕,Olive-Pit Carving,学「核雕」（Olive-Pit Carving）。,核雕|Olive-Pit|Carving|文房与篆刻手作,https://zh.wikipedia.org/wiki/%E6%A0%B8%E9%9B%95
语言与人文/文房与篆刻手作/桦树皮咬纹,桦树皮咬纹,Birchbark Biting,学「桦树皮咬纹」（Birchbark Biting）。,桦树皮咬纹|Birchbark|Biting|文房与篆刻手作,https://en.wikipedia.org/wiki/Birchbark_biting
语言与人文/文房与篆刻手作/浮雕贝壳Cameo,浮雕贝壳Cameo,Cameo Shell Carving,学「浮雕贝壳Cameo」的同好圈。,浮雕贝壳Cameo|Cameo|Shell|Carving|文房与篆刻手作,https://en.wikipedia.org/wiki/Cameo_(carving)
语言与人文/文房与篆刻手作/海泡石雕,海泡石雕,Meerschaum Carving,学「海泡石雕」（Meerschaum Carving）。,海泡石雕|Meerschaum|Carving|文房与篆刻手作,https://en.wikipedia.org/wiki/Meerschaum_pipe
语言与人文/文房与篆刻手作/端砚制作,端砚制作,Duan Inkstone Making,学「端砚制作」（Duan Inkstone Making）。,端砚制作|Duan|Inkstone|Making|文房与篆刻手作,https://zh.wikipedia.org/wiki/%E7%AB%AF%E7%A0%9A
语言与人文/文房与篆刻手作/通草花,通草花,Tongcao Pith Flowers,学「通草花」（Tongcao Pith Flowers）。,通草花|Tongcao|Pith|Flowers|文房与篆刻手作,https://zh.wikipedia.org/wiki/%E9%80%9A%E8%8D%89
语言与人文/方言与少数语言/Basque cultural centers diaspora,Basque cultural centers diaspora,Basque Cultural Centers,学「Basque cultural centers diaspora」的同好圈。,Basque cultural centers diaspora|Basque|cultural|centers|diaspora|Cultural|Centers|方言与少数语言,https://www.basqueculturalcenter.com/
语言与人文/方言与少数语言/威尔士Eisteddfod文化赛会,威尔士国家Eisteddfod,National Eisteddfod of Wales,学「威尔士国家Eisteddfod」的同好圈。,威尔士国家Eisteddfod|Eisteddfod|National|of|Wales|方言与少数语言,https://eisteddfod.wales/
语言与人文/方言与少数语言/康沃尔语复兴社群,康沃尔语复兴社群,Cornish Language Revival,学「康沃尔语复兴社群」的同好圈。,康沃尔语复兴社群|Cornish|Language|Revival|方言与少数语言,https://www.magakernow.org.uk/
语言与人文/礼乐与艺道/池坊花道,池坊花道,Ikenobo ikebana / kadō,学「池坊花道」（Ikenobo ikebana / kadō）。,池坊花道|Ikenobo|ikebana|kad|礼乐与艺道,https://www.ikenobo.jp/english/
语言与人文/礼乐与艺道/裏千家茶道,裏千家茶道,Urasenke chadō / sadō,学「裏千家茶道」（Urasenke chadō / sadō）。,裏千家茶道|Urasenke|chad|sad|礼乐与艺道,https://www.urasenke.or.jp/texte/about/
语言与人文/礼乐与艺道/香道组季节闻香会,香道组季节闻香会,Kodo Seasonal Incense Gathering,学「香道组季节闻香会」的同好圈。,香道组季节闻香会|Kodo|Seasonal|Incense|Gathering|礼乐与艺道,https://en.wikipedia.org/wiki/K%C5%8Dd%C5%8D
语言与人文/速记/格雷格速记爱好者,格雷格速记爱好者,Gregg Shorthand Hobbyists,学「格雷格速记爱好者」的同好圈。,格雷格速记爱好者|Gregg|Shorthand|Hobbyists|速记,https://en.wikipedia.org/wiki/Gregg_shorthand
语言与人文/速记/泰勒Teeline新闻速记业余,泰勒Teeline新闻速记业余,Teeline Shorthand Amateur,学「泰勒Teeline新闻速记业余」的同好圈。,泰勒Teeline新闻速记业余|Teeline|Shorthand|速记,https://en.wikipedia.org/wiki/Teeline_shorthand
语言与人文/速记/泰氏Pitman速记,泰氏Pitman速记,Pitman Shorthand Hobbyists,学「泰氏Pitman速记」的同好圈。,泰氏Pitman速记|Pitman|Shorthand|Hobbyists|速记,https://en.wikipedia.org/wiki/Pitman_shorthand
语言与人文/非遗身体传承/塔希提奥特舞谱系传习,塔希提奥特舞谱系传习,Tahitian Ori Dance Lineage Practice,学「塔希提奥特舞谱系传习」的同好圈。,塔希提奥特舞谱系传习|Tahitian|Ori|Dance|Lineage|Practice|非遗身体传承,https://en.wikipedia.org/wiki/Tamure
语言与人文/非遗身体传承/塔赫提布棍术传承,塔赫提布棍术传承,Tahtib transmission,学「塔赫提布棍术传承」（Tahtib transmission）。,塔赫提布棍术传承|Tahtib|transmission|非遗身体传承,https://ich.unesco.org/en/RL/tahteeb-stick-game-01189
语言与人文/非遗身体传承/夏威夷卢阿武术传承,夏威夷卢阿武术传承,Hawaiian Lua transmission,学「夏威夷卢阿武术传承」的同好圈。,夏威夷卢阿武术传承|Hawaiian|Lua|transmission|非遗身体传承,https://kamehamehapublishing.org/wp-content/uploads/sites/38/2020/09/Hulili_Vol8_3.pdf
语言与人文/非遗身体传承/奇道巴摔跤传承,奇道巴摔跤传承,Chidaoba transmission,学「奇道巴摔跤传承」的同好圈。,奇道巴摔跤传承|Chidaoba|transmission|非遗身体传承,https://ich.unesco.org/en/RL/chidaoba-wrestling-in-georgia-01371
语言与人文/非遗身体传承/家元终身轨道/官贺歌QuanHo,官贺歌QuanHo,Quan Họ Village Singing Groups,学「官贺歌QuanHo」的同好圈。,官贺歌QuanHo|QuanHo|Quan|Village|Singing|Groups|非遗身体传承|家元终身轨道,https://en.wikipedia.org/wiki/Quan_h%E1%BB%8D
语言与人文/非遗身体传承/家元终身轨道/散调Gayageum师徒,散调Gayageum师徒,Sanjo Gayageum Lineages,学「散调Gayageum师徒」的同好圈。,散调Gayageum师徒|Gayageum|Sanjo|Lineages|非遗身体传承|家元终身轨道,https://en.wikipedia.org/wiki/Sanjo_(music)
语言与人文/非遗身体传承/家元终身轨道/文乐义太夫业余,文乐义太夫业余,Bunraku Gidayu Amateur Recitation,学「文乐义太夫业余」的同好圈。,文乐义太夫业余|Bunraku|Gidayu|Recitation|非遗身体传承|家元终身轨道,https://en.wikipedia.org/wiki/Bunraku
语言与人文/非遗身体传承/家元终身轨道/狂言和泉流业余,狂言和泉流业余,Kyogen Izumi-ryu Amateur,学「狂言和泉流业余」的同好圈。,狂言和泉流业余|Kyogen|Izumi-ryu|非遗身体传承|家元终身轨道,https://en.wikipedia.org/wiki/Ky%C5%8Dgen
语言与人文/非遗身体传承/家元终身轨道/能乐仕舞业余稽古,能乐仕舞业余稽古,Noh Shimai Amateur Keiko,学「能乐仕舞业余稽古」的同好圈。,能乐仕舞业余稽古|Noh|Shimai|Keiko|非遗身体传承|家元终身轨道,https://en.wikipedia.org/wiki/Noh
语言与人文/非遗身体传承/家元终身轨道/韩国盘索里学徒,韩国盘索里学徒,Pansori Apprentice Circles,学「韩国盘索里学徒」的同好圈。,韩国盘索里学徒|Pansori|Apprentice|Circles|非遗身体传承|家元终身轨道,https://en.wikipedia.org/wiki/Pansori
语言与人文/非遗身体传承/弓道寒稽古新年练,弓道寒稽古新年练,Kyudo Midwinter Kangeiko Practice,学「弓道寒稽古新年练」的同好圈。,弓道寒稽古新年练|Kyudo|Midwinter|Kangeiko|Practice|非遗身体传承,https://en.wikipedia.org/wiki/Ky%C5%ABd%C5%8D
语言与人文/非遗身体传承/弓道射礼研习,弓道射礼研习,Kyūdō ceremonial practice,学「弓道射礼研习」的同好圈。,弓道射礼研习|Ky|ceremonial|practice|非遗身体传承,https://en.wikipedia.org/wiki/Ky%C5%ABd%C5%8D
语言与人文/非遗身体传承/恩古尼棍斗传承,恩古尼棍斗传承,Nguni stick-fighting transmission,学「恩古尼棍斗传承」的同好圈。,恩古尼棍斗传承|Nguni|stick-fighting|transmission|非遗身体传承,https://sahistory.org.za/article/nguni-stick-fighting
语言与人文/非遗身体传承/毛利哈卡战舞社群排练,毛利哈卡战舞社群排练,Maori Haka Community Rehearsal,学「毛利哈卡战舞社群排练」的同好圈。,毛利哈卡战舞社群排练|Maori|Haka|Community|Rehearsal|非遗身体传承,https://en.wikipedia.org/wiki/Haka
语言与人文/非遗身体传承/毛利武器术传承,毛利武器术传承,Mau rākau transmission,学「毛利武器术传承」的同好圈。,毛利武器术传承|Mau|kau|transmission|非遗身体传承,https://en.wikipedia.org/wiki/Mau_r%C4%81kau
语言与人文/非遗身体传承/流镝马礼法研习,流镝马礼法研习,Yabusame etiquette study,学「流镝马礼法研习」的同好圈。,流镝马礼法研习|Yabusame|etiquette|study|非遗身体传承,https://en.wikipedia.org/wiki/Yabusame
语言与人文/非遗身体传承/火刀舞,火刀舞,Siva afi / fire knife,学「火刀舞」（Siva afi / fire knife）。,火刀舞|Siva|afi|fire|knife|非遗身体传承,https://en.wikipedia.org/wiki/Fire_knife
语言与人文/非遗身体传承/薙刀术谱系研习,薙刀术谱系研习,Naginatajutsu lineage study,学「薙刀术谱系研习」的同好圈。,薙刀术谱系研习|Naginatajutsu|lineage|study|非遗身体传承,https://en.wikipedia.org/wiki/Naginatajutsu
语言与人文/香道与嗅觉文化/御家流香道,御家流香道,Oie-ryū Kōdō Incense Ceremony,学「御家流香道」的同好圈。,御家流香道|Oie-ry|Incense|Ceremony|香道与嗅觉文化,https://shinonomekai.info/
音乐演奏/传统声响竞技/嫩达兹阿尔卑斯长号节,嫩达兹阿尔卑斯长号盲评赛,International Alphorn Festival Nendaz,奏「嫩达兹阿尔卑斯长号盲评赛」的同好圈。,嫩达兹阿尔卑斯长号盲评赛|International|Alphorn|Festival|Nendaz|传统声响竞技|嫩达兹阿尔卑斯长号节,https://nendazcordesalpes.ch/en/competitions-rules-and-prizes
音乐演奏/传统声响竞技/瑞士约德尔歌唱竞赛,瑞士约德尔歌唱竞赛,Swiss Yodeling Competitions,奏「瑞士约德尔歌唱竞赛」的同好圈。,瑞士约德尔歌唱竞赛|Swiss|Yodeling|Competitions|传统声响竞技,https://en.wikipedia.org/wiki/Yodeling
音乐演奏/传统声响竞技/魁北克传统小提琴会话,魁北克传统小提琴会话,Quebec Traditional Fiddle Sessions,奏「魁北克传统小提琴会话」的同好圈。,魁北克传统小提琴会话|Quebec|Traditional|Fiddle|Sessions|传统声响竞技,https://en.wikipedia.org/wiki/French_Canadian_fiddle
音乐演奏/创作制作与DJ/制作细分/模块已经外的Buchla生态,模块已经外的Buchla生态,Buchla Modular Circles,奏「模块已经外的Buchla生态」的同好圈。,模块已经外的Buchla生态|Buchla|Modular|Circles|创作制作与DJ|制作细分,
音乐演奏/创作制作与DJ/反主流声景/harsh noise墙声,harsh noise墙声,Harsh-noise Wall Circles,奏「harsh noise墙声」的同好圈。,harsh noise墙声|harsh|noise|Harsh-noise|Wall|Circles|创作制作与DJ|反主流声景,https://en.wikipedia.org/wiki/Noise_music
音乐演奏/创作制作与DJ/地下与亚文化场景/Noise场景,Noise噪音演出网络,Noise Music Scene,奏「Noise噪音演出网络」的同好圈。,Noise噪音演出网络|Noise|Music|Scene|创作制作与DJ|地下与亚文化场景,https://en.wikipedia.org/wiki/Noise_music
音乐演奏/创作制作与DJ/地下与亚文化场景/Vaporwave,Vaporwave制作与归档,Vaporwave Scene,奏「Vaporwave制作与归档」的同好圈。,Vaporwave制作与归档|Vaporwave|Scene|创作制作与DJ|地下与亚文化场景,https://en.wikipedia.org/wiki/Vaporwave
音乐演奏/创作制作与DJ/地下与亚文化场景/卡带厂牌,独立卡带厂牌运营,Cassette Label Running,奏「独立卡带厂牌运营」的同好圈。,独立卡带厂牌运营|Cassette|Label|Running|创作制作与DJ|地下与亚文化场景,https://en.wikipedia.org/wiki/Cassette_culture
音乐演奏/创作制作与DJ/欧美地下场/仓库派对声音系统志愿,仓库派对声音系统志愿,Warehouse Sound-system Volunteers,奏「仓库派对声音系统志愿」的同好圈。,仓库派对声音系统志愿|Warehouse|Sound-system|Volunteers|创作制作与DJ|欧美地下场,
音乐演奏/创作制作与DJ/电路与磁带实验/具体音乐磁带拼接,具体音乐磁带拼接,Musique Concrete Tape Splicing,奏「具体音乐磁带拼接」的同好圈。,具体音乐磁带拼接|Musique|Concrete|Tape|Splicing|创作制作与DJ|电路与磁带实验,https://en.wikipedia.org/wiki/Musique_concr%C3%A8te
音乐演奏/创作制作与DJ/电路与磁带实验/电路弯曲CircuitBending,电路弯曲CircuitBending,Circuit Bending Instrument Hacks,奏「电路弯曲CircuitBending」的同好圈。,电路弯曲CircuitBending|CircuitBending|Circuit|Bending|Instrument|Hacks|创作制作与DJ|电路与磁带实验,https://en.wikipedia.org/wiki/Circuit_bending
音乐演奏/创作制作与DJ/被误认为教堂的风/机械风琴BarrelOrgan,机械风琴BarrelOrgan,Barrel Organ Crank Performance,奏「机械风琴BarrelOrgan」的同好圈。,机械风琴BarrelOrgan|BarrelOrgan|Barrel|Organ|Crank|Performance|创作制作与DJ|被误认为教堂的风,https://en.wikipedia.org/wiki/Barrel_organ
音乐演奏/创作制作与DJ/钢鼓调音工棚夜作,钢鼓调音工棚夜作,Steelpan Tuning Yard Night Work,奏「钢鼓调音工棚夜作」的同好圈。,钢鼓调音工棚夜作|Steelpan|Tuning|Yard|Night|Work|创作制作与DJ,https://en.wikipedia.org/wiki/Steelpan
音乐演奏/历史音乐技艺/旧时钢琴世界赛,旧时钢琴世界赛成人组,World Championship Old-Time Piano Playing Contest,奏「旧时钢琴世界赛成人组」的同好圈。,旧时钢琴世界赛成人组|World|Championship|Old-Time|Piano|Playing|Contest|历史音乐技艺,https://oldtimepianocontest.com/regular-division/
音乐演奏/大洋洲/鼻笛Nose flute,鼻笛Nose flute,Nose Flute Playing,奏「鼻笛Nose flute」的同好圈。,鼻笛Nose flute|Nose|flute|Flute|Playing|大洋洲,https://en.wikipedia.org/wiki/Nose_flute
音乐演奏/机械乐器/自动钢琴卷演奏会,自动钢琴卷演奏会,Player Piano Roll Performance,奏「自动钢琴卷演奏会」的同好圈。,自动钢琴卷演奏会|Player|Piano|Roll|Performance|机械乐器,https://en.wikipedia.org/wiki/Player_piano
音乐演奏/机械乐器/街风琴Drehorgel业余,街风琴Drehorgel业余,Street Barrel Organ Amateur,奏「街风琴Drehorgel业余」的同好圈。,街风琴Drehorgel业余|Drehorgel|Street|Barrel|Organ|机械乐器,https://en.wikipedia.org/wiki/Barrel_organ
音乐演奏/民俗铃圈与乡舞乐/莫里斯联合会铃圈舞,莫里斯联合会铃圈舞,The Morris Federation,奏「莫里斯联合会铃圈舞」的同好圈。,莫里斯联合会铃圈舞|Morris|Federation|民俗铃圈与乡舞乐,https://www.morrisfed.org.uk/
音乐演奏/民族与世界乐器社群/北美古琴协会习琴,北美古琴协会习琴,North American Guqin Association,奏「北美古琴协会习琴」的同好圈。,北美古琴协会习琴|North|American|Guqin|Association|民族与世界乐器社群,https://www.guqin.org/
音乐演奏/民族与世界乐器社群/呼麦喉音业余习练,呼麦喉音业余习练,Khöömei Throat Singing Practice,奏「呼麦喉音业余习练」的同好圈。,呼麦喉音业余习练|Kh|mei|Throat|Singing|Practice|民族与世界乐器社群,https://ich.unesco.org/en/RL/mongolian-traditional-art-of-khoomei-00843
音乐演奏/民族与世界乐器社群/波士顿村加美兰Laras Tentrem,波士顿村加美兰Laras Tentrem,Gamelan Laras Tentrem,奏「波士顿村加美兰Laras Tentrem」的同好圈。,波士顿村加美兰Laras Tentrem|Laras|Tentrem|Gamelan|民族与世界乐器社群,https://gamelanbvg.com/bvg/
音乐演奏/民族与世界乐器社群/琉球三线俱乐部实践,琉球三线俱乐部实践,Ryukyu Sanshin Club Practice,奏「琉球三线俱乐部实践」的同好圈。,琉球三线俱乐部实践|Ryukyu|Sanshin|Practice|民族与世界乐器社群,https://en.wikipedia.org/wiki/Sanshin
音乐演奏/民族与世界音乐/Panorama钢鼓乐队竞演,Panorama钢鼓乐队竞演,Panorama Steelband Competition,奏「Panorama钢鼓乐队竞演」的同好圈。,Panorama钢鼓乐队竞演|Panorama|Steelband|Competition|民族与世界音乐,https://pantrinbago.co.tt/
音乐演奏/民族与世界音乐/Samba school diaspora欧美,Samba school diaspora欧美,Samba Schools in Diaspora,奏「Samba school diaspora欧美」的同好圈。,Samba school diaspora欧美|Samba|school|diaspora|Schools|in|Diaspora|民族与世界音乐,https://www.londonschoolofsamba.co.uk/
音乐演奏/民族与世界音乐/powwow鼓组赛季备鼓,powwow鼓组赛季备鼓,Powwow Drum Group Seasonal Practice,奏「powwow鼓组赛季备鼓」的同好圈。,powwow鼓组赛季备鼓|powwow|Powwow|Drum|Group|Seasonal|Practice|民族与世界音乐,https://en.wikipedia.org/wiki/Drum_group
音乐演奏/民族与世界音乐/东亚南岛声管/ca tru歌筹,ca tru歌筹,Ca Tru Chamber Singing,奏「ca tru歌筹」的同好圈。,ca tru歌筹|ca|tru|Ca|Tru|Chamber|Singing|民族与世界音乐,https://en.wikipedia.org/wiki/Ca_tr%C3%B9
音乐演奏/民族与世界音乐/东亚南岛声管/夏威夷钢棒吉他HSGA,夏威夷钢棒吉他HSGA,Hawaiian Steel Guitar HSGA,奏「夏威夷钢棒吉他HSGA」的同好圈。,夏威夷钢棒吉他HSGA|HSGA|Hawaiian|Steel|Guitar|民族与世界音乐|东亚南岛声管,https://www.hsga.org/about
音乐演奏/民族与世界音乐/东亚南岛声管/尺八ISS,尺八ISS,International Shakuhachi Society,奏「尺八ISS」的同好圈。,尺八ISS|ISS|International|Shakuhachi|Society|民族与世界音乐|东亚南岛声管,https://komuso.com/
音乐演奏/民族与世界音乐/东亚南岛声管/대금大笒,대금大笒,Daegeum Bamboo Flute,奏「대금大笒」（Daegeum Bamboo Flute）。,대금大笒|Daegeum|Bamboo|Flute|民族与世界音乐|东亚南岛声管,https://en.wikipedia.org/wiki/Daegeum
音乐演奏/民族与世界音乐/农乐社区乐队,农乐社区乐队,Nongak Community Band,奏「农乐社区乐队」（Nongak Community Band）。,农乐社区乐队|Nongak|Community|Band|民族与世界音乐,https://ich.unesco.org/en/RL/nongak-community-band-music-dance-and-rituals-in-the-republic-of-korea-00717
音乐演奏/民族与世界音乐/加里富纳鼓舞合奏,加里富纳鼓舞合奏,Garifuna Drum and Dance Ensemble,奏「加里富纳鼓舞合奏」的同好圈。,加里富纳鼓舞合奏|Garifuna|Drum|Dance|Ensemble|民族与世界音乐,https://ich.unesco.org/en/RL/language-dance-and-music-of-the-garifuna-00001
音乐演奏/民族与世界音乐/北美Gamelan合奏团,北美社区Gamelan合奏,North American Community Gamelan,奏「北美社区Gamelan合奏」的同好圈。,北美社区Gamelan合奏|Gamelan|North|American|Community|民族与世界音乐|北美Gamelan合奏团,https://www.gamelan.org/
音乐演奏/民族与世界音乐/北美太鼓团体联盟实践,北美太鼓团体联盟实践,North American Taiko Groups,奏「北美太鼓团体联盟实践」的同好圈。,北美太鼓团体联盟实践|North|American|Taiko|Groups|民族与世界音乐,https://www.taiko.org/
音乐演奏/民族与世界音乐/南亚东南亚乐种/卡纳提克音乐萨巴,卡纳提克音乐萨巴,Carnatic Music Sabha Practice,奏「卡纳提克音乐萨巴」的同好圈。,卡纳提克音乐萨巴|Carnatic|Music|Sabha|Practice|民族与世界音乐|南亚东南亚乐种,https://en.wikipedia.org/wiki/Carnatic_music
音乐演奏/民族与世界音乐/南亚东南亚乐种/西塔琴Sitar,西塔琴演奏,Sitar Playing,奏「西塔琴演奏」（Sitar Playing）。,西塔琴演奏|Sitar|Playing|民族与世界音乐|南亚东南亚乐种,https://en.wikipedia.org/wiki/Sitar
音乐演奏/民族与世界音乐/南太平洋马林巴节庆合奏,南太平洋马林巴节庆合奏,South Pacific Marimba Festival Ensemble,奏「南太平洋马林巴节庆合奏」的同好圈。,南太平洋马林巴节庆合奏|South|Pacific|Marimba|Festival|Ensemble|民族与世界音乐,https://ich.unesco.org/en/RL/marimba-music-traditional-chants-and-dances-from-the-colombia-south-pacific-region-and-esmeraldas-province-of-ecuador-01099
音乐演奏/民族与世界音乐/卡利普索帐篷赛季驻演,卡利普索帐篷赛季驻演,Calypso Tent Seasonal Residency,奏「卡利普索帐篷赛季驻演」的同好圈。,卡利普索帐篷赛季驻演|Calypso|Tent|Seasonal|Residency|民族与世界音乐,https://en.wikipedia.org/wiki/Calypso_tent
音乐演奏/民族与世界音乐/口传乐器师徒/乌克兰班杜拉业余,乌克兰班杜拉业余,Ukrainian Bandura Amateur,奏「乌克兰班杜拉业余」的同好圈。,乌克兰班杜拉业余|Ukrainian|Bandura|民族与世界音乐|口传乐器师徒,https://en.wikipedia.org/wiki/Bandura
音乐演奏/民族与世界音乐/口传乐器师徒/乌兹别克沙什马卡姆,乌兹别克沙什马卡姆,Shashmaqam Amateur Suites,奏「乌兹别克沙什马卡姆」的同好圈。,乌兹别克沙什马卡姆|Shashmaqam|Suites|民族与世界音乐|口传乐器师徒,https://en.wikipedia.org/wiki/Shashmaqam
音乐演奏/民族与世界音乐/口传乐器师徒/俄罗斯古斯里业余,俄罗斯古斯里业余,Russian Gusli Amateur,奏「俄罗斯古斯里业余」的同好圈。,俄罗斯古斯里业余|Russian|Gusli|民族与世界音乐|口传乐器师徒,https://en.wikipedia.org/wiki/Gusli
音乐演奏/民族与世界音乐/口传乐器师徒/冬不拉业余师徒,冬不拉业余师徒,Dombra Amateur Lineages,奏「冬不拉业余师徒」的同好圈。,冬不拉业余师徒|Dombra|Lineages|民族与世界音乐|口传乐器师徒,https://en.wikipedia.org/wiki/Dombra
音乐演奏/民族与世界音乐/口传乐器师徒/加利西亚风笛业余,加利西亚风笛业余,Galician Gaita Amateur Bands,奏「加利西亚风笛业余」的同好圈。,加利西亚风笛业余|Galician|Gaita|Bands|民族与世界音乐|口传乐器师徒,https://en.wikipedia.org/wiki/Gaita_gallega
音乐演奏/民族与世界音乐/口传乐器师徒/十二木卡姆业余套曲,十二木卡姆业余套曲,Uyghur Muqam Amateur Suites,奏「十二木卡姆业余套曲」的同好圈。,十二木卡姆业余套曲|Uyghur|Muqam|Suites|民族与世界音乐|口传乐器师徒,https://en.wikipedia.org/wiki/Muqam
音乐演奏/民族与世界音乐/口传乐器师徒/因纽特喉歌Katajjaq,因纽特喉歌Katajjaq,Katajjaq Inuit Throat-game Duets,奏「因纽特喉歌Katajjaq」的同好圈。,因纽特喉歌Katajjaq|Katajjaq|Inuit|Throat-game|Duets|民族与世界音乐|口传乐器师徒,https://en.wikipedia.org/wiki/Inuit_throat_singing
音乐演奏/民族与世界音乐/口传乐器师徒/土耳其阿诗克弹唱,土耳其阿诗克弹唱,Ashik Bard Performance Circles,奏「土耳其阿诗克弹唱」的同好圈。,土耳其阿诗克弹唱|Ashik|Bard|Performance|Circles|民族与世界音乐|口传乐器师徒,https://en.wikipedia.org/wiki/Ashik
音乐演奏/民族与世界音乐/口传乐器师徒/夏威夷钢吉他业余,夏威夷钢吉他业余,Hawaiian Steel-guitar Amateur,奏「夏威夷钢吉他业余」的同好圈。,夏威夷钢吉他业余|Hawaiian|Steel-guitar|民族与世界音乐|口传乐器师徒,https://en.wikipedia.org/wiki/Steel_guitar
音乐演奏/民族与世界音乐/口传乐器师徒/奄美岛歌业余,奄美岛歌业余,Amami Shima-uta Amateur,奏「奄美岛歌业余」的同好圈。,奄美岛歌业余|Amami|Shima-uta|民族与世界音乐|口传乐器师徒,https://en.wikipedia.org/wiki/Shima-uta
音乐演奏/民族与世界音乐/口传乐器师徒/安达卢斯努巴套曲,安达卢斯努巴套曲,Andalusi Nuba Amateur Suites,奏「安达卢斯努巴套曲」的同好圈。,安达卢斯努巴套曲|Andalusi|Nuba|Suites|民族与世界音乐|口传乐器师徒,https://en.wikipedia.org/wiki/Andalusi_nubah
音乐演奏/民族与世界音乐/口传乐器师徒/尺八琴古流业余,尺八琴古流业余,Kinko-ryu Shakuhachi Amateur,奏「尺八琴古流业余」的同好圈。,尺八琴古流业余|Kinko-ryu|Shakuhachi|民族与世界音乐|口传乐器师徒,https://en.wikipedia.org/wiki/Shakuhachi
音乐演奏/民族与世界音乐/口传乐器师徒/希腊雷贝提科业余,希腊雷贝提科业余,Rebetiko Amateur Ensembles,奏「希腊雷贝提科业余」的同好圈。,希腊雷贝提科业余|Rebetiko|Ensembles|民族与世界音乐|口传乐器师徒,https://en.wikipedia.org/wiki/Rebetiko
音乐演奏/民族与世界音乐/口传乐器师徒/格鲁吉亚多声部合唱,格鲁吉亚多声部合唱,Georgian Polyphonic Choir Amateur,奏「格鲁吉亚多声部合唱」的同好圈。,格鲁吉亚多声部合唱|Georgian|Polyphonic|Choir|民族与世界音乐|口传乐器师徒,https://en.wikipedia.org/wiki/Georgian_polyphonic_singing
音乐演奏/民族与世界音乐/口传乐器师徒/芬兰坎特勒业余,芬兰坎特勒业余,Finnish Kantele Amateur,奏「芬兰坎特勒业余」的同好圈。,芬兰坎特勒业余|Finnish|Kantele|民族与世界音乐|口传乐器师徒,https://en.wikipedia.org/wiki/Kantele
音乐演奏/民族与世界音乐/口传乐器师徒/萨米约伊克,萨米约伊克,Sámi Yoik Vocal Circles,奏「萨米约伊克」的同好圈。,萨米约伊克|mi|Yoik|Vocal|Circles|民族与世界音乐|口传乐器师徒,https://en.wikipedia.org/wiki/Yoik
音乐演奏/民族与世界音乐/口传乐器师徒/葡萄牙法朵业余社,葡萄牙法朵业余社,Fado Amateur Houses,奏「葡萄牙法朵业余社」（Fado Amateur Houses）。,葡萄牙法朵业余社|Fado|Houses|民族与世界音乐|口传乐器师徒,https://en.wikipedia.org/wiki/Fado
音乐演奏/民族与世界音乐/口传乐器师徒/阿尔巴尼亚Iso复调,阿尔巴尼亚Iso复调,Albanian Iso-polyphony Amateur,奏「阿尔巴尼亚Iso复调」的同好圈。,阿尔巴尼亚Iso复调|Iso|Albanian|Iso-polyphony|民族与世界音乐|口传乐器师徒,https://en.wikipedia.org/wiki/Iso-Polyphony
音乐演奏/民族与世界音乐/口传乐器师徒/马头琴业余师徒,马头琴业余师徒,Morin Khuur Amateur Lineages,奏「马头琴业余师徒」的同好圈。,马头琴业余师徒|Morin|Khuur|Lineages|民族与世界音乐|口传乐器师徒,https://en.wikipedia.org/wiki/Morin_khuur
音乐演奏/民族与世界音乐/口传谱/减字谱古琴传习,减字谱古琴传习,Jianzi Guqin Tablature Circles,奏「减字谱古琴传习」的同好圈。,减字谱古琴传习|Jianzi|Guqin|Tablature|Circles|民族与世界音乐|口传谱,https://en.wikipedia.org/wiki/Guqin
音乐演奏/民族与世界音乐/口传谱/工尺谱业余传习,工尺谱业余传习,Gongche Notation Amateur Circles,奏「工尺谱业余传习」的同好圈。,工尺谱业余传习|Gongche|Notation|Circles|民族与世界音乐|口传谱,https://en.wikipedia.org/wiki/Gongche_notation
音乐演奏/民族与世界音乐/吹管细分/保加利亚风笛Gaida,保加利亚风笛Gaida,Gaida Amateur Bands,奏「保加利亚风笛Gaida」的同好圈。,保加利亚风笛Gaida|Gaida|Bands|民族与世界音乐|吹管细分,https://en.wikipedia.org/wiki/Gaida
音乐演奏/民族与世界音乐/呼麦Khoomei,呼麦Khoomei,Mongolian khoomei overtone singing,奏「呼麦Khoomei」的同好圈。,呼麦Khoomei|Khoomei|Mongolian|khoomei|overtone|singing|民族与世界音乐,https://ich.unesco.org/en/RL/mongolian-art-of-singing-khoomei-00210
音乐演奏/民族与世界音乐/和太鼓合奏,和太鼓合奏,Taiko ensemble,奏「和太鼓合奏」（Taiko ensemble）。,和太鼓合奏|Taiko|ensemble|民族与世界音乐,https://nippon-taiko.or.jp/en/
音乐演奏/民族与世界音乐/喉音与口传唱法/蒙古长调乌日汀,蒙古长调乌日汀,Mongolian Urtiin Duu Long Song,奏「蒙古长调乌日汀」的同好圈。,蒙古长调乌日汀|Mongolian|Urtiin|Duu|Long|Song|民族与世界音乐|喉音与口传唱法,https://en.wikipedia.org/wiki/Long_song
音乐演奏/民族与世界音乐/姆比拉拇指琴演奏,姆比拉拇指琴演奏,Mbira performance,奏「姆比拉拇指琴演奏」（Mbira performance）。,姆比拉拇指琴演奏|Mbira|performance|民族与世界音乐,https://ich.unesco.org/en/RL/art-of-crafting-and-playing-mbira-sansi-the-finger-plucking-traditional-musical-instrument-in-malawi-and-zimbabwe-01541
音乐演奏/民族与世界音乐/委内瑞拉霍罗波音乐舞会合奏,委内瑞拉霍罗波音乐舞会合奏,Joropo Community Music Ensemble,奏「委内瑞拉霍罗波音乐舞会合奏」的同好圈。,委内瑞拉霍罗波音乐舞会合奏|Joropo|Community|Music|Ensemble|民族与世界音乐,https://ich.unesco.org/en/RL/joropo-in-venezuela-02092
音乐演奏/民族与世界音乐/安第斯排箫Siku合奏,安第斯排箫Siku合奏,Andean Siku Panpipe Ensembles,奏「安第斯排箫Siku合奏」的同好圈。,安第斯排箫Siku合奏|Siku|Andean|Panpipe|Ensembles|民族与世界音乐,
音乐演奏/民族与世界音乐/安第斯排箫兄弟会合奏,安第斯排箫兄弟会合奏,Andean Siku Brotherhood Ensemble,奏「安第斯排箫兄弟会合奏」的同好圈。,安第斯排箫兄弟会合奏|Andean|Siku|Brotherhood|Ensemble|民族与世界音乐,https://en.wikipedia.org/wiki/Siku_(instrument)
音乐演奏/民族与世界音乐/巴厘加麦兰村落合奏轮值,巴厘加麦兰村落合奏轮值,Balinese Village Gamelan Banjar Rota,奏「巴厘加麦兰村落合奏轮值」的同好圈。,巴厘加麦兰村落合奏轮值|Balinese|Village|Gamelan|Banjar|Rota|民族与世界音乐,https://en.wikipedia.org/wiki/Gamelan
音乐演奏/民族与世界音乐/巴塞尔法斯纳赫特小集团排练,巴塞尔法斯纳赫特小集团排练,Basel Fasnacht Clique Rehearsal,奏「巴塞尔法斯纳赫特小集团排练」的同好圈。,巴塞尔法斯纳赫特小集团排练|Basel|Fasnacht|Clique|Rehearsal|民族与世界音乐,https://ich.unesco.org/en/RL/basel-carnival-01262
音乐演奏/民族与世界音乐/巴斯科鼓笛节庆队,巴斯科鼓笛节庆队,Basque Txistu and Drum Festival Bands,奏「巴斯科鼓笛节庆队」的同好圈。,巴斯科鼓笛节庆队|Basque|Txistu|Drum|Festival|Bands|民族与世界音乐,https://en.wikipedia.org/wiki/Txistu
音乐演奏/民族与世界音乐/布雷顿角提琴,布雷顿角苏格兰提琴,Cape Breton Fiddling,奏「布雷顿角苏格兰提琴」的同好圈。,布雷顿角苏格兰提琴|Cape|Breton|Fiddling|民族与世界音乐|布雷顿角提琴,https://en.wikipedia.org/wiki/Cape_Breton_fiddling
音乐演奏/民族与世界音乐/康纳科尔口技节奏,康纳科尔口技节奏,Konnakol,奏「康纳科尔口技节奏」（Konnakol）。,康纳科尔口技节奏|Konnakol|民族与世界音乐,https://en.wikipedia.org/wiki/Konnakol
音乐演奏/民族与世界音乐/弹拨细分/印度萨朗吉,印度萨朗吉,Sarangi Amateur Lineages,奏「印度萨朗吉」的同好圈。,印度萨朗吉|Sarangi|Lineages|民族与世界音乐|弹拨细分,https://en.wikipedia.org/wiki/Sarangi
音乐演奏/民族与世界音乐/弹拨细分/土耳其萨兹,土耳其萨兹,Saz Baglama Amateur,奏「土耳其萨兹」（Saz Baglama Amateur）。,土耳其萨兹|Saz|Baglama|民族与世界音乐|弹拨细分,https://en.wikipedia.org/wiki/Ba%C4%9Flama
音乐演奏/民族与世界音乐/打击补2/韩国农乐Nongak,韩国农乐Nongak,Nongak Percussion Amateur,奏「韩国农乐Nongak」的同好圈。,韩国农乐Nongak|Nongak|Percussion|民族与世界音乐|打击补2,https://en.wikipedia.org/wiki/Pungmul
音乐演奏/民族与世界音乐/拉美与加勒比音乐实践/Berimbau拨弦弓演奏,Berimbau拨弦弓演奏,Berimbau Musical Bow Practice,奏「Berimbau拨弦弓演奏」的同好圈。,Berimbau拨弦弓演奏|Berimbau|Musical|Bow|Practice|民族与世界音乐|拉美与加勒比音乐实践,https://en.wikipedia.org/wiki/Berimbau
音乐演奏/民族与世界音乐/拉美与加勒比音乐实践/Samba_de_Roda巴伊亚轮舞桑巴,Samba de Roda巴伊亚轮舞桑巴,Samba de Roda of Bahia,奏「Samba de Roda巴伊亚轮舞桑巴」的同好圈。,Samba de Roda巴伊亚轮舞桑巴|Samba|de|Roda|of|Bahia|民族与世界音乐|拉美与加勒比音乐实践,https://ich.unesco.org/en/RL/samba-de-roda-of-the-reconcavo-of-bahia-00101
音乐演奏/民族与世界音乐/拉美与加勒比音乐实践/古巴Son与Timba节奏实践,古巴Son与Timba节奏实践,Cuban Son & Timba Practice,奏「古巴Son与Timba节奏实践」的同好圈。,古巴Son与Timba节奏实践|Son|Timba|Cuban|Practice|民族与世界音乐|拉美与加勒比音乐实践,https://en.wikipedia.org/wiki/Son_cubano
音乐演奏/民族与世界音乐/拉美与加勒比音乐实践/墨西哥Mariachi街头与社群演奏,墨西哥Mariachi街头与社群演奏,Mariachi Ensemble Practice,奏「墨西哥Mariachi街头与社群演奏」的同好圈。,墨西哥Mariachi街头与社群演奏|Mariachi|Ensemble|Practice|民族与世界音乐|拉美与加勒比音乐实践,https://ich.unesco.org/en/RL/mariachi-string-music-song-and-trumpet-00575
音乐演奏/民族与世界音乐/拉美与加勒比音乐实践/阿根廷乌拉圭Tango探戈演奏,阿根廷乌拉圭Tango探戈演奏,Argentine-Uruguayan Tango Music,奏「阿根廷乌拉圭Tango探戈演奏」的同好圈。,阿根廷乌拉圭Tango探戈演奏|Tango|Argentine-Uruguayan|Music|民族与世界音乐|拉美与加勒比音乐实践,https://ich.unesco.org/en/RL/tango-00258
音乐演奏/民族与世界音乐/新奥尔良第二线路铜管,新奥尔良第二线路铜管,Second Line Brass Band Parades,奏「新奥尔良第二线路铜管」的同好圈。,新奥尔良第二线路铜管|Second|Line|Brass|Band|Parades|民族与世界音乐,https://en.wikipedia.org/wiki/Second_line_(parades)
音乐演奏/民族与世界音乐/日本太鼓团队竞演,日本太鼓团队竞演,Japanese Taiko Team Performance,奏「日本太鼓团队竞演」的同好圈。,日本太鼓团队竞演|Japanese|Taiko|Team|Performance|民族与世界音乐,https://www.nippon-taiko.or.jp/
音乐演奏/民族与世界音乐/材质制琴/Hang鼓源流制作,Hang鼓源流制作,Hang Instrument Making,奏「Hang鼓源流制作」的同好圈。,Hang鼓源流制作|Hang|Instrument|Making|民族与世界音乐|材质制琴,https://en.wikipedia.org/wiki/Hang_(instrument)
音乐演奏/民族与世界音乐/材质制琴/口弦Khomus制作,口弦Khomus制作,Khomus Jew's Harp Making,奏「口弦Khomus制作」的同好圈。,口弦Khomus制作|Khomus|Jew|Harp|Making|民族与世界音乐|材质制琴,https://en.wikipedia.org/wiki/Khomus
音乐演奏/民族与世界音乐/材质制琴/尺八制作,尺八制作,Shakuhachi Making,奏「尺八制作」（Shakuhachi Making）。,尺八制作|Shakuhachi|Making|民族与世界音乐|材质制琴,https://en.wikipedia.org/wiki/Shakuhachi
音乐演奏/民族与世界音乐/材质制琴/手碟Handpan制作,手碟Handpan制作,Handpan Making,奏「手碟Handpan制作」（Handpan Making）。,手碟Handpan制作|Handpan|Making|民族与世界音乐|材质制琴,https://en.wikipedia.org/wiki/Handpan
音乐演奏/民族与世界音乐/材质制琴/笙制作,笙制作,Sheng Making,奏「笙制作」（Sheng Making）。,笙制作|Sheng|Making|民族与世界音乐|材质制琴,https://en.wikipedia.org/wiki/Sheng_(instrument)
音乐演奏/民族与世界音乐/材质制琴/舌鼓制作,舌鼓制作,Tongue Drum Making,奏「舌鼓制作」（Tongue Drum Making）。,舌鼓制作|Tongue|Drum|Making|民族与世界音乐|材质制琴,https://en.wikipedia.org/wiki/Steel_tongue_drum
音乐演奏/民族与世界音乐/材质制琴/葫芦丝制作,葫芦丝制作,Hulusi Making,奏「葫芦丝制作」（Hulusi Making）。,葫芦丝制作|Hulusi|Making|民族与世界音乐|材质制琴,https://en.wikipedia.org/wiki/Hulusi
音乐演奏/民族与世界音乐/材质制琴/锣锻造,锣锻造,Gong Smithing,奏「锣锻造」（Gong Smithing）。,锣锻造|Gong|Smithing|民族与世界音乐|材质制琴,https://en.wikipedia.org/wiki/Gong
音乐演奏/民族与世界音乐/材质制琴/陶笛制作,陶笛制作,Ocarina Making,奏「陶笛制作」（Ocarina Making）。,陶笛制作|Ocarina|Making|民族与世界音乐|材质制琴,https://en.wikipedia.org/wiki/Ocarina
音乐演奏/民族与世界音乐/材质制琴/颂钵制作,颂钵制作,Singing Bowl Making,奏「颂钵制作」（Singing Bowl Making）。,颂钵制作|Singing|Bowl|Making|民族与世界音乐|材质制琴,https://en.wikipedia.org/wiki/Singing_bowl
音乐演奏/民族与世界音乐/材质制琴/马头琴制作,马头琴制作,Morin Khuur Making,奏「马头琴制作」（Morin Khuur Making）。,马头琴制作|Morin|Khuur|Making|民族与世界音乐|材质制琴,https://ich.unesco.org/en/RL/traditional-craftsmanship-of-the-mongol-biyelgee-dance-and-the-morin-khuur-instrument-making-and-playing-00862
音乐演奏/民族与世界音乐/格纳瓦节庆合奏,格纳瓦节庆合奏,Gnawa Festival Ensemble Practice,奏「格纳瓦节庆合奏」的同好圈。,格纳瓦节庆合奏|Gnawa|Festival|Ensemble|Practice|民族与世界音乐,https://ich.unesco.org/en/RL/gnawa-01170
音乐演奏/民族与世界音乐/格纳瓦音乐节乐手集结,格纳瓦音乐节乐手集结,Gnaoua World Music Festival Ensemble,奏「格纳瓦音乐节乐手集结」的同好圈。,格纳瓦音乐节乐手集结|Gnaoua|World|Music|Festival|Ensemble|民族与世界音乐,https://en.wikipedia.org/wiki/Gnaoua_World_Music_Festival
音乐演奏/民族与世界音乐/桑巴鼓队街区彩排,桑巴鼓队街区彩排,Samba Bateria Neighborhood Rehearsals,奏「桑巴鼓队街区彩排」的同好圈。,桑巴鼓队街区彩排|Samba|Bateria|Neighborhood|Rehearsals|民族与世界音乐,https://en.wikipedia.org/wiki/Bateria
音乐演奏/民族与世界音乐/欧洲民歌复兴/英格兰民歌俱乐部,英格兰民歌俱乐部,English Folk-song Clubs,奏「英格兰民歌俱乐部」的同好圈。,英格兰民歌俱乐部|English|Folk-song|Clubs|民族与世界音乐|欧洲民歌复兴,https://en.wikipedia.org/wiki/English_Folk_Dance_and_Song_Society
音乐演奏/民族与世界音乐/爱尔兰Uilleann管业余班,爱尔兰Uilleann管业余班,Irish Uilleann Pipes Classes,奏「爱尔兰Uilleann管业余班」的同好圈。,爱尔兰Uilleann管业余班|Uilleann|Irish|Pipes|Classes|民族与世界音乐,
音乐演奏/民族与世界音乐/甘美兰乐团仪式演奏,甘美兰乐团仪式演奏,Gamelan Ensemble Ritual Performance,奏「甘美兰乐团仪式演奏」的同好圈。,甘美兰乐团仪式演奏|Gamelan|Ensemble|Ritual|Performance|民族与世界音乐,https://ich.unesco.org/en/RL/gamelan-01607
音乐演奏/民族与世界音乐/空洞世界乐/乌德琴Takht合奏,乌德琴Takht合奏,Oud Takht Amateur Ensembles,奏「乌德琴Takht合奏」的同好圈。,乌德琴Takht合奏|Takht|Oud|Ensembles|民族与世界音乐|空洞世界乐,https://en.wikipedia.org/wiki/Oud
音乐演奏/民族与世界音乐/芬兰Kantele卡泰里琴社,芬兰Kantele卡泰里琴社,Finnish Kantele Circles,奏「芬兰Kantele卡泰里琴社」的同好圈。,芬兰Kantele卡泰里琴社|Kantele|Finnish|Circles|民族与世界音乐,
音乐演奏/民族与世界音乐/苏格兰风笛乐队竞赛,苏格兰风笛乐队竞赛,Pipe Band Competition Circuits,奏「苏格兰风笛乐队竞赛」的同好圈。,苏格兰风笛乐队竞赛|Pipe|Band|Competition|Circuits|民族与世界音乐,https://en.wikipedia.org/wiki/Pipe_band
音乐演奏/民族与世界音乐/蓝草与社区合奏网络/国际蓝草音乐协会,国际蓝草音乐协会,International Bluegrass Music Association,奏「国际蓝草音乐协会」的同好圈。,国际蓝草音乐协会|International|Bluegrass|Music|Association|民族与世界音乐|蓝草与社区合奏网络,https://ibma.org/
音乐演奏/民族与世界音乐/蓝草与社区合奏网络/诺森伯兰风笛协会,诺森伯兰风笛协会,Northumbrian Pipers' Society,奏「诺森伯兰风笛协会」的同好圈。,诺森伯兰风笛协会|Northumbrian|Pipers|Society|民族与世界音乐|蓝草与社区合奏网络,https://www.northumbrianpipers.org.uk/
音乐演奏/民族与世界音乐/街区马里亚奇合奏,街区马里亚奇合奏,Community Mariachi Ensemble,奏「街区马里亚奇合奏」的同好圈。,街区马里亚奇合奏|Community|Mariachi|Ensemble|民族与世界音乐,https://ich.unesco.org/en/RL/mariachi-string-music-song-and-trumpet-00575
音乐演奏/民族与世界音乐/被误认为仪式的器/日本雅乐业余寮,日本雅乐业余寮,Amateur Gagaku Court-music Circles,奏「日本雅乐业余寮」的同好圈。,日本雅乐业余寮|Gagaku|Court-music|Circles|民族与世界音乐|被误认为仪式的器,https://en.wikipedia.org/wiki/Gagaku
音乐演奏/民族与世界音乐/身体打击乐,身体打击乐,Body percussion,奏「身体打击乐」（Body percussion）。,身体打击乐|Body|percussion|民族与世界音乐,https://en.wikipedia.org/wiki/Body_percussion
音乐演奏/民族与世界音乐/身体打击协议/弗拉门戈Palmas拍手,弗拉门戈Palmas拍手,Flamenco Palmas Hand-clapping,奏「弗拉门戈Palmas拍手」的同好圈。,弗拉门戈Palmas拍手|Palmas|Flamenco|Hand-clapping|民族与世界音乐|身体打击协议,https://en.wikipedia.org/wiki/Palmas_(music)
音乐演奏/民族与世界音乐/迪吉里杜管循环呼吸,迪吉里杜管循环呼吸,Didgeridoo circular breathing,奏「迪吉里杜管循环呼吸」的同好圈。,迪吉里杜管循环呼吸|Didgeridoo|circular|breathing|民族与世界音乐,https://www.phys.unsw.edu.au/jw/didjeridu.html
音乐演奏/民族与世界音乐/钢鼓乐队Panorama赛,钢鼓乐队Panorama赛,Steelpan Panorama,奏「钢鼓乐队Panorama赛」的同好圈。,钢鼓乐队Panorama赛|Panorama|Steelpan|民族与世界音乐,https://www.panorama.org.uk/
音乐演奏/民族与世界音乐/非洲与非裔音乐实践/Gnawa盖纳瓦音乐实践,Gnawa盖纳瓦音乐实践,Gnawa Music Practice,奏「Gnawa盖纳瓦音乐实践」的同好圈。,Gnawa盖纳瓦音乐实践|Gnawa|Music|Practice|民族与世界音乐|非洲与非裔音乐实践,https://en.wikipedia.org/wiki/Gnawa_music
音乐演奏/民族与世界音乐/非洲与非裔音乐实践/刚果Soukous吉他节奏圈,刚果Soukous吉他节奏圈,Soukous Guitar Rhythm Circles,奏「刚果Soukous吉他节奏圈」的同好圈。,刚果Soukous吉他节奏圈|Soukous|Guitar|Rhythm|Circles|民族与世界音乐|非洲与非裔音乐实践,https://en.wikipedia.org/wiki/Soukous
音乐演奏/民族与世界音乐/非洲与非裔音乐实践/南非Isicathamiya合唱,南非Isicathamiya合唱,Isicathamiya Choral Singing,奏「南非Isicathamiya合唱」的同好圈。,南非Isicathamiya合唱|Isicathamiya|Choral|Singing|民族与世界音乐|非洲与非裔音乐实践,https://en.wikipedia.org/wiki/Isicathamiya
音乐演奏/民族与世界音乐/非洲与非裔音乐实践/塞内加尔Sabar鼓乐,塞内加尔Sabar鼓乐,Senegalese Sabar Drumming,奏「塞内加尔Sabar鼓乐」的同好圈。,塞内加尔Sabar鼓乐|Sabar|Senegalese|Drumming|民族与世界音乐|非洲与非裔音乐实践,https://en.wikipedia.org/wiki/Sabar
音乐演奏/民族与世界音乐/非洲与非裔音乐实践/约鲁巴Talking Drum谈话鼓,约鲁巴Talking Drum谈话鼓,Yoruba Talking Drum Practice,奏「约鲁巴Talking Drum谈话鼓」的同好圈。,约鲁巴Talking Drum谈话鼓|Talking|Drum|Yoruba|Practice|民族与世界音乐|非洲与非裔音乐实践,https://en.wikipedia.org/wiki/Talking_drum
音乐演奏/民族与世界音乐/非洲与非裔音乐实践/西非Djembe金贝鼓演奏,西非Djembe金贝鼓演奏,West African Djembe Drumming,奏「西非Djembe金贝鼓演奏」的同好圈。,西非Djembe金贝鼓演奏|Djembe|West|African|Drumming|民族与世界音乐|非洲与非裔音乐实践,https://en.wikipedia.org/wiki/Djembe
音乐演奏/民族与世界音乐/非洲与非裔音乐实践/阿尔及利亚Raï莱音乐,阿尔及利亚Raï莱音乐,Raï Music of Algeria,奏「阿尔及利亚Raï莱音乐」的同好圈。,阿尔及利亚Raï莱音乐|Ra|Music|of|Algeria|民族与世界音乐|非洲与非裔音乐实践,https://ich.unesco.org/en/RL/rai-popular-folk-song-of-algeria-01894
音乐演奏/民族与世界音乐/非洲与非裔音乐实践/高纳音乐Highlife业余演奏,高纳音乐Highlife业余演奏,Highlife Amateur Performance,奏「高纳音乐Highlife业余演奏」的同好圈。,高纳音乐Highlife业余演奏|Highlife|Performance|民族与世界音乐|非洲与非裔音乐实践,https://en.wikipedia.org/wiki/Highlife
音乐演奏/民族与世界音乐/非洲乐器与乐种/乌拉圭康东贝鼓,康东贝鼓乐,Candombe Drumming,奏「康东贝鼓乐」（Candombe Drumming）。,康东贝鼓乐|Candombe|Drumming|民族与世界音乐|非洲乐器与乐种,https://en.wikipedia.org/wiki/Candombe
音乐演奏/水乐器/水琴Hydraulophone,水琴Hydraulophone,Hydraulophone,奏「水琴Hydraulophone」的同好圈。,水琴Hydraulophone|Hydraulophone|水乐器,https://en.wikipedia.org/wiki/Hydraulophone
音乐演奏/西洋乐器/北美改换敲钟公会NAGCR,北美改换敲钟公会NAGCR,North American Guild of Change Ringers,奏「北美改换敲钟公会NAGCR」的同好圈。,北美改换敲钟公会NAGCR|NAGCR|North|American|Guild|of|Change|Ringers,https://www.nagcr.org/
音乐演奏/西洋乐器/历史复活乐器/自然小号业余,自然小号业余,Natural Trumpet Amateur,奏「自然小号业余」的同好圈。,自然小号业余|Natural|Trumpet|西洋乐器|历史复活乐器,https://en.wikipedia.org/wiki/Natural_trumpet
音乐演奏/西洋乐器/反主流奏/预备钢琴业余,预备钢琴业余,Prepared-piano Amateur Circles,奏「预备钢琴业余」的同好圈。,预备钢琴业余|Prepared-piano|Circles|西洋乐器|反主流奏,https://en.wikipedia.org/wiki/Prepared_piano
音乐演奏/西洋乐器/律学传习/微分音键盘改装,微分音键盘改装,Microtonal Keyboard Retuning,奏「微分音键盘改装」的同好圈。,微分音键盘改装|Microtonal|Keyboard|Retuning|西洋乐器|律学传习,https://en.wikipedia.org/wiki/Microtonal_music
音乐演奏/西洋乐器/意大利手动钟楼鸣钟,意大利手动钟楼鸣钟,Italian Manual Bell Ringing,奏「意大利手动钟楼鸣钟」的同好圈。,意大利手动钟楼鸣钟|Italian|Manual|Bell|Ringing|西洋乐器,https://www.federazionenazionalesuonatoricampane.it/it/Lassociazione/Chi-siamo.html
音乐演奏/西洋乐器/手风琴与自由低音/班多钮手风琴探戈,班多钮手风琴探戈,Bandoneon Tango,奏「班多钮手风琴探戈」（Bandoneon Tango）。,班多钮手风琴探戈|Bandoneon|Tango|西洋乐器|手风琴与自由低音,https://en.wikipedia.org/wiki/Bandoneon
音乐演奏/西洋乐器/材料决定音色/玻璃竖琴杯沿,玻璃竖琴杯沿,Glass Harp Rim Playing,奏「玻璃竖琴杯沿」的同好圈。,玻璃竖琴杯沿|Glass|Harp|Rim|Playing|西洋乐器|材料决定音色,https://en.wikipedia.org/wiki/Glass_harp
音乐演奏/西洋乐器/材料决定音色/石磐Lithophone,石磐Lithophone,Lithophone Stone-key Instruments,奏「石磐Lithophone」的同好圈。,石磐Lithophone|Lithophone|Stone-key|Instruments|西洋乐器|材料决定音色,https://en.wikipedia.org/wiki/Lithophone
音乐演奏/西洋乐器/空洞乐器/低音维奥尔Viol,低音维奥尔Viol,Viola da Gamba Consorts,奏「低音维奥尔Viol」的同好圈。,低音维奥尔Viol|Viol|Viola|da|Gamba|Consorts|西洋乐器|空洞乐器,https://en.wikipedia.org/wiki/Viol
音乐演奏/西洋乐器/空洞乐器/古钢琴Horpsichord,古钢琴Horpsichord,Harpsichord Amateur Continuo,奏「古钢琴Horpsichord」的同好圈。,古钢琴Horpsichord|Horpsichord|Harpsichord|Continuo|西洋乐器|空洞乐器,https://en.wikipedia.org/wiki/Harpsichord
音乐演奏/西洋乐器/空洞乐器/竖笛Consor业余,竖笛Consor业余,Recorder Consort Amateur,奏「竖笛Consor业余」的同好圈。,竖笛Consor业余|Consor|Recorder|Consort|西洋乐器|空洞乐器,https://en.wikipedia.org/wiki/Recorder_(musical_instrument)
音乐演奏/西洋乐器/管乐细分/自然圆号业余,自然圆号业余,Natural Horn Amateur,奏「自然圆号业余」（Natural Horn Amateur）。,自然圆号业余|Natural|Horn|西洋乐器|管乐细分,https://en.wikipedia.org/wiki/Natural_horn
音乐演奏/西洋乐器/边缘声学乐器/特雷门琴演奏,特雷门琴演奏,Theremin Performance Circles,奏「特雷门琴演奏」的同好圈。,特雷门琴演奏|Theremin|Performance|Circles|西洋乐器|边缘声学乐器,https://en.wikipedia.org/wiki/Theremin
音乐演奏/西洋乐器/边缘声学乐器/玻璃琴演奏,玻璃琴演奏,Glass Harmonica Performance,奏「玻璃琴演奏」的同好圈。,玻璃琴演奏|Glass|Harmonica|Performance|西洋乐器|边缘声学乐器,https://en.wikipedia.org/wiki/Glass_harmonica
音乐演奏/西洋乐器/钟乐鼓号与手铃/美国手铃音乐家协会,美国手铃音乐家协会,Handbell Musicians of America,奏「美国手铃音乐家协会」的同好圈。,美国手铃音乐家协会|Handbell|Musicians|of|America|西洋乐器|钟乐鼓号与手铃,https://www.handbellmusicians.org/
音乐演奏/西洋乐器/钟乐鼓号与手铃/英格兰改换敲钟CCCBR,英格兰改换敲钟CCCBR,Central Council of Church Bell Ringers,奏「英格兰改换敲钟CCCBR」的同好圈。,英格兰改换敲钟CCCBR|CCCBR|Central|Council|of|Church|Bell|Ringers,https://cccbr.org.uk/
音乐演奏/西洋乐器/铸铃与形状音符/Sacred Harp形状音符,Sacred Harp形状音符,Sacred Harp Shape-note Singing,奏「Sacred Harp形状音符」的同好圈。,Sacred Harp形状音符|Sacred|Harp|Shape-note|Singing|西洋乐器|铸铃与形状音符,https://fasola.org/shmha/
音乐演奏/西洋乐器/鼓号乐队嘉年华巡游排练,鼓号乐队嘉年华巡游排练,Drum Corps Carnival Parade Rehearsal,奏「鼓号乐队嘉年华巡游排练」的同好圈。,鼓号乐队嘉年华巡游排练|Drum|Corps|Carnival|Parade|Rehearsal|西洋乐器,https://en.wikipedia.org/wiki/Drum_and_bugle_corps_(modern)
音乐演奏/非洲弦/塞佩雷瓦Seperewa,塞佩雷瓦Seperewa,Seperewa Harp-lute,奏「塞佩雷瓦Seperewa」的同好圈。,塞佩雷瓦Seperewa|Seperewa|Harp-lute|非洲弦,https://en.wikipedia.org/wiki/Seperewa
音乐演奏/非洲弦/恩戈尼Ngoni弹拨,恩戈尼Ngoni弹拨,Ngoni Playing,奏「恩戈尼Ngoni弹拨」（Ngoni Playing）。,恩戈尼Ngoni弹拨|Ngoni|Playing|非洲弦,https://en.wikipedia.org/wiki/Ngoni_(instrument)
